PL/M-80 COMPILER                                                                                                PAGE   1


ISIS-II PL/M-80 V4.0 COMPILATION OF MODULE ED
OBJECT MODULE PLACED IN :F2:ed.OBJ
COMPILER INVOKED BY:  :F1:plm80 :F2:ed.plm CODE PRINT(ED.LST) 



   1          ED:
              DO;
                  /* MODIFIED FOR .PRL OPERATION MAY, 1979 */
                  /* MODIFIED FOR OPERATION WITH CP/M 2.0 AUGUST 1979 */
   2   1      DECLARE
                  /* JMP EDCOMMAND - 3 (TO ADDRESS LXI SP) */
                  EDJMP BYTE DATA(0C3H),
                  EDADR ADDRESS DATA(.EDCOMMAND-3);
        
   3   1      DECLARE
                  BDISK     BYTE    EXTERNAL, /* BOOT DISK 0004H */
                  MAXB      ADDRESS EXTERNAL, /* MAX BASE 0006H */
                  FCB (33)  BYTE    EXTERNAL, /* FCB 005CH */
                  BUFF (128)BYTE    EXTERNAL, /* BUFFER 0080H */
                  SECTSHF   LITERALLY '7',    /* SHL(1,SECTSHF) = SECTSIZE */
                  SECTSIZE  LITERALLY '80H';  /* SECTOR SIZE */
        
   4   1      MON1: PROCEDURE(F,A) EXTERNAL;
   5   2          DECLARE F BYTE, A ADDRESS;
   6   2          END MON1;
        
   7   1      MON2: PROCEDURE(F,A) BYTE EXTERNAL;
   8   2          DECLARE F BYTE, A ADDRESS;
   9   2          END MON2;
        
  10   1      BOOT: PROCEDURE EXTERNAL;
                  /* SYSTEM REBOOT */
  11   2          END BOOT;
        
                /*  E D  :   T H E   C P / M   C O N T E X T    E D I T O R  */
               
                  /*      COPYRIGHT (C) 1976, 1977, 1978, 1979
                          DIGITAL RESEARCH
                          BOX 579 PACIFIC GROVE
                          CALIFORNIA 93950
                  */
  12   1      DECLARE COPYRIGHT(*) BYTE DATA
                 (' COPYRIGHT (C) 1979, DIGITAL RESEARCH ');
               
               /* COMMAND           FUNCTION
                  -------           --------
                   A            APPEND LINES OF TEXT TO BUFFER
                   B            MOVE TO BEGINNING OR END OF TEXT
                   C            SKIP CHARACTERS
                   D            DELETE CHARACTERS
                   E            END OF EDIT
                   F            FIND STRING IN CURRENT BUFFER
                   H            MOVE TO TOP OF FILE (HEAD)
                   I            INSERT   CHARACTERS FROM KEYBOARD
                                UP TO NEXT <ENDFILE>
                   J            JUXTAPOSITION OPERATION - SEARCH FOR FIRST STRING,
PL/M-80 COMPILER                                                                                                PAGE   2


                                INSERT SECOND STRING, DELETE UNTIL THIRD STRING
                   K            DELETE LINES
                   L            SKIP LINES
                   M            MACRO DEFINITION (SEE COMMENT BELOW)
                   N            FIND NEXT OCCURRENCE OF STRING
                                WITH AUTO SCAN THROUGH FILE
                   O            RE-EDIT OLD FILE
                   P            PAGE AND DISPLAY (MOVES UP OR DOWN 24 LINES AND
                                DISPLAYS 24 LINES)
                   Q            QUIT EDIT WITHOUT UPDATING THE FILE
                   R<FILENAME>  READ FROM FILE <FILENAME>.LIB UNTIL <ENDFILE> AND
                                INSERT INTO TEXT
                   S            SEARCH FOR FIRST STRING, REPLACE BY SECOND STRING
                   T            TYPE LINES
                   U            TRANSLATE TO UPPER CASE (-U CHANGES TO NO TRANSLATE)
                   W            WRITE LINES OF TEXT TO FILE
                   X            TRANSFER (XFER) LINES TO TEMP FILE
                   Z            SLEEP FOR 1/2 SECOND (USED IN MACROS TO STOP DISPLAY)
                   <CR>         MOVE UP OR DOWN AND PRINT ONE LINE
               
        
                  IN GENERAL, THE EDITOR ACCEPTS SINGLE LETTER COMMANDS WITH OPTIONAL
              INTEGER VALUES PRECEDING THE COMMAND.  THE EDITOR ACCEPTS BOTH UPPER AND LOWER
              CASE COMMANDS AND VALUES, AND PERFORMS TRANSLATION TO UPPER CASE UNDER THE FOL-
              LOWING CONDITIONS.  IF THE COMMAND IS TYPED IN UPPER CASE, THEN THE DATA WHICH
              FOLLOWS IS TRANSLATED TO UPPER CASE.  THUS, IF THE "I" COMMAND IS TYPED IN
              UPPER CASE, THEN ALL INPUT IS AUTOMATICALLY TRANSLATED (ALTHOUGH ECHOED IN
              LOWER CASE, AS TYPED).  IF THE "A" COMMAND IS TYPED IN UPPER CASE, THEN ALL
              INPUT IS TRANSLATED AS READ FROM THE DISK.  GLOBAL TRANSLATION TO UPPER CASE
              CAN BE CONTROLLED BY THE "U" COMMAND (-U TO NEGATE ITS EFFECT).  IF YOU ARE
              OPERATING WITH AN UPPER CASE ONLY TERMINAL, THEN OPERATION IS AUTOMATIC.
              SIMILARLY, IF YOU ARE OPERATING WITH A LOWER CASE TERMINAL, AND TRANSLATION
              TO UPPER CASE IS NOT SPECIFIED, THEN LOWER CASE CHARACTERS CAN BE ENTERED.
        
                   A NUMBER OF COMMANDS CAN BE PRECEDED BY A POSITIVE OR
                   NEGATIVE INTEGER BETWEEN 0 AND 65535 (1 IS DEFAULT IF NO VALUE
                   IS SPECIFIED).  THIS VALUE DETERMINES THE NUMBER OF TIMES THE
                   COMMAND IS APPLIED BEFORE RETURNING FOR ANOTHER COMMAND.
                       THE COMMANDS
                                     C D K L T P U  <CR>
                   CAN BE PRECEDED BY AN UNSIGNED, POSITIVE, OR NEGATIVE NUMBER,
                   THE COMMANDS
                                     A F J N W Z
                   CAN BE PRECEDED BY AN UNSIGNED OR POSITIVE NUMBER,
                   THE COMMANDS
                                     E H O Q
                   CANNOT BE PRECEDED BY A NUMBER.  THE COMMANDS
                                     F I J M R S
                   ARE ALL FOLLOWED BY ONE OR MORE STRINGS OF CHARACTERS WHICH CAN
                   BE OPTIONALLY SEPARATED OR TERMINATED BY EITHER <ENDFILE> OR <CR>.
                   THE <ENDFILE> IS GENERALLY USED TO SEPARATE THE SEARCH STRINGS
                   IN THE S AND J COMMANDS, AND IS USED AT THE END OF THE COMMANDS IF
                   ADDITIONAL COMMANDS FOLLOW.  FOR EXAMPLE, THE FOLLOWING COMMAND
                   SEQUENCE SEARCHES FOR  THE STRING 'GAMMA', SUBSTITUTES THE STRING
                   'DELTA', AND THEN TYPES THE FIRST PART OF THE LINE WHERE THE
                   CHANGE OCCURRED, FOLLOWED BY THE REMAINDER OF THE LINE WHICH WAS
                   CHANGED:
PL/M-80 COMPILER                                                                                                PAGE   3


                               SGAMMA<ENDFILE>DELTA<ENDFILE>0TT<CR>
               
                   THE CONTROL-L CHARACTER IN SEARCH AND SUBSTITUTE STRINGS IS
                   REPLACED ON INPUT BY <CR><LF> CHARACTERS.  THE CONTROL-I KEY
                   IS TAKEN AS A TAB CHARACTER.
               
                      THE COMMAND R MUST BE FOLLOWED BY A FILE NAME (WITH ASSUMED FILE
                   TYPE OF 'LIB') WITH A TRAILING <CR> OR <ENDFILE>.  THE COMMAND
                   I IS FOLLOWED BY A STRING OF SYMBOLS TO INSERT, TERMINATED BY
                   A <CR> OR <ENDFILE>.  IF SEVERAL LINES OF TEXT ARE TO BE INSERTED,
                   THE I CAN BE DIRECTLY FOLLOWED BY AN <ENDFILE> OR <CR> IN WHICH
                   CASE THE EDITOR ACCEPTS LINES OF INPUT TO THE NEXT <ENDFILE>.
                   THE COMMAND 0T PRINTS THE FIRST PART OF THE CURRENT LINE,
                   AND THE COMMAND 0L MOVES THE REFERENCE TO THE BEGINNING OF THE
                   CURRENT LINE.  THE COMMAND 0P PRINTS THE CURRENT PAGE ONLY, WHILE
                   THE COMMAND 0Z READS THE CONSOLE RATHER THAN WAITING (THIS IS USED
                   AGAIN WITHIN MACROS TO STOP THE DISPLAY - THE MACRO EXPANSION
                   STOPS UNTIL A CHARACTER IS READ.  IF THE CHARACTER IS NOT A BREAK
                   THEN THE MACRO EXPANSION CONTINUES NORMALLY).
               
                      NOTE THAT A POUND SIGN IS TAKEN AS THE NUMBER 65535, ALL
                   UNSIGNED NUMBERS ARE ASSUMED POSITIVE, AND A SINGLE - IS ASSUMED -1
               
                   A NUMBER OF COMMANDS CAN BE GROUPED TOGETHER AND EXECUTED
                   REPETITIVELY USING THE MACRO COMMAND WHICH TAKES THE FORM
               
                           <NUMBER>MC1C2...CN<DELIMITER>
               
                   WHERE <NUMBER> IS A NON-NEGATIVE INTEGER N, AND <DELIMITER> IS
                   <ENDFILE> OR <CR>.  THE COMMANDS C1 ... CN  FOLLOWING THE M ARE
                   EXECUTED N TIMES, STARTING AT THE CURRENT POSITION IN THE BUFFER.
                   IF N IS 0, 1, OR OMITTED, THE COMMANDS ARE EXECUTED UNTIL THE END
                   IF THE BUFFER IS ENCOUNTERED.
               
                   THE FOLLOWING MACRO, FOR EXAMPLE, CHANGES ALL OCCURRENCES OF
                   THE NAME 'GAMMA' TO 'DELTA', AND PRINTS THE LINES WHICH
                   WERE CHANGED:
               
                               MFGAMMA<ENDFILE>-5DIDELTA<ENDFILE>0LT<CR>
               
                  (NOTE: AN <ENDFILE> IS THE CP/M END OF FILE MARK - CONTROL-Z)
               
                  IF ANY KEY IS DEPRESSED DURING TYPING OR MACRO EXPANSION, THE
                  FUNCTION IS CONSIDERED TERMINATED, AND CONTROL RETURNS TO THE
                  OPERATOR.
               
                  ERROR CONDITIONS ARE INDICATED BY PRINTING ONE OF THE CHARACTERS:
               
                   SYMBOL                    ERROR CONDITION
                   ------      ----------------------------------------------------
                   GREATER     FREE MEMORY IS EXHAUSTED - ANY COMMAND CAN BE ISSUED
                               WHICH DOES NOT INCREASE MEMORY REQUIREMENTS.
                   QUESTION    UNRECOGNIZED COMMAND OR ILLEGAL NUMERIC FIELD
                   POUND       CANNOT APPLY THE COMMAND THE NUMBER OF TIMES SPECFIED
                               (OCCURS IF SEARCH STRING CANNOT BE FOUND)
                   LETTER O    CANNOT OPEN <FILENAME>.LIB IN R COMMAND
               
PL/M-80 COMPILER                                                                                                PAGE   4


                   THE ERROR CHARACTER IS ALSO ACCOMPANIED BY THE LAST CHARACTER
                   SCANNED WHEN THE ERROR OCCURRED.                      */
               
  13   1      DECLARE LIT LITERALLY 'LITERALLY',
                  DCL LIT 'DECLARE',
                  PROC LIT 'PROCEDURE',
                  ADDR LIT 'ADDRESS',
                  CTLL LIT '0CH',
                  CTLR LIT '12H',  /* REPEAT LINE IN INSERT MODE */
                  CTLU LIT '15H',  /* LINE DELETE IN INSERT MODE */
                  CTLX LIT '18H',  /* EQUIVALENT TO CTLU */
                  CTLH LIT '08H',  /* BACKSPACE */
                  TAB LIT '09H',         /* TAB CHARACTER */
                  LCA  LIT '110$0001B',  /* LOWER CASE A */
                  LCZ  LIT '111$1010B',  /* LOWER CASE Z */
                  ENDFILE LIT '1AH';    /* CP/M END OF FILE */
               
  14   1      DECLARE
                  MAX ADDRESS,                   /* .MEMORY(MAX)=0 (END) */
                  MAXM ADDRESS,                  /* MINUS 1 */
                  HMAX ADDRESS;                  /* = MAX/2 */
               
  15   1      DECLARE
                  RO LITERALLY '9',  /* R/O FILE INDICATOR */
                  SY LITERALLY '10', /* SYSTEM FILE ATTRIBUTE */
                  EX LITERALLY '12', /* EXTENT NUMBER POSITION */
                  UB LITERALLY '13', /* UNFILLED BYTES */
                  MD LITERALLY '14', /* MODULE NUMBER POSITION */
                  NR LITERALLY '32', /* NEXT RECORD FIELD */
                  FS LITERALLY '33', /* FCB SIZE */
                  RFCB (FS) BYTE /* READER FILE CONTROL BLOCK */
                      INITIAL(0, /* FILE NAME */ '        ',
                                 /* FILE TYPE */ 'LIB',0,0,0),
                  RBP BYTE,      /* READ BUFFER POINTER */
                  XFCB (FS) BYTE /* XFER FILE CONTROL BLOCK */
                      INITIAL(0, 'X$$$$$$$','LIB',0,0,0),
                  XFCBE BYTE AT(.XFCB(EX)),  /* XFCB EXTENT */
                  XFCBM BYTE AT(.XFCB(MD)),  /* MODULE NUMBER */
                  XFCBR BYTE AT(.XFCB(NR)),  /* XFCB RECORD # */
                  XBUFF (SECTSIZE) BYTE, /* XFER BUFFER */
                  XBP BYTE,              /* XFER POINTER */
                  XFERON BYTE,           /* TRUE IF XFER ACTIVE */
        
                  NBUF BYTE,                 /* NUMBER OF BUFFERS */
                  BUFFLENGTH ADDRESS,        /* NBUF * SECTSIZE */
                  SFCB (FS) BYTE AT(.FCB),   /* SOURCE FCB = DEFAULT FCB */
                  SBUFFADR ADDRESS,          /* SOURCE BUFFER ADDRESS */
                  SBUFF BASED SBUFFADR (128) BYTE, /* SOURCE BUFFER */
        
                  DFCB (FS) BYTE,          /* DEST FILE CONTROL BLOCK */
                  DFUB BYTE AT(.DFCB(UB)),  /* UNFILLED BYTES IN LAST RECORD */
                  DBUFFADR ADDRESS,        /* DESTINATION BUFFER ADDRESS */
                  DBUFF BASED DBUFFADR (128) BYTE, /* DEST BUFFER */
                  NSOURCE ADDRESS,         /* NEXT SOURCE CHARACTER */
                  NDEST   ADDRESS;         /* NEXT DESTINATION CHAR */
               
  16   1      DECLARE SDISK BYTE,     /* SOURCE FILE DISK */
PL/M-80 COMPILER                                                                                                PAGE   5


                  DDISK BYTE;         /* DESTINATION FILE DISK */
        
               /* IO SECTION */
               
  17   1      READCHAR: PROCEDURE BYTE; RETURN MON2(1,0);
                                                 ; STATEMENT # 17
                         ; PROC  ?READCHAR
                                                 ; STATEMENT # 18
           09D5  110000          LXI     D,0H
           09D8  0E01            MVI     C,1H
           09DA  CD0000          CALL    ?MON2
           09DD  C9              RET
  19   2          END READCHAR;
                                                 ; STATEMENT # 19
               
  20   1      DECLARE TRUE LITERALLY '1', FALSE LITERALLY '0',
                  FOREVER LITERALLY 'WHILE TRUE',
                  CR LITERALLY '13',
                  LF LITERALLY '10',
                  WHAT LITERALLY '63';
               
  21   1      DECLARE
                 PRINTSUPPRESS BYTE; /* TRUE IF PRINT SUPPRESSED */
        
  22   1      PRINTCHAR: PROCEDURE(CHAR);
                                                 ; STATEMENT # 22
                         ; PROC  ?PRINTCHAR
           09DE  21FA00          LXI     H,?CHAR
           09E1  71              MOV     M,C
  23   2          DECLARE CHAR BYTE;
  24   2          IF PRINTSUPPRESS THEN RETURN;
                                                 ; STATEMENT # 24
           09E2  3AF900          LDA     ?PRINTSUPPRESS
           09E5  1F              RAR
           09E6  D2EA09          JNC     @1
                                                 ; STATEMENT # 25
           09E9  C9              RET
                         @1:
  26   2          CALL MON1(2,CHAR);
                                                 ; STATEMENT # 26
           09EA  2AFA00          LHLD    ?CHAR
           09ED  2600            MVI     H,0
           09EF  EB              XCHG
           09F0  0E02            MVI     C,2H
           09F2  CD0000          CALL    ?MON1
  27   2          END PRINTCHAR;
                                                 ; STATEMENT # 27
           09F5  C9              RET
               
  28   1      DECLARE
                  COLUMN  BYTE, /* CONSOLE COLUMN POSITION */
                  SCOLUMN BYTE, /* STARTING COLUMN IN "I" MODE */
                  TCOLUMN BYTE, /* TEMP DURING BACKSPACE */
                  QCOLUMN BYTE; /* TEMP DURING BACKSPACE */
        
  29   1      TTYCHAR: PROCEDURE(CHAR);
                                                 ; STATEMENT # 29
PL/M-80 COMPILER                                                                                                PAGE   6


                         ; PROC  ?TTYCHAR
           09F6  21FF00          LXI     H,?CHAR
           09F9  71              MOV     M,C
  30   2          DECLARE CHAR BYTE;
  31   2          IF CHAR >= ' ' THEN COLUMN = COLUMN + 1;
                                                 ; STATEMENT # 31
           09FA  3AFF00          LDA     ?CHAR
           09FD  FE20            CPI     20H
           09FF  DA060A          JC      @2
                                                 ; STATEMENT # 32
           0A02  21FB00          LXI     H,?COLUMN
           0A05  34              INR     M
                         @2:
  33   2          IF CHAR = LF THEN COLUMN = 0;
                                                 ; STATEMENT # 33
           0A06  3AFF00          LDA     ?CHAR
           0A09  FE0A            CPI     0AH
           0A0B  C2130A          JNZ     @3
                                                 ; STATEMENT # 34
           0A0E  21FB00          LXI     H,?COLUMN
           0A11  3600            MVI     M,0H
                         @3:
  35   2          CALL PRINTCHAR(CHAR);
                                                 ; STATEMENT # 35
           0A13  2AFF00          LHLD    ?CHAR
           0A16  4D              MOV     C,L
           0A17  CDDE09          CALL    ?PRINTCHAR
  36   2          END TTYCHAR;
                                                 ; STATEMENT # 36
           0A1A  C9              RET
               
  37   1      BACKSPACE: PROCEDURE;
                                                 ; STATEMENT # 37
                         ; PROC  ?BACKSPACE
                  /* MOVE BACK ONE POSITION */
  38   2          IF COLUMN = 0 THEN RETURN;
                                                 ; STATEMENT # 38
           0A1B  3AFB00          LDA     ?COLUMN
           0A1E  FE00            CPI     0H
           0A20  C2240A          JNZ     @4
                                                 ; STATEMENT # 39
           0A23  C9              RET
                         @4:
  40   2          CALL TTYCHAR(CTLH); /* COLUMN = COLUMN - 1 */
                                                 ; STATEMENT # 40
           0A24  0E08            MVI     C,8H
           0A26  CDF609          CALL    ?TTYCHAR
  41   2          CALL TTYCHAR(' ' ); /* COLUMN = COLUMN + 1 */
                                                 ; STATEMENT # 41
           0A29  0E20            MVI     C,20H
           0A2B  CDF609          CALL    ?TTYCHAR
  42   2          CALL TTYCHAR(CTLH); /* COLUMN = COLUMN - 1 */
                                                 ; STATEMENT # 42
           0A2E  0E08            MVI     C,8H
           0A30  CDF609          CALL    ?TTYCHAR
  43   2          COLUMN = COLUMN - 2;
                                                 ; STATEMENT # 43
PL/M-80 COMPILER                                                                                                PAGE   7


           0A33  21FB00          LXI     H,?COLUMN
           0A36  35              DCR     M
           0A37  35              DCR     M
  44   2          END BACKSPACE;
                                                 ; STATEMENT # 44
           0A38  C9              RET
        
  45   1      PRINTABS: PROCEDURE(CHAR);
                                                 ; STATEMENT # 45
                         ; PROC  ?PRINTABS
           0A39  210001          LXI     H,?CHAR
           0A3C  71              MOV     M,C
  46   2          DECLARE (CHAR,I,J) BYTE;
  47   2          I = CHAR = TAB AND 7 - (COLUMN AND 7);
                                                 ; STATEMENT # 47
           0A3D  3A0001          LDA     ?CHAR
           0A40  D609            SUI     9H
           0A42  D601            SUI     1
           0A44  9F              SBB     A
           0A45  F5              PUSH    PSW     ; 1
           0A46  3AFB00          LDA     ?COLUMN
           0A49  E607            ANI     7H
           0A4B  4F              MOV     C,A
           0A4C  3E07            MVI     A,7H
           0A4E  91              SUB     C
           0A4F  C1              POP     B       ; 1
           0A50  48              MOV     C,B
           0A51  A1              ANA     C
           0A52  320101          STA     ?I
  48   2          IF CHAR = TAB THEN CHAR = ' ';
                                                 ; STATEMENT # 48
           0A55  79              MOV     A,C
           0A56  1F              RAR
           0A57  D25F0A          JNC     @5
                                                 ; STATEMENT # 49
           0A5A  210001          LXI     H,?CHAR
           0A5D  3620            MVI     M,20H
                         @5:
  50   2              DO J = 0 TO I;
                                                 ; STATEMENT # 50
           0A5F  210201          LXI     H,?J
           0A62  3600            MVI     M,0H
                         @224:
           0A64  3A0101          LDA     ?I
           0A67  210201          LXI     H,?J
           0A6A  BE              CMP     M
           0A6B  DA7C0A          JC      @225
  51   3              CALL TTYCHAR(CHAR);
                                                 ; STATEMENT # 51
           0A6E  2A0001          LHLD    ?CHAR
           0A71  4D              MOV     C,L
           0A72  CDF609          CALL    ?TTYCHAR
  52   3              END;
                                                 ; STATEMENT # 52
                         @226:
           0A75  210201          LXI     H,?J
           0A78  34              INR     M
PL/M-80 COMPILER                                                                                                PAGE   8


           0A79  C2640A          JNZ     @224
                         @225:
  53   2          END PRINTABS;
                                                 ; STATEMENT # 53
           0A7C  C9              RET
               
  54   1      GRAPHIC: PROCEDURE(C) BYTE;
                                                 ; STATEMENT # 54
                         ; PROC  ?GRAPHIC
           0A7D  210301          LXI     H,?C
           0A80  71              MOV     M,C
  55   2          DECLARE C BYTE;
                  /* RETURN TRUE IF GRAPHIC CHARACTER */
  56   2          IF C >= ' ' THEN RETURN TRUE;
                                                 ; STATEMENT # 56
           0A81  3A0301          LDA     ?C
           0A84  FE20            CPI     20H
           0A86  DA8C0A          JC      @6
                                                 ; STATEMENT # 57
           0A89  3E01            MVI     A,1H
           0A8B  C9              RET
                         @6:
  58   2          RETURN C = CR OR C = LF OR C = TAB;
                                                 ; STATEMENT # 58
           0A8C  3A0301          LDA     ?C
           0A8F  D60D            SUI     0DH
           0A91  D601            SUI     1
           0A93  9F              SBB     A
           0A94  F5              PUSH    PSW     ; 1
           0A95  3A0301          LDA     ?C
           0A98  D60A            SUI     0AH
           0A9A  D601            SUI     1
           0A9C  9F              SBB     A
           0A9D  C1              POP     B       ; 1
           0A9E  48              MOV     C,B
           0A9F  B1              ORA     C
           0AA0  F5              PUSH    PSW     ; 1
           0AA1  3A0301          LDA     ?C
           0AA4  D609            SUI     9H
           0AA6  D601            SUI     1
           0AA8  9F              SBB     A
           0AA9  C1              POP     B       ; 1
           0AAA  48              MOV     C,B
           0AAB  B1              ORA     C
           0AAC  C9              RET
  59   2          END GRAPHIC;
                                                 ; STATEMENT # 59
        
  60   1      PRINTC: PROCEDURE(C);
                                                 ; STATEMENT # 60
                         ; PROC  ?PRINTC
           0AAD  210401          LXI     H,?C
           0AB0  71              MOV     M,C
  61   2          DECLARE C BYTE;
  62   2          IF NOT GRAPHIC(C) THEN
                                                 ; STATEMENT # 62
           0AB1  2A0401          LHLD    ?C
PL/M-80 COMPILER                                                                                                PAGE   9


           0AB4  4D              MOV     C,L
           0AB5  CD7D0A          CALL    ?GRAPHIC
           0AB8  1F              RAR
           0AB9  DAC90A          JC      @7
  63   2              DO; CALL PRINTABS('^');
                                                 ; STATEMENT # 64
           0ABC  0E5E            MVI     C,5EH
           0ABE  CD390A          CALL    ?PRINTABS
  65   3              C = C + '@';
                                                 ; STATEMENT # 65
           0AC1  3A0401          LDA     ?C
           0AC4  C640            ADI     40H
           0AC6  320401          STA     ?C
  66   3              END;
                                                 ; STATEMENT # 66
                         @7:
  67   2          CALL PRINTABS(C);
                                                 ; STATEMENT # 67
           0AC9  2A0401          LHLD    ?C
           0ACC  4D              MOV     C,L
           0ACD  CD390A          CALL    ?PRINTABS
  68   2          END PRINTC;
                                                 ; STATEMENT # 68
           0AD0  C9              RET
        
  69   1      CRLF: PROCEDURE;
                                                 ; STATEMENT # 69
                         ; PROC  ?CRLF
  70   2          CALL PRINTC(CR); CALL PRINTC(LF);
                                                 ; STATEMENT # 70
           0AD1  0E0D            MVI     C,0DH
           0AD3  CDAD0A          CALL    ?PRINTC
                                                 ; STATEMENT # 71
           0AD6  0E0A            MVI     C,0AH
           0AD8  CDAD0A          CALL    ?PRINTC
  72   2          END CRLF;
                                                 ; STATEMENT # 72
           0ADB  C9              RET
        
  73   1      PRINTM: PROCEDURE(A);
                                                 ; STATEMENT # 73
                         ; PROC  ?PRINTM
           0ADC  210601          LXI     H,?A+1H
           0ADF  70              MOV     M,B
           0AE0  2B              DCX     H
           0AE1  71              MOV     M,C
  74   2          DECLARE A ADDRESS;
  75   2          CALL MON1(9,A);
                                                 ; STATEMENT # 75
           0AE2  2A0501          LHLD    ?A
           0AE5  EB              XCHG
           0AE6  0E09            MVI     C,9H
           0AE8  CD0000          CALL    ?MON1
  76   2          END PRINTM;
                                                 ; STATEMENT # 76
           0AEB  C9              RET
        
PL/M-80 COMPILER                                                                                                PAGE  10


  77   1      PRINT: PROCEDURE(A);
                                                 ; STATEMENT # 77
                         ; PROC  ?PRINT
           0AEC  210801          LXI     H,?A+1H
           0AEF  70              MOV     M,B
           0AF0  2B              DCX     H
           0AF1  71              MOV     M,C
  78   2          DECLARE A ADDRESS;
  79   2          CALL CRLF;
                                                 ; STATEMENT # 79
           0AF2  CDD10A          CALL    ?CRLF
  80   2          CALL PRINTM(A);
                                                 ; STATEMENT # 80
           0AF5  2A0701          LHLD    ?A
           0AF8  44              MOV     B,H
           0AF9  4D              MOV     C,L
           0AFA  CDDC0A          CALL    ?PRINTM
  81   2          END PRINT;
                                                 ; STATEMENT # 81
           0AFD  C9              RET
        
  82   1      READ: PROCEDURE(A);
                                                 ; STATEMENT # 82
                         ; PROC  ?READ
           0AFE  210A01          LXI     H,?A+1H
           0B01  70              MOV     M,B
           0B02  2B              DCX     H
           0B03  71              MOV     M,C
  83   2          DECLARE A ADDRESS;
  84   2          CALL MON1(10,A);
                                                 ; STATEMENT # 84
           0B04  2A0901          LHLD    ?A
           0B07  EB              XCHG
           0B08  0E0A            MVI     C,0AH
           0B0A  CD0000          CALL    ?MON1
  85   2          END READ;
                                                 ; STATEMENT # 85
           0B0D  C9              RET
               
  86   1      DECLARE DCNT BYTE;
               
               
  87   1      OPEN: PROCEDURE(FCB);
                                                 ; STATEMENT # 87
                         ; PROC  ?OPEN
           0B0E  210D01          LXI     H,?FCB+1H
           0B11  70              MOV     M,B
           0B12  2B              DCX     H
           0B13  71              MOV     M,C
  88   2           DECLARE FCB ADDRESS;
  89   2           DCNT = MON2(15,FCB);
                                                 ; STATEMENT # 89
           0B14  2A0C01          LHLD    ?FCB
           0B17  EB              XCHG
           0B18  0E0F            MVI     C,0FH
           0B1A  CD0000          CALL    ?MON2
           0B1D  320B01          STA     ?DCNT
PL/M-80 COMPILER                                                                                                PAGE  11


  90   2           END OPEN;
                                                 ; STATEMENT # 90
           0B20  C9              RET
               
  91   1      CLOSE: PROCEDURE(FCB);
                                                 ; STATEMENT # 91
                         ; PROC  ?CLOSE
           0B21  210F01          LXI     H,?FCB+1H
           0B24  70              MOV     M,B
           0B25  2B              DCX     H
           0B26  71              MOV     M,C
  92   2          DECLARE FCB ADDRESS;
  93   2          DCNT = MON2(16,FCB);
                                                 ; STATEMENT # 93
           0B27  2A0E01          LHLD    ?FCB
           0B2A  EB              XCHG
           0B2B  0E10            MVI     C,10H
           0B2D  CD0000          CALL    ?MON2
           0B30  320B01          STA     ?DCNT
  94   2          END CLOSE;
                                                 ; STATEMENT # 94
           0B33  C9              RET
               
  95   1      SEARCH: PROCEDURE(FCB);
                                                 ; STATEMENT # 95
                         ; PROC  ?SEARCH
           0B34  211101          LXI     H,?FCB+1H
           0B37  70              MOV     M,B
           0B38  2B              DCX     H
           0B39  71              MOV     M,C
  96   2          DECLARE FCB ADDRESS;
  97   2          DCNT = MON2(17,FCB);
                                                 ; STATEMENT # 97
           0B3A  2A1001          LHLD    ?FCB
           0B3D  EB              XCHG
           0B3E  0E11            MVI     C,11H
           0B40  CD0000          CALL    ?MON2
           0B43  320B01          STA     ?DCNT
  98   2          END SEARCH;
                                                 ; STATEMENT # 98
           0B46  C9              RET
               
  99   1      DELETE: PROCEDURE(FCB);
                                                 ; STATEMENT # 99
                         ; PROC  ?DELETE
           0B47  211301          LXI     H,?FCB+1H
           0B4A  70              MOV     M,B
           0B4B  2B              DCX     H
           0B4C  71              MOV     M,C
 100   2          DECLARE FCB ADDRESS;
 101   2          CALL MON1(19,FCB);
                                                 ; STATEMENT # 101
           0B4D  2A1201          LHLD    ?FCB
           0B50  EB              XCHG
           0B51  0E13            MVI     C,13H
           0B53  CD0000          CALL    ?MON1
 102   2          END DELETE;
PL/M-80 COMPILER                                                                                                PAGE  12


                                                 ; STATEMENT # 102
           0B56  C9              RET
               
 103   1      DISKREAD: PROCEDURE(FCB) BYTE;
                                                 ; STATEMENT # 103
                         ; PROC  ?DISKREAD
           0B57  211501          LXI     H,?FCB+1H
           0B5A  70              MOV     M,B
           0B5B  2B              DCX     H
           0B5C  71              MOV     M,C
 104   2          DECLARE FCB ADDRESS;
 105   2          RETURN MON2(20,FCB);
                                                 ; STATEMENT # 105
           0B5D  2A1401          LHLD    ?FCB
           0B60  EB              XCHG
           0B61  0E14            MVI     C,14H
           0B63  CD0000          CALL    ?MON2
           0B66  C9              RET
 106   2          END DISKREAD;
                                                 ; STATEMENT # 106
               
 107   1      DISKWRITE: PROCEDURE(FCB) BYTE;
                                                 ; STATEMENT # 107
                         ; PROC  ?DISKWRITE
           0B67  211701          LXI     H,?FCB+1H
           0B6A  70              MOV     M,B
           0B6B  2B              DCX     H
           0B6C  71              MOV     M,C
 108   2          DECLARE FCB ADDRESS;
 109   2          RETURN MON2(21,FCB);
                                                 ; STATEMENT # 109
           0B6D  2A1601          LHLD    ?FCB
           0B70  EB              XCHG
           0B71  0E15            MVI     C,15H
           0B73  CD0000          CALL    ?MON2
           0B76  C9              RET
 110   2          END DISKWRITE;
                                                 ; STATEMENT # 110
               
 111   1      MAKE: PROCEDURE(FCB);
                                                 ; STATEMENT # 111
                         ; PROC  ?MAKE
           0B77  211901          LXI     H,?FCB+1H
           0B7A  70              MOV     M,B
           0B7B  2B              DCX     H
           0B7C  71              MOV     M,C
 112   2          DECLARE FCB ADDRESS;
 113   2          DCNT = MON2(22,FCB);
                                                 ; STATEMENT # 113
           0B7D  2A1801          LHLD    ?FCB
           0B80  EB              XCHG
           0B81  0E16            MVI     C,16H
           0B83  CD0000          CALL    ?MON2
           0B86  320B01          STA     ?DCNT
 114   2          END MAKE;
                                                 ; STATEMENT # 114
           0B89  C9              RET
PL/M-80 COMPILER                                                                                                PAGE  13


               
 115   1      RENAME: PROCEDURE(FCB);
                                                 ; STATEMENT # 115
                         ; PROC  ?RENAME
           0B8A  211B01          LXI     H,?FCB+1H
           0B8D  70              MOV     M,B
           0B8E  2B              DCX     H
           0B8F  71              MOV     M,C
 116   2          DECLARE FCB ADDRESS;
 117   2          CALL MON1(23,FCB);
                                                 ; STATEMENT # 117
           0B90  2A1A01          LHLD    ?FCB
           0B93  EB              XCHG
           0B94  0E17            MVI     C,17H
           0B96  CD0000          CALL    ?MON1
 118   2          END RENAME;
                                                 ; STATEMENT # 118
           0B99  C9              RET
               
 119   1      DECLARE (MAXLEN,COMLEN) BYTE, COMBUFF(128) BYTE,
                  (TCBP,CBP) BYTE;
               
 120   1      READCOM: PROCEDURE;
                                                 ; STATEMENT # 120
                         ; PROC  ?READCOM
 121   2          MAXLEN = 128; CALL READ(.MAXLEN);
                                                 ; STATEMENT # 121
           0B9A  211C01          LXI     H,?MAXLEN
           0B9D  3680            MVI     M,80H
                                                 ; STATEMENT # 122
           0B9F  011C01          LXI     B,?MAXLEN
           0BA2  CDFE0A          CALL    ?READ
 123   2          END READCOM;
                                                 ; STATEMENT # 123
           0BA5  C9              RET
               
 124   1      BREAK$KEY: PROCEDURE BYTE;
                                                 ; STATEMENT # 124
                         ; PROC  ?BREAKKEY
 125   2          IF MON2(11,0) THEN
                                                 ; STATEMENT # 125
           0BA6  110000          LXI     D,0H
           0BA9  0E0B            MVI     C,0BH
           0BAB  CD0000          CALL    ?MON2
           0BAE  1F              RAR
           0BAF  D2BD0B          JNC     @8
 126   2              DO; /* CLEAR CHAR */
 127   3              CALL MON1(1,0); RETURN TRUE;
                                                 ; STATEMENT # 127
           0BB2  110000          LXI     D,0H
           0BB5  0E01            MVI     C,1H
           0BB7  CD0000          CALL    ?MON1
                                                 ; STATEMENT # 128
           0BBA  3E01            MVI     A,1H
           0BBC  C9              RET
 129   3              END;
                                                 ; STATEMENT # 129
PL/M-80 COMPILER                                                                                                PAGE  14


                         @8:
 130   2          RETURN FALSE;
                                                 ; STATEMENT # 130
           0BBD  3E00            MVI     A,0H
           0BBF  C9              RET
 131   2          END BREAK$KEY;
                                                 ; STATEMENT # 131
               
 132   1      CSELECT: PROCEDURE BYTE;
                                                 ; STATEMENT # 132
                         ; PROC  ?CSELECT
                  /* RETURN CURRENT DRIVE NUMBER */
 133   2          RETURN MON2(25,0);
                                                 ; STATEMENT # 133
           0BC0  110000          LXI     D,0H
           0BC3  0E19            MVI     C,19H
           0BC5  CD0000          CALL    ?MON2
           0BC8  C9              RET
 134   2          END CSELECT;
                                                 ; STATEMENT # 134
               
 135   1      SELECT: PROCEDURE(DISK);
                                                 ; STATEMENT # 135
                         ; PROC  ?SELECT
           0BC9  21A001          LXI     H,?DISK
           0BCC  71              MOV     M,C
 136   2          DECLARE DISK BYTE;
                  /* SET DRIVE NUMBER */
 137   2          CALL MON1(14,DISK);
                                                 ; STATEMENT # 137
           0BCD  2AA001          LHLD    ?DISK
           0BD0  2600            MVI     H,0
           0BD2  EB              XCHG
           0BD3  0E0E            MVI     C,0EH
           0BD5  CD0000          CALL    ?MON1
 138   2          END SELECT;
                                                 ; STATEMENT # 138
           0BD8  C9              RET
               
 139   1      SETDMA: PROCEDURE(A);
                                                 ; STATEMENT # 139
                         ; PROC  ?SETDMA
           0BD9  21A201          LXI     H,?A+1H
           0BDC  70              MOV     M,B
           0BDD  2B              DCX     H
           0BDE  71              MOV     M,C
 140   2          DECLARE A ADDRESS;
                  /* SET DMA ADDRESS */
 141   2          CALL MON1(26,A);
                                                 ; STATEMENT # 141
           0BDF  2AA101          LHLD    ?A
           0BE2  EB              XCHG
           0BE3  0E1A            MVI     C,1AH
           0BE5  CD0000          CALL    ?MON1
 142   2          END SETDMA;
                                                 ; STATEMENT # 142
           0BE8  C9              RET
PL/M-80 COMPILER                                                                                                PAGE  15


               
 143   1      REBOOT: PROCEDURE;
                                                 ; STATEMENT # 143
                         ; PROC  ?REBOOT
 144   2          IF XFERON THEN CALL DELETE(.XFCB);
                                                 ; STATEMENT # 144
           0BE9  3ACA00          LDA     ?XFERON
           0BEC  1F              RAR
           0BED  D2F60B          JNC     @9
                                                 ; STATEMENT # 145
           0BF0  012800          LXI     B,?XFCB
           0BF3  CD470B          CALL    ?DELETE
                         @9:
 146   2          CALL BOOT;
                                                 ; STATEMENT # 146
           0BF6  CD0000          CALL    ?BOOT
 147   2          END REBOOT;
                                                 ; STATEMENT # 147
           0BF9  C9              RET
        
 148   1      DECLARE /* LINE COUNTERS */
                  BASELINE ADDRESS,       /* CURRENT LINE */
                  RELLINE  ADDRESS,       /* RELATIVE LINE IN TYPEOUT */
                  LINESET BYTE;           /* TRUE IF LINE #'S PRINTED */
        
                /*  INPUT / OUTPUT BUFFERING ROUTINES */
               
              /* THE PL/M BUILT-IN PROCEDURE "MOVE" IS USED TO MOVE STORAGE,
                 ITS DEFINITION IS:
                  MOVE: PROCEDURE(COUNT,SOURCE,DEST);
                      DECLARE (COUNT,SOURCE,DEST) ADDRESS;
                      / MOVE DATA FROM SOURCE TO DEST ADDRESSES, FOR COUNT BYTES /
                      END MOVE;
                */
               
 149   1      ABORT: PROCEDURE(A);
                                                 ; STATEMENT # 149
                         ; PROC  ?ABORT
           0BFA  21A901          LXI     H,?A+1H
           0BFD  70              MOV     M,B
           0BFE  2B              DCX     H
           0BFF  71              MOV     M,C
 150   2          DECLARE A ADDRESS;
 151   2          CALL PRINT(A);
                                                 ; STATEMENT # 151
           0C00  2AA801          LHLD    ?A
           0C03  44              MOV     B,H
           0C04  4D              MOV     C,L
           0C05  CDEC0A          CALL    ?PRINT
 152   2          CALL CRLF;
                                                 ; STATEMENT # 152
           0C08  CDD10A          CALL    ?CRLF
 153   2          CALL REBOOT;
                                                 ; STATEMENT # 153
           0C0B  CDE90B          CALL    ?REBOOT
 154   2          END ABORT;
                                                 ; STATEMENT # 154
PL/M-80 COMPILER                                                                                                PAGE  16


           0C0E  C9              RET
        
 155   1      FERR: PROCEDURE;
                                                 ; STATEMENT # 155
                         ; PROC  ?FERR
 156   2          CALL CLOSE(.DFCB); /* ATTEMPT TO CLOSE FILE FOR LATER RECOVERY */
                                                 ; STATEMENT # 156
           0C0F  01D000          LXI     B,?DFCB
           0C12  CD210B          CALL    ?CLOSE
 157   2          CALL ABORT (.('DISK OR DIRECTORY FULL$'));
                                                 ; STATEMENT # 157
           0C15  012900          LXI     B,$-0BECH
           0C18  CDFA0B          CALL    ?ABORT
 158   2          END FERR;
                                                 ; STATEMENT # 158
           0C1B  C9              RET
               
 159   1      SETTYPE: PROCEDURE(A);
                                                 ; STATEMENT # 159
                         ; PROC  ?SETTYPE
           0C1C  21AB01          LXI     H,?A+1H
           0C1F  70              MOV     M,B
           0C20  2B              DCX     H
           0C21  71              MOV     M,C
 160   2          DECLARE A ADDRESS;
 161   2          CALL MOVE(3,A,.DFCB+9);
                                                 ; STATEMENT # 161
           0C22  2E03            MVI     L,3H
           0C24  E5              PUSH    H       ; 1
           0C25  2AAA01          LHLD    ?A
           0C28  44              MOV     B,H
           0C29  4D              MOV     C,L
           0C2A  11D900          LXI     D,?DFCB+9H
           0C2D  E1              POP     H       ; 1
           0C2E  2C              INR     L
           0C2F  C3360C          JMP     $+7H
           0C32  0A              LDAX    B
           0C33  12              STAX    D
           0C34  03              INX     B
           0C35  13              INX     D
           0C36  2D              DCR     L
           0C37  C2320C          JNZ     $-5H
 162   2          END SETTYPE;
                                                 ; STATEMENT # 162
           0C3A  C9              RET
               
 163   1      SETUP: PROCEDURE;
                                                 ; STATEMENT # 163
                         ; PROC  ?SETUP
 164   2          NSOURCE = BUFFLENGTH; NDEST = 0;
                                                 ; STATEMENT # 164
           0C3B  2ACC00          LHLD    ?BUFFLENGTH
           0C3E  22F300          SHLD    ?NSOURCE
                                                 ; STATEMENT # 165
           0C41  210000          LXI     H,0H
           0C44  22F500          SHLD    ?NDEST
 166   2          SFCB(EX), SFCB(MD), SFCB(NR) = 0;
PL/M-80 COMPILER                                                                                                PAGE  17


                                                 ; STATEMENT # 166
                  /* REEL AND RECORD ZEROED */
                  /* COPY NAME TO DESTINATION FCB */
           0C47  7D              MOV     A,L
           0C48  320C00          STA     ?SFCB+0CH
           0C4B  320E00          STA     ?SFCB+0EH
           0C4E  322000          STA     ?SFCB+20H
 167   2          CALL MOVE(33,.FCB,.DFCB);
                                                 ; STATEMENT # 167
           0C51  2E21            MVI     L,21H
           0C53  11D000          LXI     D,?DFCB
           0C56  010000          LXI     B,?FCB
           0C59  2C              INR     L
           0C5A  C3610C          JMP     $+7H
           0C5D  0A              LDAX    B
           0C5E  12              STAX    D
           0C5F  03              INX     B
           0C60  13              INX     D
           0C61  2D              DCR     L
           0C62  C25D0C          JNZ     $-5H
                  /* SOURCE AND DESTINATION DISKS SET */
        
                  /* IF SOURCE AND DESTINATION DISKS DIFFER, CHECK FOR
                  AN EXISTING SOURCE FILE ON THE DESTINATION DISK - THERE
                  COULD BE A FATAL ERROR CONDITION WHICH COULD DESTROY A
                  FILE IF THE USER HAPPENED TO BE ADDRESSING THE WRONG
                  DISK */
 168   2          IF SDISK <> DDISK THEN
                                                 ; STATEMENT # 168
           0C65  21F800          LXI     H,?DDISK
           0C68  3AF700          LDA     ?SDISK
           0C6B  BE              CMP     M
           0C6C  CA8A0C          JZ      @10
 169   2              DO; CALL SELECT(DDISK);
                                                 ; STATEMENT # 170
           0C6F  2AF800          LHLD    ?DDISK
           0C72  4D              MOV     C,L
           0C73  CDC90B          CALL    ?SELECT
 171   3              CALL SEARCH(.FCB);
                                                 ; STATEMENT # 171
           0C76  010000          LXI     B,?FCB
           0C79  CD340B          CALL    ?SEARCH
 172   3              IF DCNT <> 255 THEN /* SOURCE FILE PRESENT ON DEST DISK */
                                                 ; STATEMENT # 172
           0C7C  3A0B01          LDA     ?DCNT
           0C7F  FEFF            CPI     0FFH
           0C81  CA8A0C          JZ      @11
 173   3                  CALL ABORT(.('FILE EXISTS, ERASE IT$'));
                                                 ; STATEMENT # 173
           0C84  014000          LXI     B,$-0C44H
           0C87  CDFA0B          CALL    ?ABORT
                         @11:
 174   3              END;
                                                 ; STATEMENT # 174
                         @10:
 175   2          CALL SELECT(SDISK);
                                                 ; STATEMENT # 175
PL/M-80 COMPILER                                                                                                PAGE  18


           0C8A  2AF700          LHLD    ?SDISK
           0C8D  4D              MOV     C,L
           0C8E  CDC90B          CALL    ?SELECT
 176   2          CALL OPEN(.FCB);
                                                 ; STATEMENT # 176
           0C91  010000          LXI     B,?FCB
           0C94  CD0E0B          CALL    ?OPEN
 177   2          IF DCNT = 255 THEN
                                                 ; STATEMENT # 177
           0C97  3A0B01          LDA     ?DCNT
           0C9A  FEFF            CPI     0FFH
           0C9C  C2BC0C          JNZ     @12
 178   2              DO; CALL MAKE(.FCB);
                                                 ; STATEMENT # 179
           0C9F  010000          LXI     B,?FCB
           0CA2  CD770B          CALL    ?MAKE
 180   3              IF DCNT = 255 THEN CALL FERR;
                                                 ; STATEMENT # 180
           0CA5  3A0B01          LDA     ?DCNT
           0CA8  FEFF            CPI     0FFH
           0CAA  C2B00C          JNZ     @13
                                                 ; STATEMENT # 181
           0CAD  CD0F0C          CALL    ?FERR
                         @13:
 182   3              CALL PRINT(.('NEW FILE$'));
                                                 ; STATEMENT # 182
           0CB0  015600          LXI     B,$-0C5AH
           0CB3  CDEC0A          CALL    ?PRINT
 183   3              CALL CRLF;
                                                 ; STATEMENT # 183
           0CB6  CDD10A          CALL    ?CRLF
 184   3              END; ELSE
                                                 ; STATEMENT # 184
           0CB9  C3DE0C          JMP     @14
                         @12:
 185   2          IF ROL(FCB(RO),1) THEN
                                                 ; STATEMENT # 185
           0CBC  3A0900          LDA     ?FCB+9H
           0CBF  07              RLC
           0CC0  1F              RAR
           0CC1  D2D00C          JNC     @15
 186   2              DO;
 187   3              CALL PRINT(.('** FILE IS READ/ONLY **$'));
                                                 ; STATEMENT # 187
           0CC4  015F00          LXI     B,$-0C65H
           0CC7  CDEC0A          CALL    ?PRINT
 188   3              CALL CRLF;
                                                 ; STATEMENT # 188
           0CCA  CDD10A          CALL    ?CRLF
 189   3              END; ELSE
                                                 ; STATEMENT # 189
           0CCD  C3DE0C          JMP     @16
                         @15:
 190   2          IF ROL(FCB(SY),1) THEN
                                                 ; STATEMENT # 190
           0CD0  3A0A00          LDA     ?FCB+0AH
           0CD3  07              RLC
PL/M-80 COMPILER                                                                                                PAGE  19


           0CD4  1F              RAR
           0CD5  D2DE0C          JNC     @17
 191   2              CALL ABORT(.('"SYSTEM" FILE NOT ACCESSIBLE$'));
                                                 ; STATEMENT # 191
           0CD8  017700          LXI     B,$-0C61H
           0CDB  CDFA0B          CALL    ?ABORT
                         @17:
                         @16:
                         @14:
 192   2          CALL SETTYPE(.('BAK'));
                                                 ; STATEMENT # 192
           0CDE  019400          LXI     B,$-0C4AH
           0CE1  CD1C0C          CALL    ?SETTYPE
 193   2          CALL DELETE(.DFCB);
                                                 ; STATEMENT # 193
           0CE4  01D000          LXI     B,?DFCB
           0CE7  CD470B          CALL    ?DELETE
 194   2          IF SDISK <> DDISK THEN
                                                 ; STATEMENT # 194
           0CEA  21F800          LXI     H,?DDISK
           0CED  3AF700          LDA     ?SDISK
           0CF0  BE              CMP     M
           0CF1  CA010D          JZ      @18
 195   2              DO; /* REMOVE BAK FILES FROM DESTINATION DISK */
 196   3              CALL SELECT(DDISK);
                                                 ; STATEMENT # 196
           0CF4  2AF800          LHLD    ?DDISK
           0CF7  4D              MOV     C,L
           0CF8  CDC90B          CALL    ?SELECT
 197   3              CALL DELETE(.DFCB);
                                                 ; STATEMENT # 197
           0CFB  01D000          LXI     B,?DFCB
           0CFE  CD470B          CALL    ?DELETE
 198   3              END;
                                                 ; STATEMENT # 198
                         @18:
 199   2          CALL SETTYPE(.('$$$'));
                                                 ; STATEMENT # 199
           0D01  019700          LXI     B,$-0C6AH
           0D04  CD1C0C          CALL    ?SETTYPE
 200   2          CALL DELETE(.DFCB);
                                                 ; STATEMENT # 200
           0D07  01D000          LXI     B,?DFCB
           0D0A  CD470B          CALL    ?DELETE
 201   2          CALL MAKE(.DFCB);
                                                 ; STATEMENT # 201
           0D0D  01D000          LXI     B,?DFCB
           0D10  CD770B          CALL    ?MAKE
 202   2          DFCB(32) = 0;  /* NEXT RECORD IS ZERO */
                                                 ; STATEMENT # 202
           0D13  21F000          LXI     H,?DFCB+20H
           0D16  3600            MVI     M,0H
 203   2          IF DCNT = 255 THEN CALL FERR;
                                                 ; STATEMENT # 203
           0D18  3A0B01          LDA     ?DCNT
           0D1B  FEFF            CPI     0FFH
           0D1D  C2230D          JNZ     @19
PL/M-80 COMPILER                                                                                                PAGE  20


                                                 ; STATEMENT # 204
           0D20  CD0F0C          CALL    ?FERR
                         @19:
                  /* THE TEMP FILE IS NOW CREATED */
 205   2          BASELINE = 1; /* START WITH LINE 1 */
                                                 ; STATEMENT # 205
           0D23  210100          LXI     H,1H
           0D26  22A301          SHLD    ?BASELINE
 206   2          END SETUP;
                                                 ; STATEMENT # 206
           0D29  C9              RET
               
 207   1      XCLEAR: PROCEDURE;
                                                 ; STATEMENT # 207
                         ; PROC  ?XCLEAR
                  /* CLEAR THE XFER FILE PARAMETERS */
 208   2          XFERON, XFCBE, XFCBR, XBP = 0;
                                                 ; STATEMENT # 208
           0D2A  21CA00          LXI     H,?XFERON
           0D2D  3600            MVI     M,0H
           0D2F  213400          LXI     H,?XFCBE
           0D32  3600            MVI     M,0H
           0D34  214800          LXI     H,?XFCBR
           0D37  3600            MVI     M,0H
           0D39  21C900          LXI     H,?XBP
           0D3C  3600            MVI     M,0H
 209   2          END XCLEAR;
                                                 ; STATEMENT # 209
           0D3E  C9              RET
        
 210   1      SETXDMA: PROCEDURE;
                                                 ; STATEMENT # 210
                         ; PROC  ?SETXDMA
 211   2          CALL SELECT(SDISK);
                                                 ; STATEMENT # 211
           0D3F  2AF700          LHLD    ?SDISK
           0D42  4D              MOV     C,L
           0D43  CDC90B          CALL    ?SELECT
 212   2          CALL SETDMA(.XBUFF);
                                                 ; STATEMENT # 212
           0D46  014900          LXI     B,?XBUFF
           0D49  CDD90B          CALL    ?SETDMA
 213   2          END SETXDMA;
                                                 ; STATEMENT # 213
           0D4C  C9              RET
        
 214   1      FILLSOURCE: PROCEDURE;
                                                 ; STATEMENT # 214
                         ; PROC  ?FILLSOURCE
 215   2          DECLARE I BYTE;
 216   2          ZN: PROCEDURE;
                                                 ; STATEMENT # 216
                         ; PROC  ?ZN
 217   3              NSOURCE = 0;
                                                 ; STATEMENT # 217
           0DB5  210000          LXI     H,0H
           0DB8  22F300          SHLD    ?NSOURCE
PL/M-80 COMPILER                                                                                                PAGE  21


 218   3              END ZN;
                                                 ; STATEMENT # 218
           0DBB  C9              RET
               
 219   2           CALL ZN;
                                                 ; STATEMENT # 219
           0D4D  CDB50D          CALL    ?ZN
 220   2          CALL SELECT(SDISK);
                                                 ; STATEMENT # 220
           0D50  2AF700          LHLD    ?SDISK
           0D53  4D              MOV     C,L
           0D54  CDC90B          CALL    ?SELECT
 221   2              DO I = 0 TO NBUF;
                                                 ; STATEMENT # 221
           0D57  21AC01          LXI     H,?I
           0D5A  3600            MVI     M,0H
                         @227:
           0D5C  3ACB00          LDA     ?NBUF
           0D5F  21AC01          LXI     H,?I
           0D62  BE              CMP     M
           0D63  DAB10D          JC      @228
 222   3              CALL SETDMA(SBUFFADR+NSOURCE);
                                                 ; STATEMENT # 222
           0D66  2AF300          LHLD    ?NSOURCE
           0D69  EB              XCHG
           0D6A  2ACE00          LHLD    ?SBUFFADR
           0D6D  19              DAD     D
           0D6E  44              MOV     B,H
           0D6F  4D              MOV     C,L
           0D70  CDD90B          CALL    ?SETDMA
 223   3              IF (DCNT := DISKREAD(.FCB)) <> 0 THEN
                                                 ; STATEMENT # 223
           0D73  010000          LXI     B,?FCB
           0D76  CD570B          CALL    ?DISKREAD
           0D79  320B01          STA     ?DCNT
           0D7C  FE00            CPI     0H
           0D7E  CAA00D          JZ      @20
 224   3                  DO; IF DCNT > 1 THEN CALL FERR;
                                                 ; STATEMENT # 225
           0D81  3E01            MVI     A,1H
           0D83  210B01          LXI     H,?DCNT
           0D86  BE              CMP     M
           0D87  D28D0D          JNC     @21
                                                 ; STATEMENT # 226
           0D8A  CD0F0C          CALL    ?FERR
                         @21:
 227   4                  SBUFF(NSOURCE) = ENDFILE;
                                                 ; STATEMENT # 227
           0D8D  2AF300          LHLD    ?NSOURCE
           0D90  EB              XCHG
           0D91  2ACE00          LHLD    ?SBUFFADR
           0D94  19              DAD     D
           0D95  361A            MVI     M,1AH
 228   4                  I = NBUF;
                                                 ; STATEMENT # 228
           0D97  3ACB00          LDA     ?NBUF
           0D9A  32AC01          STA     ?I
PL/M-80 COMPILER                                                                                                PAGE  22


 229   4                  END;
                                                 ; STATEMENT # 229
           0D9D  C3AA0D          JMP     @22
                         @20:
                      ELSE
 230   3                  NSOURCE = NSOURCE + SECTSIZE;
                                                 ; STATEMENT # 230
           0DA0  118000          LXI     D,80H
           0DA3  2AF300          LHLD    ?NSOURCE
           0DA6  19              DAD     D
           0DA7  22F300          SHLD    ?NSOURCE
                         @22:
 231   3              END;
                                                 ; STATEMENT # 231
                         @229:
           0DAA  21AC01          LXI     H,?I
           0DAD  34              INR     M
           0DAE  C25C0D          JNZ     @227
                         @228:
 232   2          CALL ZN;
                                                 ; STATEMENT # 232
           0DB1  CDB50D          CALL    ?ZN
 233   2          END FILLSOURCE;
                                                 ; STATEMENT # 233
           0DB4  C9              RET
               
 234   1      GETSOURCE: PROCEDURE BYTE;
                                                 ; STATEMENT # 234
                         ; PROC  ?GETSOURCE
 235   2          DECLARE B BYTE;
 236   2          IF NSOURCE >= BUFFLENGTH THEN CALL FILLSOURCE;
                                                 ; STATEMENT # 236
           0DBC  01CC00          LXI     B,?BUFFLENGTH
           0DBF  11F300          LXI     D,?NSOURCE
           0DC2  CD0000          CALL    @P0098 
           0DC5  DACB0D          JC      @23
                                                 ; STATEMENT # 237
           0DC8  CD4D0D          CALL    ?FILLSOURCE
                         @23:
 238   2          IF (B := SBUFF(NSOURCE)) <> ENDFILE THEN
                                                 ; STATEMENT # 238
           0DCB  2AF300          LHLD    ?NSOURCE
           0DCE  EB              XCHG
           0DCF  2ACE00          LHLD    ?SBUFFADR
           0DD2  19              DAD     D
           0DD3  7E              MOV     A,M
           0DD4  32AD01          STA     ?B
           0DD7  FE1A            CPI     1AH
           0DD9  CAE30D          JZ      @24
 239   2              NSOURCE = NSOURCE + 1;
                                                 ; STATEMENT # 239
           0DDC  2AF300          LHLD    ?NSOURCE
           0DDF  23              INX     H
           0DE0  22F300          SHLD    ?NSOURCE
                         @24:
 240   2          RETURN B;
                                                 ; STATEMENT # 240
PL/M-80 COMPILER                                                                                                PAGE  23


           0DE3  3AAD01          LDA     ?B
           0DE6  C9              RET
 241   2          END GETSOURCE;
                                                 ; STATEMENT # 241
               
 242   1      WRITEDEST: PROCEDURE;
                                                 ; STATEMENT # 242
                         ; PROC  ?WRITEDEST
                  /* WRITE OUTPUT BUFFER UP TO (NOT INCLUDING) NDEST.
                  LOW 7 BITS OF NDEST ARE ZERO */
 243   2          DECLARE (I,N) BYTE;
 244   2          ZN: PROCEDURE;
                                                 ; STATEMENT # 244
                         ; PROC  ?ZN
 245   3              NDEST = 0;
                                                 ; STATEMENT # 245
           0E45  210000          LXI     H,0H
           0E48  22F500          SHLD    ?NDEST
 246   3              END ZN;
                                                 ; STATEMENT # 246
           0E4B  C9              RET
               
 247   2          CALL SELECT(DDISK);
                                                 ; STATEMENT # 247
           0DE7  2AF800          LHLD    ?DDISK
           0DEA  4D              MOV     C,L
           0DEB  CDC90B          CALL    ?SELECT
 248   2          IF LOW((N := SHR(NDEST,SECTSHF) - 1)) = 255 THEN RETURN;
                                                 ; STATEMENT # 248
           0DEE  0E07            MVI     C,7H
           0DF0  21F500          LXI     H,?NDEST
           0DF3  CD0000          CALL    @P0091 
           0DF6  2B              DCX     H
           0DF7  EB              XCHG
           0DF8  21AF01          LXI     H,?N
           0DFB  73              MOV     M,E
           0DFC  7B              MOV     A,E
           0DFD  FEFF            CPI     0FFH
           0DFF  C2030E          JNZ     @25
                                                 ; STATEMENT # 249
           0E02  C9              RET
                         @25:
 250   2          CALL ZN;
                                                 ; STATEMENT # 250
           0E03  CD450E          CALL    ?ZN
 251   2              DO I = 0 TO N;
                                                 ; STATEMENT # 251
           0E06  21AE01          LXI     H,?I
           0E09  3600            MVI     M,0H
                         @230:
           0E0B  3AAF01          LDA     ?N
           0E0E  21AE01          LXI     H,?I
           0E11  BE              CMP     M
           0E12  DA410E          JC      @231
 252   3              CALL SETDMA(DBUFFADR+NDEST);
                                                 ; STATEMENT # 252
           0E15  2AF500          LHLD    ?NDEST
PL/M-80 COMPILER                                                                                                PAGE  24


           0E18  EB              XCHG
           0E19  2AF100          LHLD    ?DBUFFADR
           0E1C  19              DAD     D
           0E1D  44              MOV     B,H
           0E1E  4D              MOV     C,L
           0E1F  CDD90B          CALL    ?SETDMA
 253   3              IF DISKWRITE(.DFCB) <> 0 THEN CALL FERR;
                                                 ; STATEMENT # 253
           0E22  01D000          LXI     B,?DFCB
           0E25  CD670B          CALL    ?DISKWRITE
           0E28  FE00            CPI     0H
           0E2A  CA300E          JZ      @26
                                                 ; STATEMENT # 254
           0E2D  CD0F0C          CALL    ?FERR
                         @26:
 255   3              NDEST = NDEST + SECTSIZE;
                                                 ; STATEMENT # 255
           0E30  118000          LXI     D,80H
           0E33  2AF500          LHLD    ?NDEST
           0E36  19              DAD     D
           0E37  22F500          SHLD    ?NDEST
 256   3              END;
                                                 ; STATEMENT # 256
                         @232:
           0E3A  21AE01          LXI     H,?I
           0E3D  34              INR     M
           0E3E  C20B0E          JNZ     @230
                         @231:
 257   2          CALL ZN;
                                                 ; STATEMENT # 257
           0E41  CD450E          CALL    ?ZN
 258   2          END WRITEDEST;
                                                 ; STATEMENT # 258
           0E44  C9              RET
               
 259   1      PUTDEST: PROCEDURE(B);
                                                 ; STATEMENT # 259
                         ; PROC  ?PUTDEST
           0E4C  21B001          LXI     H,?B
           0E4F  71              MOV     M,C
 260   2          DECLARE B BYTE;
 261   2          IF NDEST >= BUFFLENGTH THEN CALL WRITEDEST;
                                                 ; STATEMENT # 261
           0E50  01CC00          LXI     B,?BUFFLENGTH
           0E53  11F500          LXI     D,?NDEST
           0E56  CD0000          CALL    @P0098 
           0E59  DA5F0E          JC      @27
                                                 ; STATEMENT # 262
           0E5C  CDE70D          CALL    ?WRITEDEST
                         @27:
 263   2          DBUFF(NDEST) = B;
                                                 ; STATEMENT # 263
           0E5F  2AF500          LHLD    ?NDEST
           0E62  EB              XCHG
           0E63  2AF100          LHLD    ?DBUFFADR
           0E66  19              DAD     D
           0E67  3AB001          LDA     ?B
PL/M-80 COMPILER                                                                                                PAGE  25


           0E6A  77              MOV     M,A
 264   2          NDEST = NDEST + 1;
                                                 ; STATEMENT # 264
           0E6B  2AF500          LHLD    ?NDEST
           0E6E  23              INX     H
           0E6F  22F500          SHLD    ?NDEST
 265   2          END PUTDEST;
                                                 ; STATEMENT # 265
           0E72  C9              RET
               
 266   1      PUTXFER: PROCEDURE(C);
                                                 ; STATEMENT # 266
                         ; PROC  ?PUTXFER
           0E73  21B101          LXI     H,?C
           0E76  71              MOV     M,C
 267   2          DECLARE C BYTE;
                  /* WRITE C TO XFER FILE */
 268   2          IF XBP >= SECTSIZE THEN /* BUFFER OVERFLOW */
                                                 ; STATEMENT # 268
           0E77  3AC900          LDA     ?XBP
           0E7A  FE80            CPI     80H
           0E7C  DA950E          JC      @28
 269   2              DO; CALL SETXDMA;
                                                 ; STATEMENT # 270
           0E7F  CD3F0D          CALL    ?SETXDMA
 271   3              IF DISKWRITE(.XFCB) <> 0 THEN CALL FERR;
                                                 ; STATEMENT # 271
           0E82  012800          LXI     B,?XFCB
           0E85  CD670B          CALL    ?DISKWRITE
           0E88  FE00            CPI     0H
           0E8A  CA900E          JZ      @29
                                                 ; STATEMENT # 272
           0E8D  CD0F0C          CALL    ?FERR
                         @29:
 273   3              XBP = 0;
                                                 ; STATEMENT # 273
           0E90  21C900          LXI     H,?XBP
           0E93  3600            MVI     M,0H
 274   3              END;
                                                 ; STATEMENT # 274
                         @28:
 275   2          XBUFF(XBP) = C; XBP = XBP + 1;
                                                 ; STATEMENT # 275
           0E95  2AC900          LHLD    ?XBP
           0E98  2600            MVI     H,0
           0E9A  014900          LXI     B,?XBUFF
           0E9D  09              DAD     B
           0E9E  3AB101          LDA     ?C
           0EA1  77              MOV     M,A
                                                 ; STATEMENT # 276
           0EA2  21C900          LXI     H,?XBP
           0EA5  34              INR     M
 277   2          END PUTXFER;
                                                 ; STATEMENT # 277
           0EA6  C9              RET
        
 278   1      FINIS: PROCEDURE;
PL/M-80 COMPILER                                                                                                PAGE  26


                                                 ; STATEMENT # 278
                         ; PROC  ?FINIS
 279   2          MOVEUP: PROCEDURE;
                                                 ; STATEMENT # 279
                         ; PROC  ?MOVEUP
 280   3          CALL MOVE(16,.DFCB,.DFCB+16);
                                                 ; STATEMENT # 280
           0F18  2E10            MVI     L,10H
           0F1A  11E000          LXI     D,?DFCB+10H
           0F1D  01D000          LXI     B,?DFCB
           0F20  2C              INR     L
           0F21  C3280F          JMP     $+7H
           0F24  0A              LDAX    B
           0F25  12              STAX    D
           0F26  03              INX     B
           0F27  13              INX     D
           0F28  2D              DCR     L
           0F29  C2240F          JNZ     $-5H
 281   3          END MOVEUP;
                                                 ; STATEMENT # 281
           0F2C  C9              RET
               
                  /* CLEAR OUTPUT */
 282   2          DFUB = 0 ; /* SET UNFILLED BYTES - USED FOR ISIS-II COMPATIBILITY */
                                                 ; STATEMENT # 282
           0EA7  21DD00          LXI     H,?DFUB
           0EAA  3600            MVI     M,0H
 283   2              DO WHILE (LOW(NDEST) AND 7FH) <> 0;
                                                 ; STATEMENT # 283
                         @233:
           0EAC  2AF500          LHLD    ?NDEST
           0EAF  7D              MOV     A,L
           0EB0  E67F            ANI     7FH
           0EB2  FE00            CPI     0H
           0EB4  CAC30E          JZ      @234
 284   3              DFUB = DFUB + 1; /* COUNTS UNFILLED BYTES IN LAST RECORD */
                                                 ; STATEMENT # 284
           0EB7  21DD00          LXI     H,?DFUB
           0EBA  34              INR     M
 285   3              CALL PUTDEST(ENDFILE);
                                                 ; STATEMENT # 285
           0EBB  0E1A            MVI     C,1AH
           0EBD  CD4C0E          CALL    ?PUTDEST
 286   3              END;
                                                 ; STATEMENT # 286
           0EC0  C3AC0E          JMP     @233
                         @234:
 287   2          CALL WRITEDEST;
                                                 ; STATEMENT # 287
               
           0EC3  CDE70D          CALL    ?WRITEDEST
 288   2          CALL CLOSE(.DFCB);
                                                 ; STATEMENT # 288
           0EC6  01D000          LXI     B,?DFCB
           0EC9  CD210B          CALL    ?CLOSE
 289   2          IF DCNT = 255 THEN CALL FERR;
                                                 ; STATEMENT # 289
PL/M-80 COMPILER                                                                                                PAGE  27


           0ECC  3A0B01          LDA     ?DCNT
           0ECF  FEFF            CPI     0FFH
           0ED1  C2D70E          JNZ     @30
                                                 ; STATEMENT # 290
           0ED4  CD0F0C          CALL    ?FERR
                         @30:
                  /* RENAME OLD FILE TO BAK */
 291   2          CALL SETTYPE(.('BAK')); CALL MOVEUP;
                                                 ; STATEMENT # 291
           0ED7  019A00          LXI     B,$-0E3DH
           0EDA  CD1C0C          CALL    ?SETTYPE
                                                 ; STATEMENT # 292
           0EDD  CD180F          CALL    ?MOVEUP
 293   2          CALL SELECT(SDISK);
                                                 ; STATEMENT # 293
           0EE0  2AF700          LHLD    ?SDISK
           0EE3  4D              MOV     C,L
           0EE4  CDC90B          CALL    ?SELECT
 294   2          CALL MOVE(16,.FCB,.DFCB);
                                                 ; STATEMENT # 294
           0EE7  2E10            MVI     L,10H
           0EE9  11D000          LXI     D,?DFCB
           0EEC  010000          LXI     B,?FCB
           0EEF  2C              INR     L
           0EF0  C3F70E          JMP     $+7H
           0EF3  0A              LDAX    B
           0EF4  12              STAX    D
           0EF5  03              INX     B
           0EF6  13              INX     D
           0EF7  2D              DCR     L
           0EF8  C2F30E          JNZ     $-5H
 295   2          CALL RENAME(.DFCB);
                                                 ; STATEMENT # 295
           0EFB  01D000          LXI     B,?DFCB
           0EFE  CD8A0B          CALL    ?RENAME
 296   2          CALL MOVEUP;
                                                 ; STATEMENT # 296
                  /* RENAME $$$ TO OLD NAME */
           0F01  CD180F          CALL    ?MOVEUP
 297   2          CALL SETTYPE(.('$$$'));
                                                 ; STATEMENT # 297
           0F04  019D00          LXI     B,$-0E67H
           0F07  CD1C0C          CALL    ?SETTYPE
 298   2          CALL SELECT(DDISK);
                                                 ; STATEMENT # 298
           0F0A  2AF800          LHLD    ?DDISK
           0F0D  4D              MOV     C,L
           0F0E  CDC90B          CALL    ?SELECT
 299   2          CALL RENAME(.DFCB);
                                                 ; STATEMENT # 299
           0F11  01D000          LXI     B,?DFCB
           0F14  CD8A0B          CALL    ?RENAME
 300   2          END FINIS;
                                                 ; STATEMENT # 300
           0F17  C9              RET
               
               
PL/M-80 COMPILER                                                                                                PAGE  28


 301   1      DECLARE
                  LPP LIT '23',          /* LINES PER PAGE */
                  FORWARD LIT '1',
                  BACKWARD LIT '0',
                  RUBOUT LIT '07FH',
                  POUND LIT '23H',
                  MACSIZE LIT '128',       /* MAX MACRO SIZE */
                  SCRSIZE LIT '100',       /* SCRATCH BUFFER SIZE */
                  COMSIZE LIT 'ADDRESS';  /* DETERMINES MAX COMMAND NUMBER*/
               
 302   1      DCL MACRO(MACSIZE) BYTE,
                  SCRATCH(SCRSIZE) BYTE,     /* SCRATCH BUFFER FOR F,N,S */
                  (WBP, WBE, WBJ)  BYTE,     /* END OF F STRING, S STRING, J STRING */
                  (FLAG, MP, MI, XP) BYTE,
                  MT COMSIZE;
               
 303   1      DCL (START, RESTART, OVERCOUNT, OVERFLOW, RESET, BADCOM) LABEL;
               
 304   1      DCL INSERTING BYTE,    /* TRUE IF INSERTING CHARACTERS */
                  READBUFF  BYTE;    /* TRUE IF END OF READ BUFFER */
               
 305   1      DECLARE
                  EOS LITERALLY '0FFH';
               
               
        
 306   1      PRINTNMAC: PROCEDURE(CHAR);
                                                 ; STATEMENT # 306
                         ; PROC  ?PRINTNMAC
           0F2D  21A102          LXI     H,?CHAR
           0F30  71              MOV     M,C
 307   2          DECLARE CHAR BYTE;
                  /* PRINT IF NOT IN MACRO EXPANSION */
 308   2          IF MP <> 0 THEN RETURN;
                                                 ; STATEMENT # 308
           0F31  3A9A02          LDA     ?MP
           0F34  FE00            CPI     0H
           0F36  CA3A0F          JZ      @31
                                                 ; STATEMENT # 309
           0F39  C9              RET
                         @31:
 310   2          CALL PRINTC(CHAR);
                                                 ; STATEMENT # 310
           0F3A  2AA102          LHLD    ?CHAR
           0F3D  4D              MOV     C,L
           0F3E  CDAD0A          CALL    ?PRINTC
 311   2          END PRINTNMAC;
                                                 ; STATEMENT # 311
           0F41  C9              RET
               
               
               
               
 312   1      DECLARE TRANSLATE BYTE, /* TRUE IF TRANSLATION TO UPPER CASE */
                  UPPER BYTE;        /* TRUE IF GLOBALLY TRANLATING TO UC */
               
 313   1      LOWERCASE: PROCEDURE(C) BYTE;
PL/M-80 COMPILER                                                                                                PAGE  29


                                                 ; STATEMENT # 313
                         ; PROC  ?LOWERCASE
           0F42  21A402          LXI     H,?C
           0F45  71              MOV     M,C
 314   2          DECLARE C BYTE;
                  /* RETURN TRUE IF LOWER CASE ALPHABETIC */
 315   2          RETURN C >= LCA AND C <= LCZ;
                                                 ; STATEMENT # 315
           0F46  3AA402          LDA     ?C
           0F49  D661            SUI     61H
           0F4B  9F              SBB     A
           0F4C  2F              CMA
           0F4D  F5              PUSH    PSW     ; 1
           0F4E  3E7A            MVI     A,7AH
           0F50  21A402          LXI     H,?C
           0F53  96              SUB     M
           0F54  9F              SBB     A
           0F55  2F              CMA
           0F56  C1              POP     B       ; 1
           0F57  48              MOV     C,B
           0F58  A1              ANA     C
           0F59  C9              RET
 316   2          END LOWERCASE;
                                                 ; STATEMENT # 316
               
 317   1      UCASE: PROCEDURE(C) BYTE;
                                                 ; STATEMENT # 317
                         ; PROC  ?UCASE
           0F5A  21A502          LXI     H,?C
           0F5D  71              MOV     M,C
 318   2          DECLARE C BYTE;
                  /* TRANSLATE C TO UPPER CASE */
 319   2          IF LOWERCASE(C) THEN RETURN C AND 5FH;
                                                 ; STATEMENT # 319
           0F5E  2AA502          LHLD    ?C
           0F61  4D              MOV     C,L
           0F62  CD420F          CALL    ?LOWERCASE
           0F65  1F              RAR
           0F66  D26F0F          JNC     @32
                                                 ; STATEMENT # 320
           0F69  3AA502          LDA     ?C
           0F6C  E65F            ANI     5FH
           0F6E  C9              RET
                         @32:
 321   2          RETURN C;
                                                 ; STATEMENT # 321
           0F6F  3AA502          LDA     ?C
           0F72  C9              RET
 322   2          END UCASE;
                                                 ; STATEMENT # 322
        
 323   1      UTRAN: PROCEDURE(C) BYTE;
                                                 ; STATEMENT # 323
                         ; PROC  ?UTRAN
           0F73  21A602          LXI     H,?C
           0F76  71              MOV     M,C
 324   2          DECLARE C BYTE;
PL/M-80 COMPILER                                                                                                PAGE  30


                  /* TRANSLATE TO UPPER CASE IF ALPHABETIC LOWER AND TRANSLATE */
 325   2          IF TRANSLATE THEN RETURN UCASE(C);
                                                 ; STATEMENT # 325
           0F77  3AA202          LDA     ?TRANSLATE
           0F7A  1F              RAR
           0F7B  D2860F          JNC     @33
                                                 ; STATEMENT # 326
           0F7E  2AA602          LHLD    ?C
           0F81  4D              MOV     C,L
           0F82  CD5A0F          CALL    ?UCASE
           0F85  C9              RET
                         @33:
 327   2          RETURN C;
                                                 ; STATEMENT # 327
           0F86  3AA602          LDA     ?C
           0F89  C9              RET
 328   2          END UTRAN;
                                                 ; STATEMENT # 328
               
 329   1      PRINTVALUE: PROCEDURE(V);
                                                 ; STATEMENT # 329
                         ; PROC  ?PRINTVALUE
           0F8A  21A802          LXI     H,?V+1H
           0F8D  70              MOV     M,B
           0F8E  2B              DCX     H
           0F8F  71              MOV     M,C
                  /* PRINT THE LINE VALUE V */
 330   2          DECLARE (D,ZERO) BYTE,
                      (K,V) ADDRESS;
 331   2          K = 10000;
                                                 ; STATEMENT # 331
           0F90  211027          LXI     H,2710H
           0F93  22AB02          SHLD    ?K
 332   2          ZERO = FALSE;
                                                 ; STATEMENT # 332
           0F96  21AA02          LXI     H,?ZERO
           0F99  3600            MVI     M,0H
 333   2              DO WHILE K <> 0;
                                                 ; STATEMENT # 333
                         @235:
           0F9B  3E00            MVI     A,0H
           0F9D  11AB02          LXI     D,?K
           0FA0  CD0000          CALL    @P0101 
           0FA3  B5              ORA     L
           0FA4  CAF40F          JZ      @236
 334   3              D = LOW(V/K); V = V MOD K;
                                                 ; STATEMENT # 334
           0FA7  2AA702          LHLD    ?V
           0FAA  EB              XCHG
           0FAB  2AAB02          LHLD    ?K
           0FAE  CD0000          CALL    @P0029 
           0FB1  7B              MOV     A,E
           0FB2  32A902          STA     ?D
                                                 ; STATEMENT # 335
           0FB5  2AA702          LHLD    ?V
           0FB8  EB              XCHG
           0FB9  CD0000          CALL    @P0030 
PL/M-80 COMPILER                                                                                                PAGE  31


           0FBC  22A702          SHLD    ?V
 336   3              K = K / 10;
                                                 ; STATEMENT # 336
           0FBF  50              MOV     D,B
           0FC0  59              MOV     E,C
           0FC1  210A00          LXI     H,0AH
           0FC4  CD0000          CALL    @P0029 
           0FC7  EB              XCHG
           0FC8  22AB02          SHLD    ?K
 337   3              IF ZERO OR  D <> 0 THEN
                                                 ; STATEMENT # 337
           0FCB  3AA902          LDA     ?D
           0FCE  D600            SUI     0H
           0FD0  C6FF            ADI     255
           0FD2  9F              SBB     A
           0FD3  21AA02          LXI     H,?ZERO
           0FD6  B6              ORA     M
           0FD7  1F              RAR
           0FD8  D2EC0F          JNC     @34
 338   3                  DO; ZERO = TRUE;
                                                 ; STATEMENT # 339
           0FDB  21AA02          LXI     H,?ZERO
           0FDE  3601            MVI     M,1H
 340   4                  CALL PRINTC('0'+D);
                                                 ; STATEMENT # 340
           0FE0  3AA902          LDA     ?D
           0FE3  C630            ADI     30H
           0FE5  4F              MOV     C,A
           0FE6  CDAD0A          CALL    ?PRINTC
 341   4                  END; ELSE
                                                 ; STATEMENT # 341
           0FE9  C3F10F          JMP     @35
                         @34:
 342   3              CALL PRINTC(' ');
                                                 ; STATEMENT # 342
           0FEC  0E20            MVI     C,20H
           0FEE  CDAD0A          CALL    ?PRINTC
                         @35:
 343   3              END;
                                                 ; STATEMENT # 343
           0FF1  C39B0F          JMP     @235
                         @236:
 344   2          END PRINTVALUE;
                                                 ; STATEMENT # 344
           0FF4  C9              RET
        
 345   1      PRINTLINE: PROCEDURE(V);
                                                 ; STATEMENT # 345
                         ; PROC  ?PRINTLINE
           0FF5  21AE02          LXI     H,?V+1H
           0FF8  70              MOV     M,B
           0FF9  2B              DCX     H
           0FFA  71              MOV     M,C
 346   2          DECLARE V ADDRESS;
 347   2          IF NOT LINESET THEN RETURN;
                                                 ; STATEMENT # 347
           0FFB  3AA701          LDA     ?LINESET
PL/M-80 COMPILER                                                                                                PAGE  32


           0FFE  1F              RAR
           0FFF  DA0310          JC      @36
                                                 ; STATEMENT # 348
           1002  C9              RET
                         @36:
 349   2          CALL PRINTVALUE(V);
                                                 ; STATEMENT # 349
           1003  2AAD02          LHLD    ?V
           1006  44              MOV     B,H
           1007  4D              MOV     C,L
           1008  CD8A0F          CALL    ?PRINTVALUE
 350   2          CALL PRINTC(':');
                                                 ; STATEMENT # 350
           100B  0E3A            MVI     C,3AH
           100D  CDAD0A          CALL    ?PRINTC
 351   2          CALL PRINTC(' ');
                                                 ; STATEMENT # 351
           1010  0E20            MVI     C,20H
           1012  CDAD0A          CALL    ?PRINTC
 352   2          IF INSERTING THEN CALL PRINTC(' '); ELSE
                                                 ; STATEMENT # 352
           1015  3A9F02          LDA     ?INSERTING
           1018  1F              RAR
           1019  D22410          JNC     @37
                                                 ; STATEMENT # 353
           101C  0E20            MVI     C,20H
           101E  CDAD0A          CALL    ?PRINTC
           1021  C32910          JMP     @38
                         @37:
 354   2              CALL PRINTC('*');
                                                 ; STATEMENT # 354
           1024  0E2A            MVI     C,2AH
           1026  CDAD0A          CALL    ?PRINTC
                         @38:
 355   2          END PRINTLINE;
                                                 ; STATEMENT # 355
           1029  C9              RET
        
        
 356   1      PRINTBASE: PROCEDURE;
                                                 ; STATEMENT # 356
                         ; PROC  ?PRINTBASE
 357   2          CALL PRINTLINE(BASELINE);
                                                 ; STATEMENT # 357
           102A  2AA301          LHLD    ?BASELINE
           102D  44              MOV     B,H
           102E  4D              MOV     C,L
           102F  CDF50F          CALL    ?PRINTLINE
 358   2          END PRINTBASE;
                                                 ; STATEMENT # 358
           1032  C9              RET
        
 359   1      PRINTNMBASE: PROCEDURE;
                                                 ; STATEMENT # 359
                         ; PROC  ?PRINTNMBASE
 360   2          IF MP <> 0 THEN RETURN;
                                                 ; STATEMENT # 360
PL/M-80 COMPILER                                                                                                PAGE  33


           1033  3A9A02          LDA     ?MP
           1036  FE00            CPI     0H
           1038  CA3C10          JZ      @39
                                                 ; STATEMENT # 361
           103B  C9              RET
                         @39:
 362   2          CALL PRINTBASE;
                                                 ; STATEMENT # 362
           103C  CD2A10          CALL    ?PRINTBASE
 363   2          END PRINTNMBASE;
                                                 ; STATEMENT # 363
           103F  C9              RET
        
 364   1      READC: PROCEDURE BYTE;
                                                 ; STATEMENT # 364
                         ; PROC  ?READC
                  /* MAY BE MACRO EXPANSION */
 365   2          IF MP > 0 THEN
                                                 ; STATEMENT # 365
           1040  3E00            MVI     A,0H
           1042  219A02          LXI     H,?MP
           1045  BE              CMP     M
           1046  D29510          JNC     @40
 366   2              DO;
 367   3              IF BREAK$KEY THEN GO TO OVERCOUNT;
                                                 ; STATEMENT # 367
           1049  CDA60B          CALL    ?BREAKKEY
           104C  1F              RAR
           104D  D25310          JNC     @41
                                                 ; STATEMENT # 368
           1050  C3C301          JMP     ?OVERCOUNT
                         @41:
 369   3              IF XP >= MP THEN
                                                 ; STATEMENT # 369
           1053  219A02          LXI     H,?MP
           1056  3A9C02          LDA     ?XP
           1059  BE              CMP     M
           105A  DA8110          JC      @42
 370   3                  DO; /* START AGAIN */
 371   4                  IF MT <> 0 THEN
                                                 ; STATEMENT # 371
           105D  3E00            MVI     A,0H
           105F  119D02          LXI     D,?MT
           1062  CD0000          CALL    @P0101 
           1065  B5              ORA     L
           1066  CA7C10          JZ      @43
 372   4                      DO; IF (MT:=MT-1) = 0 THEN
                                                 ; STATEMENT # 373
           1069  2A9D02          LHLD    ?MT
           106C  2B              DCX     H
           106D  229D02          SHLD    ?MT
           1070  3E00            MVI     A,0H
           1072  CD0000          CALL    @P0094 
           1075  B5              ORA     L
           1076  C27C10          JNZ     @44
 374   5                          GO TO OVERCOUNT;
                                                 ; STATEMENT # 374
PL/M-80 COMPILER                                                                                                PAGE  34


           1079  C3C301          JMP     ?OVERCOUNT
                         @44:
 375   5                      END;
                                                 ; STATEMENT # 375
                         @43:
 376   4                  XP = 0;
                                                 ; STATEMENT # 376
           107C  219C02          LXI     H,?XP
           107F  3600            MVI     M,0H
 377   4                  END;
                                                 ; STATEMENT # 377
                         @42:
 378   3              RETURN UTRAN(MACRO((XP := XP + 1) - 1));
                                                 ; STATEMENT # 378
           1081  3A9C02          LDA     ?XP
           1084  3C              INR     A
           1085  329C02          STA     ?XP
           1088  3D              DCR     A
           1089  4F              MOV     C,A
           108A  0600            MVI     B,0
           108C  21B201          LXI     H,?MACRO
           108F  09              DAD     B
           1090  4E              MOV     C,M
           1091  CD730F          CALL    ?UTRAN
           1094  C9              RET
 379   3              END;
                                                 ; STATEMENT # 379
                         @40:
 380   2          IF INSERTING THEN RETURN UTRAN(READCHAR);
                                                 ; STATEMENT # 380
           1095  3A9F02          LDA     ?INSERTING
           1098  1F              RAR
           1099  D2A410          JNC     @45
                                                 ; STATEMENT # 381
               
           109C  CDD509          CALL    ?READCHAR
           109F  4F              MOV     C,A
           10A0  CD730F          CALL    ?UTRAN
           10A3  C9              RET
                         @45:
                  /* GET COMMAND LINE */
 382   2          IF READBUFF THEN
                                                 ; STATEMENT # 382
           10A4  3AA002          LDA     ?READBUFF
           10A7  1F              RAR
           10A8  D2F210          JNC     @46
 383   2              DO; READBUFF = FALSE;
                                                 ; STATEMENT # 384
           10AB  21A002          LXI     H,?READBUFF
           10AE  3600            MVI     M,0H
 385   3              IF LINESET AND COLUMN = 0 THEN
                                                 ; STATEMENT # 385
           10B0  3AFB00          LDA     ?COLUMN
           10B3  D600            SUI     0H
           10B5  D601            SUI     1
           10B7  9F              SBB     A
           10B8  21A701          LXI     H,?LINESET
PL/M-80 COMPILER                                                                                                PAGE  35


           10BB  A6              ANA     M
           10BC  1F              RAR
           10BD  D2DB10          JNC     @47
 386   3                  DO;
 387   4                  IF BACK >= MAXM THEN
                                                 ; STATEMENT # 387
           10C0  010200          LXI     B,?MAXM
           10C3  11B702          LXI     D,?BACK
           10C6  CD0000          CALL    @P0098 
           10C9  DAD510          JC      @48
 388   4                      CALL PRINTLINE(0); ELSE
                                                 ; STATEMENT # 388
           10CC  010000          LXI     B,0H
           10CF  CDF50F          CALL    ?PRINTLINE
           10D2  C3D810          JMP     @49
                         @48:
 389   4                      CALL PRINTBASE;
                                                 ; STATEMENT # 389
           10D5  CD2A10          CALL    ?PRINTBASE
                         @49:
 390   4                  END; ELSE
                                                 ; STATEMENT # 390
           10D8  C3E010          JMP     @50
                         @47:
 391   3              CALL PRINTC('*');
                                                 ; STATEMENT # 391
           10DB  0E2A            MVI     C,2AH
           10DD  CDAD0A          CALL    ?PRINTC
                         @50:
 392   3              CALL READCOM; CBP = 0;
                                                 ; STATEMENT # 392
           10E0  CD9A0B          CALL    ?READCOM
                                                 ; STATEMENT # 393
           10E3  219F01          LXI     H,?CBP
           10E6  3600            MVI     M,0H
 394   3              CALL PRINTC(LF);
                                                 ; STATEMENT # 394
           10E8  0E0A            MVI     C,0AH
           10EA  CDAD0A          CALL    ?PRINTC
 395   3              COLUMN = 0;
                                                 ; STATEMENT # 395
           10ED  21FB00          LXI     H,?COLUMN
           10F0  3600            MVI     M,0H
 396   3              END;
                                                 ; STATEMENT # 396
                         @46:
 397   2          IF (READBUFF := CBP = COMLEN ) THEN COMBUFF(CBP) = CR;
                                                 ; STATEMENT # 397
           10F2  211D01          LXI     H,?COMLEN
           10F5  3A9F01          LDA     ?CBP
           10F8  96              SUB     M
           10F9  D601            SUI     1
           10FB  9F              SBB     A
           10FC  32A002          STA     ?READBUFF
           10FF  1F              RAR
           1100  D20E11          JNC     @51
                                                 ; STATEMENT # 398
PL/M-80 COMPILER                                                                                                PAGE  36


           1103  2A9F01          LHLD    ?CBP
           1106  2600            MVI     H,0
           1108  011E01          LXI     B,?COMBUFF
           110B  09              DAD     B
           110C  360D            MVI     M,0DH
                         @51:
 399   2          RETURN UTRAN(COMBUFF((CBP := CBP +1) -1));
                                                 ; STATEMENT # 399
           110E  3A9F01          LDA     ?CBP
           1111  3C              INR     A
           1112  329F01          STA     ?CBP
           1115  3D              DCR     A
           1116  4F              MOV     C,A
           1117  0600            MVI     B,0
           1119  211E01          LXI     H,?COMBUFF
           111C  09              DAD     B
           111D  4E              MOV     C,M
           111E  CD730F          CALL    ?UTRAN
           1121  C9              RET
 400   2          END READC;
                                                 ; STATEMENT # 400
               
 401   1      SETRDMA: PROCEDURE;
                                                 ; STATEMENT # 401
                         ; PROC  ?SETRDMA
                  /* SET READ LIB DMA ADDRESS */
 402   2          CALL SELECT(SDISK);
                                                 ; STATEMENT # 402
           1122  2AF700          LHLD    ?SDISK
           1125  4D              MOV     C,L
           1126  CDC90B          CALL    ?SELECT
 403   2          CALL SETDMA(.BUFF);
                                                 ; STATEMENT # 403
           1129  010000          LXI     B,?BUFF
           112C  CDD90B          CALL    ?SETDMA
 404   2          END SETRDMA;
                                                 ; STATEMENT # 404
           112F  C9              RET
        
 405   1      READFILE: PROCEDURE BYTE;
                                                 ; STATEMENT # 405
                         ; PROC  ?READFILE
 406   2          IF RBP >= SECTSIZE THEN
                                                 ; STATEMENT # 406
           1130  3A2700          LDA     ?RBP
           1133  FE80            CPI     80H
           1135  DA4E11          JC      @52
 407   2              DO; CALL SETRDMA;
                                                 ; STATEMENT # 408
           1138  CD2211          CALL    ?SETRDMA
 409   3              IF DISKREAD(.RFCB) <> 0 THEN RETURN ENDFILE;
                                                 ; STATEMENT # 409
           113B  010600          LXI     B,?RFCB
           113E  CD570B          CALL    ?DISKREAD
           1141  FE00            CPI     0H
           1143  CA4911          JZ      @53
                                                 ; STATEMENT # 410
PL/M-80 COMPILER                                                                                                PAGE  37


           1146  3E1A            MVI     A,1AH
           1148  C9              RET
                         @53:
 411   3              RBP = 0;
                                                 ; STATEMENT # 411
           1149  212700          LXI     H,?RBP
           114C  3600            MVI     M,0H
 412   3              END;
                                                 ; STATEMENT # 412
                         @52:
 413   2          RETURN UTRAN(BUFF((RBP := RBP + 1) - 1));
                                                 ; STATEMENT # 413
           114E  3A2700          LDA     ?RBP
           1151  3C              INR     A
           1152  322700          STA     ?RBP
           1155  3D              DCR     A
           1156  4F              MOV     C,A
           1157  0600            MVI     B,0
           1159  210000          LXI     H,?BUFF
           115C  09              DAD     B
           115D  4E              MOV     C,M
           115E  CD730F          CALL    ?UTRAN
           1161  C9              RET
 414   2          END READFILE;
                                                 ; STATEMENT # 414
               
 415   1      DCL (DISTANCE, TDIST) COMSIZE,
                  (DIRECTION, CHAR) BYTE,
                  ( FRONT, BACK, FIRST, LAST) ADDR;
               
 416   1      SETFF: PROCEDURE;
                                                 ; STATEMENT # 416
                         ; PROC  ?SETFF
 417   2          DISTANCE = 0FFFFH;
                                                 ; STATEMENT # 417
           1162  21FFFF          LXI     H,0FFFFH
           1165  22AF02          SHLD    ?DISTANCE
 418   2          END SETFF;
                                                 ; STATEMENT # 418
           1168  C9              RET
               
 419   1      DISTZERO: PROCEDURE BYTE;
                                                 ; STATEMENT # 419
                         ; PROC  ?DISTZERO
                  /* RETURN TRUE IF DISTANCE IS ZERO */
 420   2          RETURN DISTANCE = 0;
                                                 ; STATEMENT # 420
           1169  3E00            MVI     A,0H
           116B  11AF02          LXI     D,?DISTANCE
           116E  CD0000          CALL    @P0101 
           1171  B5              ORA     L
           1172  D601            SUI     1
           1174  9F              SBB     A
           1175  C9              RET
 421   2          END DISTZERO;
                                                 ; STATEMENT # 421
               
PL/M-80 COMPILER                                                                                                PAGE  38


 422   1      ZERODIST: PROCEDURE;
                                                 ; STATEMENT # 422
                         ; PROC  ?ZERODIST
 423   2          DISTANCE = 0;
                                                 ; STATEMENT # 423
           1176  210000          LXI     H,0H
           1179  22AF02          SHLD    ?DISTANCE
 424   2          END ZERODIST;
                                                 ; STATEMENT # 424
           117C  C9              RET
               
 425   1      DISTNZERO: PROCEDURE BYTE;
                                                 ; STATEMENT # 425
                         ; PROC  ?DISTNZERO
                  /* CHECK FOR ZERO DISTANCE AND DECREMENT */
 426   2          IF NOT DISTZERO THEN
                                                 ; STATEMENT # 426
           117D  CD6911          CALL    ?DISTZERO
           1180  1F              RAR
           1181  DA8E11          JC      @54
 427   2              DO; DISTANCE = DISTANCE - 1;
                                                 ; STATEMENT # 428
           1184  2AAF02          LHLD    ?DISTANCE
           1187  2B              DCX     H
           1188  22AF02          SHLD    ?DISTANCE
 429   3              RETURN TRUE;
                                                 ; STATEMENT # 429
           118B  3E01            MVI     A,1H
           118D  C9              RET
 430   3              END;
                                                 ; STATEMENT # 430
                         @54:
 431   2          RETURN FALSE;
                                                 ; STATEMENT # 431
           118E  3E00            MVI     A,0H
           1190  C9              RET
 432   2          END DISTNZERO;
                                                 ; STATEMENT # 432
               
 433   1      SETLIMITS: PROC;
                                                 ; STATEMENT # 433
                         ; PROC  ?SETLIMITS
 434   2          DCL (I,K,L,M) ADDR, (MIDDLE,LOOPING) BYTE;
 435   2          RELLINE = 1; /* RELATIVE LINE COUNT */
                                                 ; STATEMENT # 435
           1191  210100          LXI     H,1H
           1194  22A501          SHLD    ?RELLINE
 436   2          IF DIRECTION = BACKWARD THEN
                                                 ; STATEMENT # 436
           1197  3AB302          LDA     ?DIRECTION
           119A  FE00            CPI     0H
           119C  C2B911          JNZ     @55
 437   2              DO; DISTANCE = DISTANCE+1; I = FRONT; L = 0; K = 0FFFFH;
                                                 ; STATEMENT # 438
           119F  2AAF02          LHLD    ?DISTANCE
           11A2  23              INX     H
           11A3  22AF02          SHLD    ?DISTANCE
PL/M-80 COMPILER                                                                                                PAGE  39


                                                 ; STATEMENT # 439
           11A6  2AB502          LHLD    ?FRONT
           11A9  22BD02          SHLD    ?I
                                                 ; STATEMENT # 440
           11AC  210000          LXI     H,0H
           11AF  22C102          SHLD    ?L
                                                 ; STATEMENT # 441
           11B2  2B              DCX     H
           11B3  22BF02          SHLD    ?K
 442   3              END; ELSE
                                                 ; STATEMENT # 442
           11B6  C3CB11          JMP     @56
                         @55:
 443   2              DO; I = BACK; L = MAXM; K = 1;
                                                 ; STATEMENT # 444
           11B9  2AB702          LHLD    ?BACK
           11BC  22BD02          SHLD    ?I
                                                 ; STATEMENT # 445
           11BF  2A0200          LHLD    ?MAXM
           11C2  22C102          SHLD    ?L
                                                 ; STATEMENT # 446
           11C5  210100          LXI     H,1H
           11C8  22BF02          SHLD    ?K
 447   3              END;
                                                 ; STATEMENT # 447
                         @56:
               
 448   2          LOOPING = TRUE;
                                                 ; STATEMENT # 448
           11CB  21C602          LXI     H,?LOOPING
           11CE  3601            MVI     M,1H
 449   2              DO WHILE LOOPING;
                                                 ; STATEMENT # 449
                         @237:
           11D0  3AC602          LDA     ?LOOPING
           11D3  1F              RAR
           11D4  D25312          JNC     @238
 450   3                  DO WHILE (MIDDLE := I <> L) AND
                                                 ; STATEMENT # 450
                         @239:
           11D7  01C102          LXI     B,?L
           11DA  11BD02          LXI     D,?I
           11DD  CD0000          CALL    @P0098 
           11E0  B5              ORA     L
           11E1  C6FF            ADI     255
           11E3  9F              SBB     A
           11E4  32C502          STA     ?MIDDLE
           11E7  2ABF02          LHLD    ?K
           11EA  1B              DCX     D
           11EB  F5              PUSH    PSW     ; 1
           11EC  CD0000          CALL    @P0017 
           11EF  22C302          SHLD    ?M
           11F2  010000          LXI     B,?MEMORY
           11F5  09              DAD     B
           11F6  7E              MOV     A,M
           11F7  D60A            SUI     0AH
           11F9  C6FF            ADI     255
PL/M-80 COMPILER                                                                                                PAGE  40


           11FB  9F              SBB     A
           11FC  C1              POP     B       ; 1
           11FD  48              MOV     C,B
           11FE  A1              ANA     C
           11FF  1F              RAR
           1200  D20C12          JNC     @240
                              MEMORY(M:=I+K) <> LF;
 451   4                  I = M;
                                                 ; STATEMENT # 451
           1203  2AC302          LHLD    ?M
           1206  22BD02          SHLD    ?I
 452   4                  END;
                                                 ; STATEMENT # 452
           1209  C3D711          JMP     @239
                         @240:
 453   3              RELLINE = RELLINE - 1;
                                                 ; STATEMENT # 453
           120C  2AA501          LHLD    ?RELLINE
           120F  2B              DCX     H
           1210  22A501          SHLD    ?RELLINE
 454   3              LOOPING = (DISTANCE := DISTANCE - 1) <> 0;
                                                 ; STATEMENT # 454
           1213  2AAF02          LHLD    ?DISTANCE
           1216  2B              DCX     H
           1217  22AF02          SHLD    ?DISTANCE
           121A  3E00            MVI     A,0H
           121C  CD0000          CALL    @P0094 
           121F  B5              ORA     L
           1220  C6FF            ADI     255
           1222  9F              SBB     A
           1223  32C602          STA     ?LOOPING
 455   3              IF NOT MIDDLE THEN
                                                 ; STATEMENT # 455
           1226  3AC502          LDA     ?MIDDLE
           1229  1F              RAR
           122A  DA4312          JC      @57
 456   3                  DO; LOOPING = FALSE;
                                                 ; STATEMENT # 457
           122D  21C602          LXI     H,?LOOPING
           1230  3600            MVI     M,0H
 458   4                  I = I - K;
                                                 ; STATEMENT # 458
           1232  01BF02          LXI     B,?K
           1235  11BD02          LXI     D,?I
           1238  CD0000          CALL    @P0098 
           123B  EB              XCHG
           123C  2B              DCX     H
           123D  73              MOV     M,E
           123E  23              INX     H
           123F  72              MOV     M,D
 459   4                  END; ELSE
                                                 ; STATEMENT # 459
           1240  C35012          JMP     @58
                         @57:
 460   3              IF LOOPING THEN I = M;
                                                 ; STATEMENT # 460
           1243  3AC602          LDA     ?LOOPING
PL/M-80 COMPILER                                                                                                PAGE  41


           1246  1F              RAR
           1247  D25012          JNC     @59
                                                 ; STATEMENT # 461
           124A  2AC302          LHLD    ?M
           124D  22BD02          SHLD    ?I
                         @59:
                         @58:
 462   3              END;
                                                 ; STATEMENT # 462
           1250  C3D011          JMP     @237
                         @238:
               
 463   2          IF DIRECTION = BACKWARD THEN
                                                 ; STATEMENT # 463
           1253  3AB302          LDA     ?DIRECTION
           1256  FE00            CPI     0H
           1258  C26B12          JNZ     @60
 464   2              DO; FIRST = I; LAST = FRONT - 1;
                                                 ; STATEMENT # 465
           125B  2ABD02          LHLD    ?I
           125E  22B902          SHLD    ?FIRST
                                                 ; STATEMENT # 466
           1261  2AB502          LHLD    ?FRONT
           1264  2B              DCX     H
           1265  22BB02          SHLD    ?LAST
 467   3              END; ELSE
                                                 ; STATEMENT # 467
           1268  C37912          JMP     @61
                         @60:
 468   2              DO; FIRST = BACK + 1; LAST = I + 1;
                                                 ; STATEMENT # 469
           126B  2AB702          LHLD    ?BACK
           126E  23              INX     H
           126F  22B902          SHLD    ?FIRST
                                                 ; STATEMENT # 470
           1272  2ABD02          LHLD    ?I
           1275  23              INX     H
           1276  22BB02          SHLD    ?LAST
 471   3              END;
                                                 ; STATEMENT # 471
                         @61:
 472   2          END SETLIMITS;
                                                 ; STATEMENT # 472
           1279  C9              RET
               
 473   1      INCFRONT: PROC; FRONT = FRONT + 1;
                                                 ; STATEMENT # 473
                         ; PROC  ?INCFRONT
                                                 ; STATEMENT # 474
           127A  2AB502          LHLD    ?FRONT
           127D  23              INX     H
           127E  22B502          SHLD    ?FRONT
 475   2          END INCFRONT;
                                                 ; STATEMENT # 475
           1281  C9              RET
 476   1      INCBACK: PROCEDURE; BACK = BACK + 1;
                                                 ; STATEMENT # 476
PL/M-80 COMPILER                                                                                                PAGE  42


                         ; PROC  ?INCBACK
                                                 ; STATEMENT # 477
           1282  2AB702          LHLD    ?BACK
           1285  23              INX     H
           1286  22B702          SHLD    ?BACK
 478   2          END INCBACK;
                                                 ; STATEMENT # 478
           1289  C9              RET
 479   1      DECFRONT: PROC; FRONT = FRONT - 1;
                                                 ; STATEMENT # 479
                         ; PROC  ?DECFRONT
                                                 ; STATEMENT # 480
           128A  2AB502          LHLD    ?FRONT
           128D  2B              DCX     H
           128E  22B502          SHLD    ?FRONT
 481   2          END DECFRONT;
                                                 ; STATEMENT # 481
           1291  C9              RET
 482   1      DECBACK: PROC; BACK = BACK - 1;
                                                 ; STATEMENT # 482
                         ; PROC  ?DECBACK
                                                 ; STATEMENT # 483
           1292  2AB702          LHLD    ?BACK
           1295  2B              DCX     H
           1296  22B702          SHLD    ?BACK
 484   2          END DECBACK;
                                                 ; STATEMENT # 484
           1299  C9              RET
 485   1      INCBASE: PROCEDURE;
                                                 ; STATEMENT # 485
                         ; PROC  ?INCBASE
 486   2          BASELINE = BASELINE + 1;
                                                 ; STATEMENT # 486
           129A  2AA301          LHLD    ?BASELINE
           129D  23              INX     H
           129E  22A301          SHLD    ?BASELINE
 487   2          END INCBASE;
                                                 ; STATEMENT # 487
           12A1  C9              RET
        
               
 488   1      MEM$MOVE: PROC(MOVEFLAG);
                                                 ; STATEMENT # 488
                         ; PROC  ?MEMMOVE
           12A2  21C702          LXI     H,?MOVEFLAG
           12A5  71              MOV     M,C
 489   2          DECLARE (MOVEFLAG,C) BYTE;
                  /* MOVE IF MOVEFLAG IS TRUE */
 490   2          IF DIRECTION = FORWARD THEN
                                                 ; STATEMENT # 490
           12A6  3AB302          LDA     ?DIRECTION
           12A9  FE01            CPI     1H
           12AB  C2EB12          JNZ     @62
 491   2              DO WHILE BACK < LAST; CALL INCBACK;
                                                 ; STATEMENT # 491
                         @241:
           12AE  01BB02          LXI     B,?LAST
PL/M-80 COMPILER                                                                                                PAGE  43


           12B1  11B702          LXI     D,?BACK
           12B4  CD0000          CALL    @P0098 
           12B7  D2E812          JNC     @242
                                                 ; STATEMENT # 492
           12BA  CD8212          CALL    ?INCBACK
 493   3              IF MOVEFLAG THEN
                                                 ; STATEMENT # 493
           12BD  3AC702          LDA     ?MOVEFLAG
           12C0  1F              RAR
           12C1  D2E512          JNC     @63
 494   3                  DO;
 495   4                  IF (C := MEMORY(BACK)) = LF THEN CALL INCBASE;
                                                 ; STATEMENT # 495
           12C4  2AB702          LHLD    ?BACK
           12C7  010000          LXI     B,?MEMORY
           12CA  09              DAD     B
           12CB  7E              MOV     A,M
           12CC  32C802          STA     ?C
           12CF  FE0A            CPI     0AH
           12D1  C2D712          JNZ     @64
                                                 ; STATEMENT # 496
           12D4  CD9A12          CALL    ?INCBASE
                         @64:
 497   4                  MEMORY(FRONT) = C; CALL INCFRONT;
                                                 ; STATEMENT # 497
           12D7  2AB502          LHLD    ?FRONT
           12DA  010000          LXI     B,?MEMORY
           12DD  09              DAD     B
           12DE  3AC802          LDA     ?C
           12E1  77              MOV     M,A
                                                 ; STATEMENT # 498
           12E2  CD7A12          CALL    ?INCFRONT
 499   4                  END;
                                                 ; STATEMENT # 499
                         @63:
 500   3              END; ELSE
                                                 ; STATEMENT # 500
           12E5  C3AE12          JMP     @241
                         @242:
           12E8  C32913          JMP     @65
                         @62:
 501   2              DO WHILE FRONT > FIRST; CALL DECFRONT;
                                                 ; STATEMENT # 501
                         @243:
           12EB  11B902          LXI     D,?FIRST
           12EE  01B502          LXI     B,?FRONT
           12F1  CD0000          CALL    @P0098 
           12F4  D22913          JNC     @244
                                                 ; STATEMENT # 502
           12F7  CD8A12          CALL    ?DECFRONT
 503   3              IF (C := MEMORY(FRONT)) = LF THEN BASELINE = BASELINE - 1;
                                                 ; STATEMENT # 503
           12FA  2AB502          LHLD    ?FRONT
           12FD  010000          LXI     B,?MEMORY
           1300  09              DAD     B
           1301  7E              MOV     A,M
           1302  32C802          STA     ?C
PL/M-80 COMPILER                                                                                                PAGE  44


           1305  FE0A            CPI     0AH
           1307  C21113          JNZ     @66
                                                 ; STATEMENT # 504
           130A  2AA301          LHLD    ?BASELINE
           130D  2B              DCX     H
           130E  22A301          SHLD    ?BASELINE
                         @66:
 505   3              IF MOVEFLAG THEN
                                                 ; STATEMENT # 505
           1311  3AC702          LDA     ?MOVEFLAG
           1314  1F              RAR
           1315  D22613          JNC     @67
 506   3                  DO; MEMORY(BACK) = C; CALL DECBACK;
                                                 ; STATEMENT # 507
           1318  2AB702          LHLD    ?BACK
           131B  010000          LXI     B,?MEMORY
           131E  09              DAD     B
           131F  3AC802          LDA     ?C
           1322  77              MOV     M,A
                                                 ; STATEMENT # 508
           1323  CD9212          CALL    ?DECBACK
 509   4                  END;
                                                 ; STATEMENT # 509
                         @67:
 510   3              END;
                                                 ; STATEMENT # 510
           1326  C3EB12          JMP     @243
                         @244:
                         @65:
 511   2          END MEM$MOVE;
                                                 ; STATEMENT # 511
           1329  C9              RET
               
 512   1      MOVER: PROC;
                                                 ; STATEMENT # 512
                         ; PROC  ?MOVER
 513   2          CALL MEM$MOVE(TRUE);
                                                 ; STATEMENT # 513
           132A  0E01            MVI     C,1H
           132C  CDA212          CALL    ?MEMMOVE
 514   2          END MOVER;
                                                 ; STATEMENT # 514
           132F  C9              RET
        
 515   1      SETPTRS: PROC;
                                                 ; STATEMENT # 515
                         ; PROC  ?SETPTRS
 516   2          CALL MEM$MOVE(FALSE);
                                                 ; STATEMENT # 516
           1330  0E00            MVI     C,0H
           1332  CDA212          CALL    ?MEMMOVE
 517   2          END SETPTRS;
                                                 ; STATEMENT # 517
           1335  C9              RET
        
 518   1      MOVELINES: PROC;
                                                 ; STATEMENT # 518
PL/M-80 COMPILER                                                                                                PAGE  45


                         ; PROC  ?MOVELINES
 519   2          CALL SETLIMITS;
                                                 ; STATEMENT # 519
           1336  CD9111          CALL    ?SETLIMITS
 520   2          CALL MOVER;
                                                 ; STATEMENT # 520
           1339  CD2A13          CALL    ?MOVER
 521   2          END MOVELINES;
                                                 ; STATEMENT # 521
           133C  C9              RET
               
 522   1      SETCLIMITS: PROC;
                                                 ; STATEMENT # 522
                         ; PROC  ?SETCLIMITS
 523   2          IF DIRECTION = BACKWARD THEN
                                                 ; STATEMENT # 523
           133D  3AB302          LDA     ?DIRECTION
           1340  FE00            CPI     0H
           1342  C26F13          JNZ     @68
 524   2              DO; LAST = BACK;
                                                 ; STATEMENT # 525
           1345  2AB702          LHLD    ?BACK
           1348  22BB02          SHLD    ?LAST
 526   3              IF DISTANCE > FRONT THEN
                                                 ; STATEMENT # 526
           134B  11B502          LXI     D,?FRONT
           134E  01AF02          LXI     B,?DISTANCE
           1351  CD0000          CALL    @P0098 
           1354  D26013          JNC     @69
 527   3                  FIRST = 1; ELSE FIRST = FRONT - DISTANCE;
                                                 ; STATEMENT # 527
           1357  210100          LXI     H,1H
           135A  22B902          SHLD    ?FIRST
           135D  C36C13          JMP     @70
                         @69:
                                                 ; STATEMENT # 528
           1360  01AF02          LXI     B,?DISTANCE
           1363  11B502          LXI     D,?FRONT
           1366  CD0000          CALL    @P0098 
           1369  22B902          SHLD    ?FIRST
                         @70:
 529   3              END; ELSE
                                                 ; STATEMENT # 529
           136C  C39B13          JMP     @71
                         @68:
 530   2              DO; FIRST = FRONT;
                                                 ; STATEMENT # 531
           136F  2AB502          LHLD    ?FRONT
           1372  22B902          SHLD    ?FIRST
 532   3              IF DISTANCE >= MAX - BACK THEN
                                                 ; STATEMENT # 532
           1375  01B702          LXI     B,?BACK
           1378  110000          LXI     D,?MAX
           137B  CD0000          CALL    @P0098 
           137E  11AF02          LXI     D,?DISTANCE
           1381  CD0000          CALL    @P0102 
           1384  DA9013          JC      @72
PL/M-80 COMPILER                                                                                                PAGE  46


 533   3                  LAST = MAXM; ELSE LAST = BACK + DISTANCE;
                                                 ; STATEMENT # 533
           1387  2A0200          LHLD    ?MAXM
           138A  22BB02          SHLD    ?LAST
           138D  C39B13          JMP     @73
                         @72:
                                                 ; STATEMENT # 534
           1390  2AAF02          LHLD    ?DISTANCE
           1393  EB              XCHG
           1394  2AB702          LHLD    ?BACK
           1397  19              DAD     D
           1398  22BB02          SHLD    ?LAST
                         @73:
 535   3              END;
                                                 ; STATEMENT # 535
                         @71:
 536   2          END SETCLIMITS;
                                                 ; STATEMENT # 536
           139B  C9              RET
               
 537   1      READLINE: PROCEDURE;
                                                 ; STATEMENT # 537
                         ; PROC  ?READLINE
 538   2          DECLARE B BYTE;
                  /* READ ANOTHER LINE OF INPUT */
 539   2          CTRAN: PROCEDURE(B) BYTE;
                                                 ; STATEMENT # 539
                         ; PROC  ?CTRAN
           13DC  21CA02          LXI     H,?B
           13DF  71              MOV     M,C
 540   3              DECLARE B BYTE;
                      /* CONDITIONALLY TRANSLATE TO UPPER CASE ON INPUT */
 541   3              IF UPPER THEN RETURN UTRAN(B);
                                                 ; STATEMENT # 541
           13E0  3AA302          LDA     ?UPPER
           13E3  1F              RAR
           13E4  D2EF13          JNC     @74
                                                 ; STATEMENT # 542
           13E7  2ACA02          LHLD    ?B
           13EA  4D              MOV     C,L
           13EB  CD730F          CALL    ?UTRAN
           13EE  C9              RET
                         @74:
 543   3              RETURN B;
                                                 ; STATEMENT # 543
           13EF  3ACA02          LDA     ?B
           13F2  C9              RET
 544   3              END CTRAN;
                                                 ; STATEMENT # 544
 545   2          DO FOREVER;
                                                 ; STATEMENT # 545
                         @245:
 546   3          IF FRONT >= BACK THEN GO TO OVERFLOW;
                                                 ; STATEMENT # 546
           139C  01B702          LXI     B,?BACK
           139F  11B502          LXI     D,?FRONT
           13A2  CD0000          CALL    @P0098 
PL/M-80 COMPILER                                                                                                PAGE  47


           13A5  DAAB13          JC      @75
                                                 ; STATEMENT # 547
           13A8  C3D901          JMP     ?OVERFLOW
                         @75:
 548   3          IF (B := CTRAN(GETSOURCE)) = ENDFILE THEN
                                                 ; STATEMENT # 548
           13AB  CDBC0D          CALL    ?GETSOURCE
           13AE  4F              MOV     C,A
           13AF  CDDC13          CALL    ?CTRAN
           13B2  32C902          STA     ?B
           13B5  FE1A            CPI     1AH
           13B7  C2BE13          JNZ     @76
 549   3              DO; CALL ZERODIST; RETURN;
                                                 ; STATEMENT # 550
           13BA  CD7611          CALL    ?ZERODIST
                                                 ; STATEMENT # 551
           13BD  C9              RET
 552   4              END;
                                                 ; STATEMENT # 552
                         @76:
 553   3          MEMORY(FRONT) = B;
                                                 ; STATEMENT # 553
           13BE  2AB502          LHLD    ?FRONT
           13C1  010000          LXI     B,?MEMORY
           13C4  09              DAD     B
           13C5  3AC902          LDA     ?B
           13C8  77              MOV     M,A
 554   3          CALL INCFRONT;
                                                 ; STATEMENT # 554
           13C9  CD7A12          CALL    ?INCFRONT
 555   3          IF B = LF THEN
                                                 ; STATEMENT # 555
           13CC  3AC902          LDA     ?B
           13CF  FE0A            CPI     0AH
           13D1  C2D813          JNZ     @77
 556   3              DO; CALL INCBASE;
                                                 ; STATEMENT # 557
           13D4  CD9A12          CALL    ?INCBASE
 558   4              RETURN;
                                                 ; STATEMENT # 558
           13D7  C9              RET
 559   4              END;
                                                 ; STATEMENT # 559
                         @77:
 560   3          END;
                                                 ; STATEMENT # 560
           13D8  C39C13          JMP     @245
                         @246:
 561   2          END READLINE;
                                                 ; STATEMENT # 561
           13DB  C9              RET
               
 562   1      WRITELINE: PROCEDURE;
                                                 ; STATEMENT # 562
                         ; PROC  ?WRITELINE
                  /* WRITE ONE LINE OUT */
 563   2          DECLARE B BYTE;
PL/M-80 COMPILER                                                                                                PAGE  48


 564   2              DO FOREVER;
                                                 ; STATEMENT # 564
                         @247:
 565   3              IF BACK >= MAXM THEN /* EMPTY */
                                                 ; STATEMENT # 565
           13F3  010200          LXI     B,?MAXM
           13F6  11B702          LXI     D,?BACK
           13F9  CD0000          CALL    @P0098 
           13FC  DA0314          JC      @78
 566   3                  DO; CALL ZERODIST; RETURN;
                                                 ; STATEMENT # 567
           13FF  CD7611          CALL    ?ZERODIST
                                                 ; STATEMENT # 568
           1402  C9              RET
 569   4                  END;
                                                 ; STATEMENT # 569
                         @78:
 570   3              CALL INCBACK;
                                                 ; STATEMENT # 570
           1403  CD8212          CALL    ?INCBACK
 571   3              CALL PUTDEST(B:=MEMORY(BACK));
                                                 ; STATEMENT # 571
           1406  2AB702          LHLD    ?BACK
           1409  010000          LXI     B,?MEMORY
           140C  09              DAD     B
           140D  7E              MOV     A,M
           140E  32CB02          STA     ?B
           1411  4F              MOV     C,A
           1412  CD4C0E          CALL    ?PUTDEST
 572   3              IF B = LF THEN
                                                 ; STATEMENT # 572
           1415  3ACB02          LDA     ?B
           1418  FE0A            CPI     0AH
           141A  C22114          JNZ     @79
 573   3                  DO; CALL INCBASE;
                                                 ; STATEMENT # 574
           141D  CD9A12          CALL    ?INCBASE
 575   4                  RETURN;
                                                 ; STATEMENT # 575
           1420  C9              RET
 576   4                  END;
                                                 ; STATEMENT # 576
                         @79:
 577   3              END;
                                                 ; STATEMENT # 577
           1421  C3F313          JMP     @247
                         @248:
 578   2          END WRITELINE;
                                                 ; STATEMENT # 578
           1424  C9              RET
               
 579   1      WRHALF: PROCEDURE;
                                                 ; STATEMENT # 579
                         ; PROC  ?WRHALF
                   /* WRITE LINES UNTIL AT LEAST HALF THE BUFFER IS EMPTY */
 580   2          CALL SETFF;
                                                 ; STATEMENT # 580
PL/M-80 COMPILER                                                                                                PAGE  49


           1425  CD6211          CALL    ?SETFF
 581   2              DO WHILE DISTNZERO;
                                                 ; STATEMENT # 581
                         @249:
           1428  CD7D11          CALL    ?DISTNZERO
           142B  1F              RAR
           142C  D24D14          JNC     @250
 582   3              IF HMAX >= (MAXM - BACK) THEN CALL ZERODIST; ELSE
                                                 ; STATEMENT # 582
           142F  01B702          LXI     B,?BACK
           1432  110200          LXI     D,?MAXM
           1435  CD0000          CALL    @P0098 
           1438  110400          LXI     D,?HMAX
           143B  CD0000          CALL    @P0102 
           143E  DA4714          JC      @80
                                                 ; STATEMENT # 583
           1441  CD7611          CALL    ?ZERODIST
           1444  C34A14          JMP     @81
                         @80:
 584   3              CALL WRITELINE;
                                                 ; STATEMENT # 584
           1447  CDF313          CALL    ?WRITELINE
                         @81:
 585   3              END;
                                                 ; STATEMENT # 585
           144A  C32814          JMP     @249
                         @250:
 586   2          END WRHALF;
                                                 ; STATEMENT # 586
           144D  C9              RET
               
 587   1      WRITEOUT: PROCEDURE;
                                                 ; STATEMENT # 587
                         ; PROC  ?WRITEOUT
                  /* WRITE LINES DETERMINED BY 'DISTANCE',
                  CALLED FROM W AND E COMMANDS */
 588   2          DIRECTION = BACKWARD; FIRST = 1; LAST = BACK;
                                                 ; STATEMENT # 588
           144E  21B302          LXI     H,?DIRECTION
           1451  3600            MVI     M,0H
                                                 ; STATEMENT # 589
           1453  210100          LXI     H,1H
           1456  22B902          SHLD    ?FIRST
                                                 ; STATEMENT # 590
           1459  2AB702          LHLD    ?BACK
           145C  22BB02          SHLD    ?LAST
 591   2          CALL MOVER;
                                                 ; STATEMENT # 591
           145F  CD2A13          CALL    ?MOVER
 592   2          IF DISTZERO THEN CALL WRHALF;
                                                 ; STATEMENT # 592
           1462  CD6911          CALL    ?DISTZERO
           1465  1F              RAR
           1466  D26C14          JNC     @82
                                                 ; STATEMENT # 593
           1469  CD2514          CALL    ?WRHALF
                         @82:
PL/M-80 COMPILER                                                                                                PAGE  50


                  /* DISTANCE = 0 IF CALL WRHALF */
 594   2              DO WHILE DISTNZERO;
                                                 ; STATEMENT # 594
                         @251:
           146C  CD7D11          CALL    ?DISTNZERO
           146F  1F              RAR
           1470  D27914          JNC     @252
 595   3              CALL WRITELINE;
                                                 ; STATEMENT # 595
           1473  CDF313          CALL    ?WRITELINE
 596   3              END;
                                                 ; STATEMENT # 596
           1476  C36C14          JMP     @251
                         @252:
 597   2          IF BACK < LAST THEN
                                                 ; STATEMENT # 597
           1479  01BB02          LXI     B,?LAST
           147C  11B702          LXI     D,?BACK
           147F  CD0000          CALL    @P0098 
           1482  D28D14          JNC     @83
 598   2              DO; DIRECTION = FORWARD; CALL MOVER;
                                                 ; STATEMENT # 599
           1485  21B302          LXI     H,?DIRECTION
           1488  3601            MVI     M,1H
                                                 ; STATEMENT # 600
           148A  CD2A13          CALL    ?MOVER
 601   3              END;
                                                 ; STATEMENT # 601
                         @83:
 602   2          END WRITEOUT;
                                                 ; STATEMENT # 602
           148D  C9              RET
               
 603   1      CLEARMEM: PROCEDURE;
                                                 ; STATEMENT # 603
                         ; PROC  ?CLEARMEM
                  /* CLEAR MEMORY BUFFER */
 604   2          CALL SETFF;
                                                 ; STATEMENT # 604
           148E  CD6211          CALL    ?SETFF
 605   2          CALL WRITEOUT;
                                                 ; STATEMENT # 605
           1491  CD4E14          CALL    ?WRITEOUT
 606   2          END CLEARMEM;
                                                 ; STATEMENT # 606
           1494  C9              RET
               
 607   1      TERMINATE: PROCEDURE;
                                                 ; STATEMENT # 607
                         ; PROC  ?TERMINATE
                  /* CLEAR BUFFERS */
 608   2          CALL CLEARMEM;
                                                 ; STATEMENT # 608
           1495  CD8E14          CALL    ?CLEARMEM
 609   2              DO WHILE (CHAR := GETSOURCE) <> ENDFILE;
                                                 ; STATEMENT # 609
                         @253:
PL/M-80 COMPILER                                                                                                PAGE  51


           1498  CDBC0D          CALL    ?GETSOURCE
           149B  32B402          STA     ?CHAR
           149E  FE1A            CPI     1AH
           14A0  CAAD14          JZ      @254
 610   3              CALL PUTDEST(CHAR);
                                                 ; STATEMENT # 610
           14A3  2AB402          LHLD    ?CHAR
           14A6  4D              MOV     C,L
           14A7  CD4C0E          CALL    ?PUTDEST
 611   3              END;
                                                 ; STATEMENT # 611
           14AA  C39814          JMP     @253
                         @254:
 612   2          CALL FINIS;
                                                 ; STATEMENT # 612
           14AD  CDA70E          CALL    ?FINIS
 613   2          END TERMINATE;
                                                 ; STATEMENT # 613
           14B0  C9              RET
               
               
 614   1      INSERT: PROCEDURE;
                                                 ; STATEMENT # 614
                         ; PROC  ?INSERT
                  /* INSERT CHAR INTO MEMORY BUFFER */
 615   2          IF FRONT = BACK THEN GO TO OVERFLOW;
                                                 ; STATEMENT # 615
           14B1  01B702          LXI     B,?BACK
           14B4  11B502          LXI     D,?FRONT
           14B7  CD0000          CALL    @P0098 
           14BA  B5              ORA     L
           14BB  C2C114          JNZ     @84
                                                 ; STATEMENT # 616
           14BE  C3D901          JMP     ?OVERFLOW
                         @84:
 617   2          MEMORY(FRONT) = CHAR; CALL INCFRONT;
                                                 ; STATEMENT # 617
           14C1  2AB502          LHLD    ?FRONT
           14C4  010000          LXI     B,?MEMORY
           14C7  09              DAD     B
           14C8  3AB402          LDA     ?CHAR
           14CB  77              MOV     M,A
                                                 ; STATEMENT # 618
           14CC  CD7A12          CALL    ?INCFRONT
 619   2          IF CHAR = LF THEN CALL INCBASE;
                                                 ; STATEMENT # 619
           14CF  3AB402          LDA     ?CHAR
           14D2  FE0A            CPI     0AH
           14D4  C2DA14          JNZ     @85
                                                 ; STATEMENT # 620
           14D7  CD9A12          CALL    ?INCBASE
                         @85:
 621   2          END INSERT;
                                                 ; STATEMENT # 621
           14DA  C9              RET
               
 622   1      SCANNING: PROCEDURE BYTE;
PL/M-80 COMPILER                                                                                                PAGE  52


                                                 ; STATEMENT # 622
                         ; PROC  ?SCANNING
                  /* READ A CHARACTER AND CHECK FOR ENDFILE OR CR */
 623   2          RETURN NOT ((CHAR := READC) = ENDFILE OR
                                                 ; STATEMENT # 623
                                 (CHAR = CR AND NOT INSERTING));
           14DB  CD4010          CALL    ?READC
           14DE  32B402          STA     ?CHAR
           14E1  D61A            SUI     1AH
           14E3  D601            SUI     1
           14E5  9F              SBB     A
           14E6  F5              PUSH    PSW     ; 1
           14E7  3AB402          LDA     ?CHAR
           14EA  D60D            SUI     0DH
           14EC  D601            SUI     1
           14EE  9F              SBB     A
           14EF  F5              PUSH    PSW     ; 2
           14F0  3A9F02          LDA     ?INSERTING
           14F3  2F              CMA
           14F4  C1              POP     B       ; 2
           14F5  48              MOV     C,B
           14F6  A1              ANA     C
           14F7  C1              POP     B       ; 1
           14F8  48              MOV     C,B
           14F9  B1              ORA     C
           14FA  2F              CMA
           14FB  C9              RET
 624   2          END SCANNING;
                                                 ; STATEMENT # 624
               
 625   1      COLLECT: PROCEDURE;
                                                 ; STATEMENT # 625
                         ; PROC  ?COLLECT
                  /* READ COMMAND BUFFER AND INSERT CHARACTERS INTO
                  SCRATCH 'TIL NEXT CONTROL-Z OR CR FOR  FIND, NEXT, JUXT, OR
                  SUBSTITUTE COMMANDS - FILL AT WBE AND INCREMENT WBE SO IT
                  ADDRESSES NEXT EMPTY POSITION OF SCRATCH */
 626   2          SETSCR: PROCEDURE;
                                                 ; STATEMENT # 626
                         ; PROC  ?SETSCR
 627   3              SCRATCH(WBE) = CHAR;
                                                 ; STATEMENT # 627
           152A  2A9702          LHLD    ?WBE
           152D  2600            MVI     H,0
           152F  013202          LXI     B,?SCRATCH
           1532  09              DAD     B
           1533  3AB402          LDA     ?CHAR
           1536  77              MOV     M,A
 628   3              IF (WBE := WBE + 1) >= SCRSIZE THEN GO TO OVERFLOW;
                                                 ; STATEMENT # 628
           1537  3A9702          LDA     ?WBE
           153A  3C              INR     A
           153B  329702          STA     ?WBE
           153E  FE64            CPI     64H
           1540  DA4615          JC      @86
                                                 ; STATEMENT # 629
           1543  C3D901          JMP     ?OVERFLOW
PL/M-80 COMPILER                                                                                                PAGE  53


                         @86:
 630   3              END SETSCR;
                                                 ; STATEMENT # 630
           1546  C9              RET
 631   2              DO WHILE SCANNING;
                                                 ; STATEMENT # 631
                         @255:
           14FC  CDDB14          CALL    ?SCANNING
           14FF  1F              RAR
           1500  D22915          JNC     @256
 632   3              IF CHAR = CTLL THEN
                                                 ; STATEMENT # 632
           1503  3AB402          LDA     ?CHAR
           1506  FE0C            CPI     0CH
           1508  C21815          JNZ     @87
 633   3                  DO; CHAR = CR; CALL SETSCR;
                                                 ; STATEMENT # 634
           150B  21B402          LXI     H,?CHAR
           150E  360D            MVI     M,0DH
                                                 ; STATEMENT # 635
           1510  CD2A15          CALL    ?SETSCR
 636   4                  CHAR = LF;
                                                 ; STATEMENT # 636
           1513  21B402          LXI     H,?CHAR
           1516  360A            MVI     M,0AH
 637   4                  END;
                                                 ; STATEMENT # 637
                         @87:
 638   3              IF CHAR = 0 THEN GO TO BADCOM;
                                                 ; STATEMENT # 638
           1518  3AB402          LDA     ?CHAR
           151B  FE00            CPI     0H
           151D  C22315          JNZ     @88
                                                 ; STATEMENT # 639
           1520  C3CE01          JMP     ?BADCOM
                         @88:
 640   3              CALL SETSCR;
                                                 ; STATEMENT # 640
           1523  CD2A15          CALL    ?SETSCR
 641   3              END;
                                                 ; STATEMENT # 641
           1526  C3FC14          JMP     @255
                         @256:
 642   2          END COLLECT;
                                                 ; STATEMENT # 642
           1529  C9              RET
               
 643   1      FIND: PROCEDURE(PA,PB) BYTE;
                                                 ; STATEMENT # 643
                         ; PROC  ?FIND
           1547  21CD02          LXI     H,?PB
           154A  73              MOV     M,E
           154B  2B              DCX     H
           154C  71              MOV     M,C
 644   2          DECLARE (PA,PB) BYTE;
                  /* FIND THE STRING IN SCRATCH STARTING AT PA AND ENDING AT PB */
 645   2          DECLARE J ADDRESS,
PL/M-80 COMPILER                                                                                                PAGE  54


                      (K, MATCH) BYTE;
 646   2          J = BACK ;
                                                 ; STATEMENT # 646
           154D  2AB702          LHLD    ?BACK
           1550  22CE02          SHLD    ?J
 647   2          MATCH = FALSE;
                                                 ; STATEMENT # 647
           1553  21D102          LXI     H,?MATCH
           1556  3600            MVI     M,0H
 648   2              DO WHILE NOT MATCH AND (MAXM > J);
                                                 ; STATEMENT # 648
                         @257:
           1558  3AD102          LDA     ?MATCH
           155B  2F              CMA
           155C  11CE02          LXI     D,?J
           155F  010200          LXI     B,?MAXM
           1562  F5              PUSH    PSW     ; 1
           1563  CD0000          CALL    @P0098 
           1566  9F              SBB     A
           1567  C1              POP     B       ; 1
           1568  48              MOV     C,B
           1569  A1              ANA     C
           156A  1F              RAR
           156B  D2BC15          JNC     @258
 649   3              LAST,J = J + 1; /* START SCAN AT J */
                                                 ; STATEMENT # 649
           156E  2ACE02          LHLD    ?J
           1571  23              INX     H
           1572  22BB02          SHLD    ?LAST
           1575  22CE02          SHLD    ?J
 650   3              K = PA ; /* ATTEMPT STRING MATCH AT K */
                                                 ; STATEMENT # 650
           1578  3ACC02          LDA     ?PA
           157B  32D002          STA     ?K
 651   3                  DO WHILE SCRATCH(K) = MEMORY(LAST) AND
                                                 ; STATEMENT # 651
                         @259:
           157E  2AD002          LHLD    ?K
           1581  2600            MVI     H,0
           1583  013202          LXI     B,?SCRATCH
           1586  09              DAD     B
           1587  E5              PUSH    H       ; 1
           1588  2ABB02          LHLD    ?LAST
           158B  010000          LXI     B,?MEMORY
           158E  09              DAD     B
           158F  D1              POP     D       ; 1
           1590  1A              LDAX    D
           1591  96              SUB     M
           1592  D601            SUI     1
           1594  9F              SBB     A
           1595  21CD02          LXI     H,?PB
           1598  F5              PUSH    PSW     ; 1
           1599  3AD002          LDA     ?K
           159C  96              SUB     M
           159D  D601            SUI     1
           159F  9F              SBB     A
           15A0  32D102          STA     ?MATCH
PL/M-80 COMPILER                                                                                                PAGE  55


           15A3  2F              CMA
           15A4  C1              POP     B       ; 1
           15A5  48              MOV     C,B
           15A6  A1              ANA     C
           15A7  1F              RAR
           15A8  D2B915          JNC     @260
                              NOT (MATCH := K = PB);
                          /* MATCHED ONE MORE CHARACTER */
 652   4                  K = K + 1; LAST = LAST + 1;
                                                 ; STATEMENT # 652
           15AB  21D002          LXI     H,?K
           15AE  34              INR     M
                                                 ; STATEMENT # 653
           15AF  2ABB02          LHLD    ?LAST
           15B2  23              INX     H
           15B3  22BB02          SHLD    ?LAST
 654   4                  END;
                                                 ; STATEMENT # 654
           15B6  C37E15          JMP     @259
                         @260:
 655   3              END;
                                                 ; STATEMENT # 655
           15B9  C35815          JMP     @257
                         @258:
 656   2          IF MATCH THEN /* MOVE STORAGE */
                                                 ; STATEMENT # 656
           15BC  3AD102          LDA     ?MATCH
           15BF  1F              RAR
           15C0  D2CD15          JNC     @89
 657   2              DO; LAST = LAST - 1; CALL MOVER;
                                                 ; STATEMENT # 658
           15C3  2ABB02          LHLD    ?LAST
           15C6  2B              DCX     H
           15C7  22BB02          SHLD    ?LAST
                                                 ; STATEMENT # 659
           15CA  CD2A13          CALL    ?MOVER
 660   3              END;
                                                 ; STATEMENT # 660
                         @89:
 661   2          RETURN MATCH;
                                                 ; STATEMENT # 661
           15CD  3AD102          LDA     ?MATCH
           15D0  C9              RET
 662   2          END FIND;
                                                 ; STATEMENT # 662
               
 663   1      SETFIND: PROCEDURE;
                                                 ; STATEMENT # 663
                         ; PROC  ?SETFIND
                  /* SETUP THE SEARCH STRING FOR F,N, AND S COMMANDS */
 664   2          WBE = 0; CALL COLLECT; WBP = WBE;
                                                 ; STATEMENT # 664
           15D1  219702          LXI     H,?WBE
           15D4  3600            MVI     M,0H
                                                 ; STATEMENT # 665
           15D6  CDFC14          CALL    ?COLLECT
                                                 ; STATEMENT # 666
PL/M-80 COMPILER                                                                                                PAGE  56


           15D9  3A9702          LDA     ?WBE
           15DC  329602          STA     ?WBP
 667   2          END SETFIND;
                                                 ; STATEMENT # 667
           15DF  C9              RET
               
 668   1      CHKFOUND: PROCEDURE;
                                                 ; STATEMENT # 668
                         ; PROC  ?CHKFOUND
                  /* CHECK FOR FOUND STRING IN F AND S COMMANDS */
 669   2          IF NOT FIND(0,WBP) THEN /* NO MATCH */ GO TO OVERCOUNT;
                                                 ; STATEMENT # 669
           15E0  2A9602          LHLD    ?WBP
           15E3  EB              XCHG
           15E4  0E00            MVI     C,0H
           15E6  CD4715          CALL    ?FIND
           15E9  1F              RAR
           15EA  DAF015          JC      @90
                                                 ; STATEMENT # 670
           15ED  C3C301          JMP     ?OVERCOUNT
                         @90:
 671   2          END CHKFOUND;
                                                 ; STATEMENT # 671
           15F0  C9              RET
               
               
               
 672   1      SETRFCB: PROCEDURE;
                                                 ; STATEMENT # 672
                         ; PROC  ?SETRFCB
                  /* PLACE CHAR INTO READ FILE CONTROL BLOCK AND INCREMENT */
 673   2          RFCB((RBP := RBP + 1) - 1) = UCASE(CHAR);
                                                 ; STATEMENT # 673
           15F1  2AB402          LHLD    ?CHAR
           15F4  4D              MOV     C,L
           15F5  CD5A0F          CALL    ?UCASE
           15F8  F5              PUSH    PSW     ; 1
           15F9  3A2700          LDA     ?RBP
           15FC  3C              INR     A
           15FD  322700          STA     ?RBP
           1600  3D              DCR     A
           1601  4F              MOV     C,A
           1602  0600            MVI     B,0
           1604  210600          LXI     H,?RFCB
           1607  09              DAD     B
           1608  C1              POP     B       ; 1
           1609  48              MOV     C,B
           160A  71              MOV     M,C
 674   2          END SETRFCB;
                                                 ; STATEMENT # 674
           160B  C9              RET
               
 675   1      PRINTREL: PROCEDURE;
                                                 ; STATEMENT # 675
                         ; PROC  ?PRINTREL
 676   2          CALL PRINTLINE(BASELINE+RELLINE);
                                                 ; STATEMENT # 676
PL/M-80 COMPILER                                                                                                PAGE  57


           160C  2AA501          LHLD    ?RELLINE
           160F  EB              XCHG
           1610  2AA301          LHLD    ?BASELINE
           1613  19              DAD     D
           1614  44              MOV     B,H
           1615  4D              MOV     C,L
           1616  CDF50F          CALL    ?PRINTLINE
 677   2          END PRINTREL;
                                                 ; STATEMENT # 677
           1619  C9              RET
        
 678   1      TYPELINES: PROCEDURE;
                                                 ; STATEMENT # 678
                         ; PROC  ?TYPELINES
 679   2          DCL I ADDR;
 680   2          DCL C BYTE;
 681   2          CALL SETLIMITS;
                                                 ; STATEMENT # 681
                  /* DISABLE THE * PROMPT */
           161A  CD9111          CALL    ?SETLIMITS
 682   2          INSERTING = TRUE;
                                                 ; STATEMENT # 682
           161D  219F02          LXI     H,?INSERTING
           1620  3601            MVI     M,1H
 683   2          IF DIRECTION = FORWARD THEN
                                                 ; STATEMENT # 683
           1622  3AB302          LDA     ?DIRECTION
           1625  FE01            CPI     1H
           1627  C23916          JNZ     @91
 684   2              DO; RELLINE = 0; I = FRONT;
                                                 ; STATEMENT # 685
           162A  210000          LXI     H,0H
           162D  22A501          SHLD    ?RELLINE
                                                 ; STATEMENT # 686
           1630  2AB502          LHLD    ?FRONT
           1633  22D202          SHLD    ?I
 687   3              END; ELSE
                                                 ; STATEMENT # 687
           1636  C33F16          JMP     @92
                         @91:
 688   2              I = FIRST;
                                                 ; STATEMENT # 688
           1639  2AB902          LHLD    ?FIRST
           163C  22D202          SHLD    ?I
                         @92:
 689   2          IF (C := MEMORY(I-1)) = LF AND COLUMN <> 0 THEN
                                                 ; STATEMENT # 689
           163F  2AD202          LHLD    ?I
           1642  2B              DCX     H
           1643  010000          LXI     B,?MEMORY
           1646  09              DAD     B
           1647  7E              MOV     A,M
           1648  32D402          STA     ?C
           164B  D60A            SUI     0AH
           164D  D601            SUI     1
           164F  9F              SBB     A
           1650  F5              PUSH    PSW     ; 1
PL/M-80 COMPILER                                                                                                PAGE  58


           1651  3AFB00          LDA     ?COLUMN
           1654  D600            SUI     0H
           1656  C6FF            ADI     255
           1658  9F              SBB     A
           1659  C1              POP     B       ; 1
           165A  48              MOV     C,B
           165B  A1              ANA     C
           165C  1F              RAR
           165D  D26316          JNC     @93
 690   2              CALL CRLF;
                                                 ; STATEMENT # 690
           1660  CDD10A          CALL    ?CRLF
                         @93:
 691   2              DO I = FIRST TO LAST;
                                                 ; STATEMENT # 691
           1663  2AB902          LHLD    ?FIRST
           1666  22D202          SHLD    ?I
                         @261:
           1669  11BB02          LXI     D,?LAST
           166C  01D202          LXI     B,?I
           166F  CD0000          CALL    @P0098 
           1672  DAAD16          JC      @262
 692   3              IF C = LF THEN
                                                 ; STATEMENT # 692
           1675  3AD402          LDA     ?C
           1678  FE0A            CPI     0AH
           167A  C29116          JNZ     @94
 693   3                  DO;
 694   4                  CALL PRINTREL;
                                                 ; STATEMENT # 694
           167D  CD0C16          CALL    ?PRINTREL
 695   4                  RELLINE = RELLINE + 1;
                                                 ; STATEMENT # 695
           1680  2AA501          LHLD    ?RELLINE
           1683  23              INX     H
           1684  22A501          SHLD    ?RELLINE
 696   4                  IF BREAK$KEY THEN GO TO OVERCOUNT;
                                                 ; STATEMENT # 696
           1687  CDA60B          CALL    ?BREAKKEY
           168A  1F              RAR
           168B  D29116          JNC     @95
                                                 ; STATEMENT # 697
           168E  C3C301          JMP     ?OVERCOUNT
                         @95:
 698   4                  END;
                                                 ; STATEMENT # 698
                         @94:
 699   3              CALL PRINTC(C:=MEMORY(I));
                                                 ; STATEMENT # 699
           1691  2AD202          LHLD    ?I
           1694  010000          LXI     B,?MEMORY
           1697  09              DAD     B
           1698  7E              MOV     A,M
           1699  32D402          STA     ?C
           169C  4F              MOV     C,A
           169D  CDAD0A          CALL    ?PRINTC
 700   3              END;
PL/M-80 COMPILER                                                                                                PAGE  59


                                                 ; STATEMENT # 700
           16A0  110100          LXI     D,1H
           16A3  2AD202          LHLD    ?I
           16A6  19              DAD     D
           16A7  22D202          SHLD    ?I
           16AA  D26916          JNC     @261
                         @262:
 701   2          END TYPELINES;
                                                 ; STATEMENT # 701
           16AD  C9              RET
               
 702   1      SETLPP: PROCEDURE;
                                                 ; STATEMENT # 702
                         ; PROC  ?SETLPP
                  /* SET DISTANCE TO LINES PER PAGE */
 703   2          DISTANCE = LPP;
                                                 ; STATEMENT # 703
           16AE  211700          LXI     H,17H
           16B1  22AF02          SHLD    ?DISTANCE
 704   2          END SETLPP;
                                                 ; STATEMENT # 704
           16B4  C9              RET
               
 705   1      SAVEDIST: PROCEDURE;
                                                 ; STATEMENT # 705
                         ; PROC  ?SAVEDIST
 706   2          TDIST = DISTANCE;
                                                 ; STATEMENT # 706
           16B5  2AAF02          LHLD    ?DISTANCE
           16B8  22B102          SHLD    ?TDIST
 707   2          END SAVEDIST;
                                                 ; STATEMENT # 707
           16BB  C9              RET
               
 708   1      RESTDIST: PROCEDURE;
                                                 ; STATEMENT # 708
                         ; PROC  ?RESTDIST
 709   2          DISTANCE = TDIST;
                                                 ; STATEMENT # 709
           16BC  2AB102          LHLD    ?TDIST
           16BF  22AF02          SHLD    ?DISTANCE
 710   2          END RESTDIST;
                                                 ; STATEMENT # 710
           16C2  C9              RET
               
 711   1      PAGE: PROCEDURE;
                                                 ; STATEMENT # 711
                         ; PROC  ?PAGE
 712   2          DECLARE I BYTE;
 713   2          CALL SAVEDIST;
                                                 ; STATEMENT # 713
           16C3  CDB516          CALL    ?SAVEDIST
 714   2          CALL SETLPP;
                                                 ; STATEMENT # 714
           16C6  CDAE16          CALL    ?SETLPP
 715   2          CALL MOVELINES;
                                                 ; STATEMENT # 715
PL/M-80 COMPILER                                                                                                PAGE  60


           16C9  CD3613          CALL    ?MOVELINES
 716   2          I = DIRECTION;
                                                 ; STATEMENT # 716
           16CC  3AB302          LDA     ?DIRECTION
           16CF  32D502          STA     ?I
 717   2          DIRECTION = FORWARD;
                                                 ; STATEMENT # 717
           16D2  21B302          LXI     H,?DIRECTION
           16D5  3601            MVI     M,1H
 718   2          CALL SETLPP;
                                                 ; STATEMENT # 718
           16D7  CDAE16          CALL    ?SETLPP
 719   2          CALL TYPELINES;
                                                 ; STATEMENT # 719
           16DA  CD1A16          CALL    ?TYPELINES
 720   2          DIRECTION = I;
                                                 ; STATEMENT # 720
           16DD  3AD502          LDA     ?I
           16E0  32B302          STA     ?DIRECTION
 721   2          IF LAST = MAXM OR FIRST = 1 THEN CALL ZERODIST;
                                                 ; STATEMENT # 721
           16E3  010200          LXI     B,?MAXM
           16E6  11BB02          LXI     D,?LAST
           16E9  CD0000          CALL    @P0098 
           16EC  B5              ORA     L
           16ED  D601            SUI     1
           16EF  9F              SBB     A
           16F0  F5              PUSH    PSW     ; 1
           16F1  3E01            MVI     A,1H
           16F3  11B902          LXI     D,?FIRST
           16F6  CD0000          CALL    @P0101 
           16F9  B5              ORA     L
           16FA  D601            SUI     1
           16FC  9F              SBB     A
           16FD  C1              POP     B       ; 1
           16FE  48              MOV     C,B
           16FF  B1              ORA     C
           1700  1F              RAR
           1701  D20A17          JNC     @96
                                                 ; STATEMENT # 722
           1704  CD7611          CALL    ?ZERODIST
           1707  C30D17          JMP     @97
                         @96:
 723   2              ELSE CALL RESTDIST;
                                                 ; STATEMENT # 723
           170A  CDBC16          CALL    ?RESTDIST
                         @97:
 724   2          END PAGE;
                                                 ; STATEMENT # 724
           170D  C9              RET
               
 725   1      WAIT: PROCEDURE;
                                                 ; STATEMENT # 725
                         ; PROC  ?WAIT
                  /* 1/2 SECOND TIME OUT */
 726   2          DECLARE I BYTE;
 727   2              DO I = 0 TO 19;
PL/M-80 COMPILER                                                                                                PAGE  61


                                                 ; STATEMENT # 727
           170E  21D602          LXI     H,?I
           1711  3600            MVI     M,0H
                         @263:
           1713  3E13            MVI     A,13H
           1715  21D602          LXI     H,?I
           1718  BE              CMP     M
           1719  DA3217          JC      @264
 728   3              IF BREAK$KEY THEN GO TO RESET;
                                                 ; STATEMENT # 728
           171C  CDA60B          CALL    ?BREAKKEY
           171F  1F              RAR
           1720  D22617          JNC     @98
                                                 ; STATEMENT # 729
           1723  C3E101          JMP     ?RESET
                         @98:
 730   3              CALL TIME(250);
                                                 ; STATEMENT # 730
           1726  3EFA            MVI     A,0FAH
           1728  CD0000          CALL    @P0105     
 731   3              END;
                                                 ; STATEMENT # 731
                         @265:
           172B  21D602          LXI     H,?I
           172E  34              INR     M
           172F  C21317          JNZ     @263
                         @264:
 732   2          END WAIT;
                                                 ; STATEMENT # 732
           1732  C9              RET
               
 733   1      SETFORWARD: PROCEDURE;
                                                 ; STATEMENT # 733
                         ; PROC  ?SETFORWARD
 734   2          DIRECTION = FORWARD;
                                                 ; STATEMENT # 734
           1733  21B302          LXI     H,?DIRECTION
           1736  3601            MVI     M,1H
 735   2          DISTANCE = 1;
                                                 ; STATEMENT # 735
           1738  210100          LXI     H,1H
           173B  22AF02          SHLD    ?DISTANCE
 736   2          END SETFORWARD;
                                                 ; STATEMENT # 736
           173E  C9              RET
               
 737   1      APPHALF: PROCEDURE;
                                                 ; STATEMENT # 737
                         ; PROC  ?APPHALF
                  /* APPEND 'TIL BUFFER IS AT LEAST HALF FULL */
 738   2          CALL SETFF; /* DISTANCE = 0FFFFH */
                                                 ; STATEMENT # 738
           173F  CD6211          CALL    ?SETFF
 739   2              DO WHILE DISTNZERO;
                                                 ; STATEMENT # 739
                         @266:
           1742  CD7D11          CALL    ?DISTNZERO
PL/M-80 COMPILER                                                                                                PAGE  62


           1745  1F              RAR
           1746  D26117          JNC     @267
 740   3              IF FRONT >= HMAX THEN CALL ZERODIST; ELSE
                                                 ; STATEMENT # 740
           1749  010400          LXI     B,?HMAX
           174C  11B502          LXI     D,?FRONT
           174F  CD0000          CALL    @P0098 
           1752  DA5B17          JC      @99
                                                 ; STATEMENT # 741
           1755  CD7611          CALL    ?ZERODIST
           1758  C35E17          JMP     @100
                         @99:
 742   3              CALL READLINE;
                                                 ; STATEMENT # 742
           175B  CD9C13          CALL    ?READLINE
                         @100:
 743   3              END;
                                                 ; STATEMENT # 743
           175E  C34217          JMP     @266
                         @267:
 744   2          END APPHALF;
                                                 ; STATEMENT # 744
           1761  C9              RET
               
 745   1      INSCRLF: PROCEDURE;
                                                 ; STATEMENT # 745
                         ; PROC  ?INSCRLF
                  /* INSERT CR LF CHARACTERS */
 746   2          CHAR = CR; CALL INSERT;
                                                 ; STATEMENT # 746
           1762  21B402          LXI     H,?CHAR
           1765  360D            MVI     M,0DH
                                                 ; STATEMENT # 747
           1767  CDB114          CALL    ?INSERT
 748   2          CHAR = LF; CALL INSERT;
                                                 ; STATEMENT # 748
           176A  21B402          LXI     H,?CHAR
           176D  360A            MVI     M,0AH
                                                 ; STATEMENT # 749
           176F  CDB114          CALL    ?INSERT
 750   2          END INSCRLF;
                                                 ; STATEMENT # 750
           1772  C9              RET
               
 751   1      TESTCASE: PROCEDURE;
                                                 ; STATEMENT # 751
                         ; PROC  ?TESTCASE
 752   2          DECLARE T BYTE;
                  /* TEST FOR UPPER OR LOWER CASE COMMAND AND SET TRANSLATE
                  FLAG (USED TO DETERMINE IF CHARACTERS WHICH FOLLOW GO TO UPPER */
 753   2          TRANSLATE = TRUE;
                                                 ; STATEMENT # 753
           1773  21A202          LXI     H,?TRANSLATE
           1776  3601            MVI     M,1H
 754   2          T = LOWERCASE(CHAR);
                                                 ; STATEMENT # 754
           1778  2AB402          LHLD    ?CHAR
PL/M-80 COMPILER                                                                                                PAGE  63


           177B  4D              MOV     C,L
           177C  CD420F          CALL    ?LOWERCASE
           177F  32D702          STA     ?T
 755   2          CHAR = UTRAN(CHAR);
                                                 ; STATEMENT # 755
           1782  2AB402          LHLD    ?CHAR
           1785  4D              MOV     C,L
           1786  CD730F          CALL    ?UTRAN
           1789  32B402          STA     ?CHAR
 756   2          TRANSLATE = UPPER OR NOT T;
                                                 ; STATEMENT # 756
           178C  3AD702          LDA     ?T
           178F  2F              CMA
           1790  21A302          LXI     H,?UPPER
           1793  B6              ORA     M
           1794  2B              DCX     H
           1795  77              MOV     M,A
 757   2          END TESTCASE;
                                                 ; STATEMENT # 757
           1796  C9              RET
               
 758   1      READCTRAN: PROCEDURE;
                                                 ; STATEMENT # 758
                         ; PROC  ?READCTRAN
                  /* SET TRANSLATE TO FALSE AND READ NEXT CHARACTER */
 759   2          TRANSLATE = FALSE;
                                                 ; STATEMENT # 759
           1797  21A202          LXI     H,?TRANSLATE
           179A  3600            MVI     M,0H
 760   2          CHAR = READC;
                                                 ; STATEMENT # 760
           179C  CD4010          CALL    ?READC
           179F  32B402          STA     ?CHAR
 761   2          CALL TESTCASE;
                                                 ; STATEMENT # 761
           17A2  CD7317          CALL    ?TESTCASE
 762   2          END READCTRAN;
                                                 ; STATEMENT # 762
           17A5  C9              RET
               
 763   1      SINGLECOM: PROCEDURE(C) BYTE;
                                                 ; STATEMENT # 763
                         ; PROC  ?SINGLECOM
           17A6  21D802          LXI     H,?C
           17A9  71              MOV     M,C
                  /* RETURN TRUE IF COMMAND IS ONLY CHARACTER, NOT IN MACRO */
 764   2          DECLARE C BYTE;
 765   2          RETURN CHAR = C AND COMLEN = 1 AND MP = 0;
                                                 ; STATEMENT # 765
           17AA  21D802          LXI     H,?C
           17AD  3AB402          LDA     ?CHAR
           17B0  96              SUB     M
           17B1  D601            SUI     1
           17B3  9F              SBB     A
           17B4  F5              PUSH    PSW     ; 1
           17B5  3A1D01          LDA     ?COMLEN
           17B8  D601            SUI     1H
PL/M-80 COMPILER                                                                                                PAGE  64


           17BA  D601            SUI     1
           17BC  9F              SBB     A
           17BD  C1              POP     B       ; 1
           17BE  48              MOV     C,B
           17BF  A1              ANA     C
           17C0  F5              PUSH    PSW     ; 1
           17C1  3A9A02          LDA     ?MP
           17C4  D600            SUI     0H
           17C6  D601            SUI     1
           17C8  9F              SBB     A
           17C9  C1              POP     B       ; 1
           17CA  48              MOV     C,B
           17CB  A1              ANA     C
           17CC  C9              RET
 766   2          END SINGLECOM;
                                                 ; STATEMENT # 766
               
 767   1      SINGLERCOM: PROCEDURE(C) BYTE;
                                                 ; STATEMENT # 767
                         ; PROC  ?SINGLERCOM
           17CD  21D902          LXI     H,?C
           17D0  71              MOV     M,C
 768   2          DECLARE C BYTE;
                  /* RETURN TRUE IF COMMAND IS ONLY CHARACTER, NOT IN MACRO, AND
                  THE OPERATOR HAS RESPONDED WITH 'Y' TO A Y/N REQUEST */
 769   2          IF SINGLECOM(C) THEN
                                                 ; STATEMENT # 769
           17D1  2AD902          LHLD    ?C
           17D4  4D              MOV     C,L
           17D5  CDA617          CALL    ?SINGLECOM
           17D8  1F              RAR
           17D9  D20918          JNC     @101
 770   2              DO; CALL CRLF; CALL PRINTCHAR(C);
                                                 ; STATEMENT # 771
           17DC  CDD10A          CALL    ?CRLF
                                                 ; STATEMENT # 772
           17DF  2AD902          LHLD    ?C
           17E2  4D              MOV     C,L
           17E3  CDDE09          CALL    ?PRINTCHAR
 773   3              CALL MON1(9,.('-(Y/N)',WHAT,'$'));
                                                 ; STATEMENT # 773
           17E6  11A000          LXI     D,$-1746H
           17E9  0E09            MVI     C,9H
           17EB  CD0000          CALL    ?MON1
 774   3              C = UCASE(READCHAR); CALL CRLF;
                                                 ; STATEMENT # 774
           17EE  CDD509          CALL    ?READCHAR
           17F1  4F              MOV     C,A
           17F2  CD5A0F          CALL    ?UCASE
           17F5  32D902          STA     ?C
                                                 ; STATEMENT # 775
           17F8  CDD10A          CALL    ?CRLF
 776   3              IF C <> 'Y' THEN GO TO START;
                                                 ; STATEMENT # 776
           17FB  3AD902          LDA     ?C
           17FE  FE59            CPI     59H
           1800  CA0618          JZ      @102
PL/M-80 COMPILER                                                                                                PAGE  65


                                                 ; STATEMENT # 777
           1803  C30602          JMP     ?START
                         @102:
 778   3              RETURN TRUE;
                                                 ; STATEMENT # 778
           1806  3E01            MVI     A,1H
           1808  C9              RET
 779   3              END;
                                                 ; STATEMENT # 779
                         @101:
 780   2          RETURN FALSE;
                                                 ; STATEMENT # 780
           1809  3E00            MVI     A,0H
           180B  C9              RET
 781   2          END SINGLERCOM;
                                                 ; STATEMENT # 781
               
               
               
               
               
               
               /* INITIALIZE THE SYSTEM */
        
 782   1      EDCOMMAND: /* PAST LXI SP,STACK */
                                                 ; STATEMENT # 782
                  /* I/O BUFFER REGION IS 1/8 AVAILABLE MEMORY */
           00C0  310000          LXI     SP,@STACK$ORIGIN 
                         ?EDCOMMAND:
                  NBUF = SHR(MAX := MAXB - .MEMORY,SECTSHF+3) - 1;
                  /* NBUF IS NUMBER OF BUFFERS - 1 */
           00C3  010000          LXI     B,?MEMORY
           00C6  110000          LXI     D,?MAXB
           00C9  CD0000          CALL    @P0100 
           00CC  220000          SHLD    ?MAX
           00CF  0E0A            MVI     C,0AH
           00D1  CD0000          CALL    @P0093 
           00D4  2B              DCX     H
           00D5  EB              XCHG
           00D6  21CB00          LXI     H,?NBUF
           00D9  73              MOV     M,E
 783   1          BUFFLENGTH = SHL(DOUBLE(NBUF+1),SECTSHF+1);
                                                 ; STATEMENT # 783
                  /* NOW SET MAX AS REMAINDER OF FREE MEMORY */
           00DA  1C              INR     E
           00DB  1600            MVI     D,0
           00DD  0E08            MVI     C,8H
           00DF  CD0000          CALL    @P0087 
           00E2  EB              XCHG
           00E3  23              INX     H
           00E4  73              MOV     M,E
           00E5  23              INX     H
           00E6  72              MOV     M,D
 784   1          IF BUFFLENGTH + 1024 > MAX THEN
                                                 ; STATEMENT # 784
           00E7  210004          LXI     H,400H
           00EA  19              DAD     D
PL/M-80 COMPILER                                                                                                PAGE  66


           00EB  110000          LXI     D,?MAX
           00EE  CD0000          CALL    @P0102 
           00F1  D2FD00          JNC     @103
 785   1              DO; CALL PRINT(.('NO MEMORY$'));
                                                 ; STATEMENT # 786
           00F4  01A800          LXI     B,$-4CH
           00F7  CDEC0A          CALL    ?PRINT
 787   2              CALL BOOT;
                                                 ; STATEMENT # 787
           00FA  CD0000          CALL    ?BOOT
 788   2              END;
                                                 ; STATEMENT # 788
                         @103:
                  /* REMOVE BUFFER SPACE AND 00 AT END OF MEMORY VECTOR */
 789   1          MAX = MAX - BUFFLENGTH - 1;
                                                 ; STATEMENT # 789
                  /* RESET BUFFER LENGTH FOR I AND O */
           00FD  01CC00          LXI     B,?BUFFLENGTH
           0100  110000          LXI     D,?MAX
           0103  CD0000          CALL    @P0098 
           0106  2B              DCX     H
           0107  EB              XCHG
           0108  2B              DCX     H
           0109  73              MOV     M,E
           010A  23              INX     H
           010B  72              MOV     M,D
 790   1          BUFFLENGTH = SHR(BUFFLENGTH,1);
                                                 ; STATEMENT # 790
           010C  0E01            MVI     C,1H
           010E  21CC00          LXI     H,?BUFFLENGTH
           0111  CD0000          CALL    @P0091 
           0114  EB              XCHG
           0115  2B              DCX     H
           0116  73              MOV     M,E
           0117  23              INX     H
           0118  72              MOV     M,D
 791   1          SBUFFADR = MAXB - BUFFLENGTH;
                                                 ; STATEMENT # 791
           0119  EB              XCHG
           011A  110000          LXI     D,?MAXB
           011D  CD0000          CALL    @P0102 
           0120  22CE00          SHLD    ?SBUFFADR
 792   1          DBUFFADR = SBUFFADR - BUFFLENGTH;
                                                 ; STATEMENT # 792
           0123  EB              XCHG
           0124  2ACC00          LHLD    ?BUFFLENGTH
           0127  CD0000          CALL    @P0095 
           012A  22F100          SHLD    ?DBUFFADR
 793   1          MEMORY(MAX) = 0; /* STOPS MATCH AT END OF BUFFER */
                                                 ; STATEMENT # 793
           012D  2A0000          LHLD    ?MAX
           0130  010000          LXI     B,?MEMORY
           0133  09              DAD     B
           0134  3600            MVI     M,0H
 794   1          MAXM = MAX - 1;
                                                 ; STATEMENT # 794
           0136  2A0000          LHLD    ?MAX
PL/M-80 COMPILER                                                                                                PAGE  67


           0139  2B              DCX     H
           013A  220200          SHLD    ?MAXM
 795   1          HMAX = SHR(MAXM,1);
                                                 ; STATEMENT # 795
                  /* NO TRANSLATE, WITH LINE NUMBERS */
           013D  0E01            MVI     C,1H
           013F  CD0000          CALL    @P0093 
           0142  220400          SHLD    ?HMAX
 796   1          UPPER, PRINTSUPPRESS = FALSE;
                                                 ; STATEMENT # 796
           0145  21A302          LXI     H,?UPPER
           0148  3600            MVI     M,0H
           014A  21F900          LXI     H,?PRINTSUPPRESS
           014D  3600            MVI     M,0H
 797   1          LINESET = TRUE;
                                                 ; STATEMENT # 797
                  /* GET SOURCE AND DESTINATION DISKS */
           014F  21A701          LXI     H,?LINESET
           0152  3601            MVI     M,1H
 798   1          IF (FCB(1) = ' ') OR (FCB(17) <> ' ') THEN CALL FERR;
                                                 ; STATEMENT # 798
           0154  3A0100          LDA     ?FCB+1H
           0157  D620            SUI     20H
           0159  D601            SUI     1
           015B  9F              SBB     A
           015C  F5              PUSH    PSW     ; 1
           015D  3A1100          LDA     ?FCB+11H
           0160  D620            SUI     20H
           0162  C6FF            ADI     255
           0164  9F              SBB     A
           0165  C1              POP     B       ; 1
           0166  48              MOV     C,B
           0167  B1              ORA     C
           0168  1F              RAR
           0169  D26F01          JNC     @104
                                                 ; STATEMENT # 799
           016C  CD0F0C          CALL    ?FERR
                         @104:
 800   1          IF (SDISK := FCB(0)) = 0 THEN SDISK = CSELECT; ELSE
                                                 ; STATEMENT # 800
           016F  3A0000          LDA     ?FCB
           0172  32F700          STA     ?SDISK
           0175  FE00            CPI     0H
           0177  C28301          JNZ     @105
                                                 ; STATEMENT # 801
           017A  CDC00B          CALL    ?CSELECT
           017D  32F700          STA     ?SDISK
           0180  C38C01          JMP     @106
                         @105:
 802   1              DO; SDISK = SDISK - 1; FCB(0) = 0; /* CLEAR DISK NAME */
                                                 ; STATEMENT # 803
           0183  21F700          LXI     H,?SDISK
           0186  35              DCR     M
                                                 ; STATEMENT # 804
           0187  210000          LXI     H,?FCB
           018A  3600            MVI     M,0H
 805   2              END;
PL/M-80 COMPILER                                                                                                PAGE  68


                                                 ; STATEMENT # 805
                         @106:
 806   1          IF (DDISK := FCB(16)) = 0 THEN DDISK = SDISK; ELSE
                                                 ; STATEMENT # 806
           018C  3A1000          LDA     ?FCB+10H
           018F  32F800          STA     ?DDISK
           0192  FE00            CPI     0H
           0194  C2A001          JNZ     @107
                                                 ; STATEMENT # 807
           0197  3AF700          LDA     ?SDISK
           019A  32F800          STA     ?DDISK
           019D  C3A401          JMP     @108
                         @107:
 808   1              DDISK = DDISK - 1;
                                                 ; STATEMENT # 808
           01A0  21F800          LXI     H,?DDISK
           01A3  35              DCR     M
                         @108:
                  /* CLEAR THE XFER FILE */
 809   1          CALL XCLEAR;
                                                 ; STATEMENT # 809
               
           01A4  CD2A0D          CALL    ?XCLEAR
 810   1      RESTART:
                                                 ; STATEMENT # 810
                         ?RESTART:
                  CALL SETUP;
           01A7  CD3B0C          CALL    ?SETUP
 811   1          MEMORY(0) = LF;
                                                 ; STATEMENT # 811
           01AA  210000          LXI     H,?MEMORY
           01AD  360A            MVI     M,0AH
 812   1          FRONT = 1; BACK = MAXM;
                                                 ; STATEMENT # 812
           01AF  210100          LXI     H,1H
           01B2  22B502          SHLD    ?FRONT
                                                 ; STATEMENT # 813
           01B5  2A0200          LHLD    ?MAXM
           01B8  22B702          SHLD    ?BACK
 814   1          COLUMN = 0;
                                                 ; STATEMENT # 814
           01BB  21FB00          LXI     H,?COLUMN
           01BE  3600            MVI     M,0H
 815   1          GO TO START;
                                                 ; STATEMENT # 815
           01C0  C30602          JMP     ?START
               
 816   1      OVERCOUNT: FLAG = POUND; GO TO RESET;
                                                 ; STATEMENT # 816
                         ?OVERCOUNT:
           01C3  310000          LXI     SP,@STACK$ORIGIN 
           01C6  219902          LXI     H,?FLAG
           01C9  3623            MVI     M,23H
                                                 ; STATEMENT # 817
           01CB  C3E101          JMP     ?RESET
               
 818   1      BADCOM: FLAG = WHAT; GO TO RESET;
PL/M-80 COMPILER                                                                                                PAGE  69


                                                 ; STATEMENT # 818
                         ?BADCOM:
           01CE  310000          LXI     SP,@STACK$ORIGIN 
           01D1  219902          LXI     H,?FLAG
           01D4  363F            MVI     M,3FH
                                                 ; STATEMENT # 819
           01D6  C3E101          JMP     ?RESET
               
 820   1      OVERFLOW: /* ARRIVE HERE ON OVERFLOW CONDITION (I,F,S COMMAND) */
                                                 ; STATEMENT # 820
                         ?OVERFLOW:
           01D9  310000          LXI     SP,@STACK$ORIGIN 
                  FLAG = '>';
               
           01DC  219902          LXI     H,?FLAG
           01DF  363E            MVI     M,3EH
 821   1      RESET: /* ARRIVE HERE ON ERROR CONDITION */
                                                 ; STATEMENT # 821
                         ?RESET:
           01E1  310000          LXI     SP,@STACK$ORIGIN 
                  PRINTSUPPRESS = FALSE;
           01E4  21F900          LXI     H,?PRINTSUPPRESS
           01E7  3600            MVI     M,0H
 822   1          CALL PRINT(.('BREAK "$'));
                                                 ; STATEMENT # 822
           01E9  01B200          LXI     B,$-137H
           01EC  CDEC0A          CALL    ?PRINT
 823   1          CALL PRINTC(FLAG);
                                                 ; STATEMENT # 823
           01EF  2A9902          LHLD    ?FLAG
           01F2  4D              MOV     C,L
           01F3  CDAD0A          CALL    ?PRINTC
 824   1          CALL PRINTM(.('" AT $'));
                                                 ; STATEMENT # 824
           01F6  01BA00          LXI     B,$-13CH
           01F9  CDDC0A          CALL    ?PRINTM
 825   1          CALL PRINTC(CHAR);
                                                 ; STATEMENT # 825
           01FC  2AB402          LHLD    ?CHAR
           01FF  4D              MOV     C,L
           0200  CDAD0A          CALL    ?PRINTC
 826   1          CALL CRLF;
                                                 ; STATEMENT # 826
        
               
           0203  CDD10A          CALL    ?CRLF
 827   1      START:
                                                 ; STATEMENT # 827
                         ?START:
           0206  310000          LXI     SP,@STACK$ORIGIN 
                  READBUFF = TRUE;
           0209  21A002          LXI     H,?READBUFF
           020C  3601            MVI     M,1H
 828   1          MP = 0;
                                                 ; STATEMENT # 828
               
               
PL/M-80 COMPILER                                                                                                PAGE  70


           020E  219A02          LXI     H,?MP
           0211  3600            MVI     M,0H
 829   1          DO FOREVER; /* OR UNTIL THE POWER IS TURNED OFF */
                                                 ; STATEMENT # 829
                         @268:
               
                  /* **************************************************************
                  SIMPLE COMMANDS (CANNOT BE PRECEDED BY DIRECTION/DISTANCE):
                           E      END THE EDIT NORMALLY
                           H      MOVE TO HEAD OF EDITED FILE
                           I      INSERT CHARACTERS
                           O      RETURN TO THE ORIGINAL FILE
                           R      READ FROM LIBRARY FILE
                           Q      QUIT EDIT WITHOUT CHANGES TO ORIGINAL FILE
                     ************************************************************** */
               
               
               
 830   2          INSERTING = FALSE;
                                                 ; STATEMENT # 830
           0213  219F02          LXI     H,?INSERTING
           0216  3600            MVI     M,0H
 831   2          CALL READCTRAN;
                                                 ; STATEMENT # 831
           0218  CD9717          CALL    ?READCTRAN
 832   2          MI = CBP; /* SAVE STARTING ADDRESS FOR <CR> COMMAND */
                                                 ; STATEMENT # 832
           021B  3A9F01          LDA     ?CBP
           021E  329B02          STA     ?MI
 833   2          IF SINGLECOM('E') THEN
                                                 ; STATEMENT # 833
           0221  0E45            MVI     C,45H
           0223  CDA617          CALL    ?SINGLECOM
           0226  1F              RAR
           0227  D24E02          JNC     @109
 834   2              DO; CALL TERMINATE;
                                                 ; STATEMENT # 835
           022A  CD9514          CALL    ?TERMINATE
 836   3              IF SDISK <> DDISK THEN /* CHANGE DISKS */
                                                 ; STATEMENT # 836
           022D  21F800          LXI     H,?DDISK
           0230  3AF700          LDA     ?SDISK
           0233  BE              CMP     M
           0234  CA4802          JZ      @110
                          /* USER CODE IN HIGH NIBBLE */
 837   3                  BDISK = (BDISK AND 0F0H) OR (DDISK AND 0FH);
                                                 ; STATEMENT # 837
           0237  3A0000          LDA     ?BDISK
           023A  E6F0            ANI     0F0H
           023C  F5              PUSH    PSW     ; 1
           023D  3AF800          LDA     ?DDISK
           0240  E60F            ANI     0FH
           0242  C1              POP     B       ; 1
           0243  48              MOV     C,B
           0244  B1              ORA     C
           0245  320000          STA     ?BDISK
                         @110:
PL/M-80 COMPILER                                                                                                PAGE  71


 838   3              CALL REBOOT;
                                                 ; STATEMENT # 838
           0248  CDE90B          CALL    ?REBOOT
 839   3              END; ELSE
                                                 ; STATEMENT # 839
           024B  C3D009          JMP     @111
                         @109:
               
               
 840   2          IF SINGLECOM('H') THEN /* GO TO TOP */
                                                 ; STATEMENT # 840
           024E  0E48            MVI     C,48H
           0250  CDA617          CALL    ?SINGLECOM
           0253  1F              RAR
           0254  D27202          JNC     @112
 841   2              DO; CALL TERMINATE;
                                                 ; STATEMENT # 842
           0257  CD9514          CALL    ?TERMINATE
 843   3              CHAR = DDISK; DDISK = SDISK; SDISK = CHAR;
                                                 ; STATEMENT # 843
           025A  3AF800          LDA     ?DDISK
           025D  32B402          STA     ?CHAR
                                                 ; STATEMENT # 844
           0260  3AF700          LDA     ?SDISK
           0263  32F800          STA     ?DDISK
                                                 ; STATEMENT # 845
                      /* PING - PONG DISKS */
           0266  3AB402          LDA     ?CHAR
           0269  32F700          STA     ?SDISK
 846   3              GO TO RESTART;
                                                 ; STATEMENT # 846
           026C  C3A701          JMP     ?RESTART
 847   3              END; ELSE
                                                 ; STATEMENT # 847
           026F  C3D009          JMP     @113
                         @112:
               
               
 848   2          IF CHAR = 'I' THEN /* INSERT CHARACTERS */
                                                 ; STATEMENT # 848
           0272  3AB402          LDA     ?CHAR
           0275  FE49            CPI     49H
           0277  C29304          JNZ     @114
 849   2              DO;
 850   3              IF (INSERTING := (CBP = COMLEN) AND (MP = 0)) THEN
                                                 ; STATEMENT # 850
           027A  211D01          LXI     H,?COMLEN
           027D  3A9F01          LDA     ?CBP
           0280  96              SUB     M
           0281  D601            SUI     1
           0283  9F              SBB     A
           0284  F5              PUSH    PSW     ; 1
           0285  3A9A02          LDA     ?MP
           0288  D600            SUI     0H
           028A  D601            SUI     1
           028C  9F              SBB     A
           028D  C1              POP     B       ; 1
PL/M-80 COMPILER                                                                                                PAGE  72


           028E  48              MOV     C,B
           028F  A1              ANA     C
           0290  329F02          STA     ?INSERTING
           0293  1F              RAR
           0294  D29A02          JNC     @115
 851   3                  CALL PRINTNMBASE;
                                                 ; STATEMENT # 851
           0297  CD3310          CALL    ?PRINTNMBASE
                         @115:
 852   3              SCOLUMN = COLUMN; /* STARTING COLUMN POSITION */
                                                 ; STATEMENT # 852
           029A  3AFB00          LDA     ?COLUMN
           029D  32FC00          STA     ?SCOLUMN
 853   3              DO WHILE SCANNING;
                                                 ; STATEMENT # 853
                         @270:
           02A0  CDDB14          CALL    ?SCANNING
           02A3  1F              RAR
           02A4  D27704          JNC     @271
 854   4                  DO WHILE CHAR <> 0;
                                                 ; STATEMENT # 854
                         @272:
           02A7  3AB402          LDA     ?CHAR
           02AA  FE00            CPI     0H
           02AC  CA7404          JZ      @273
 855   5                  IF CHAR=CTLU OR CHAR=CTLX OR CHAR=CTLR THEN
                                                 ; STATEMENT # 855
           02AF  3AB402          LDA     ?CHAR
           02B2  D615            SUI     15H
           02B4  D601            SUI     1
           02B6  9F              SBB     A
           02B7  F5              PUSH    PSW     ; 1
           02B8  3AB402          LDA     ?CHAR
           02BB  D618            SUI     18H
           02BD  D601            SUI     1
           02BF  9F              SBB     A
           02C0  C1              POP     B       ; 1
           02C1  48              MOV     C,B
           02C2  B1              ORA     C
           02C3  F5              PUSH    PSW     ; 1
           02C4  3AB402          LDA     ?CHAR
           02C7  D612            SUI     12H
           02C9  D601            SUI     1
           02CB  9F              SBB     A
           02CC  C1              POP     B       ; 1
           02CD  48              MOV     C,B
           02CE  B1              ORA     C
           02CF  1F              RAR
           02D0  D21803          JNC     @116
                              /* LINE DELETE OR RETYPE */
 856   5                      DO;
 857   6                      DISTANCE = 0; DIRECTION = BACKWARD;
                                                 ; STATEMENT # 857
           02D3  210000          LXI     H,0H
           02D6  22AF02          SHLD    ?DISTANCE
                                                 ; STATEMENT # 858
                              /* ELIMINATE OR REPEAT THE LINE */
PL/M-80 COMPILER                                                                                                PAGE  73


           02D9  7D              MOV     A,L
           02DA  32B302          STA     ?DIRECTION
 859   6                      IF CHAR = CTLR THEN
                                                 ; STATEMENT # 859
           02DD  3AB402          LDA     ?CHAR
           02E0  FE12            CPI     12H
           02E2  C2EE02          JNZ     @117
 860   6                          DO; CALL CRLF;
                                                 ; STATEMENT # 861
           02E5  CDD10A          CALL    ?CRLF
 862   7                          CALL TYPELINES;
                                                 ; STATEMENT # 862
           02E8  CD1A16          CALL    ?TYPELINES
 863   7                          END; ELSE
                                                 ; STATEMENT # 863
           02EB  C31503          JMP     @118
                         @117:
                                  /* LINE DELETE */
 864   6                          DO; CALL SETLIMITS; CALL SETPTRS;
                                                 ; STATEMENT # 865
           02EE  CD9111          CALL    ?SETLIMITS
                                                 ; STATEMENT # 866
           02F1  CD3013          CALL    ?SETPTRS
 867   7                          IF CHAR = CTLU THEN
                                                 ; STATEMENT # 867
           02F4  3AB402          LDA     ?CHAR
           02F7  FE15            CPI     15H
           02F9  C20503          JNZ     @119
 868   7                              DO; CALL CRLF; CALL PRINTNMBASE;
                                                 ; STATEMENT # 869
           02FC  CDD10A          CALL    ?CRLF
                                                 ; STATEMENT # 870
           02FF  CD3310          CALL    ?PRINTNMBASE
 871   8                              END; ELSE
                                                 ; STATEMENT # 871
           0302  C31503          JMP     @120
                         @119:
                                  /* MUST BE CTLX */
 872   7                              DO WHILE COLUMN > SCOLUMN;
                                                 ; STATEMENT # 872
                         @274:
           0305  3AFC00          LDA     ?SCOLUMN
           0308  21FB00          LXI     H,?COLUMN
           030B  BE              CMP     M
           030C  D21503          JNC     @275
 873   8                              CALL BACKSPACE;
                                                 ; STATEMENT # 873
           030F  CD1B0A          CALL    ?BACKSPACE
 874   8                              END;
                                                 ; STATEMENT # 874
           0312  C30503          JMP     @274
                         @275:
                         @120:
 875   7                          END;
                                                 ; STATEMENT # 875
                         @118:
 876   6                      END; ELSE
PL/M-80 COMPILER                                                                                                PAGE  74


                                                 ; STATEMENT # 876
           0315  C34C04          JMP     @121
                         @116:
 877   5                  IF CHAR = CTLH THEN
                                                 ; STATEMENT # 877
           0318  3AB402          LDA     ?CHAR
           031B  FE08            CPI     8H
           031D  C2B503          JNZ     @122
 878   5                      DO;
 879   6                      IF (TCOLUMN := COLUMN) > 0 THEN
                                                 ; STATEMENT # 879
           0320  3AFB00          LDA     ?COLUMN
           0323  32FD00          STA     ?TCOLUMN
           0326  4F              MOV     C,A
           0327  3E00            MVI     A,0H
           0329  B9              CMP     C
           032A  D23203          JNC     @123
 880   6                          CALL PRINTNMAC(' '); /* RESTORE AFT BACKSP */
                                                 ; STATEMENT # 880
           032D  0E20            MVI     C,20H
           032F  CD2D0F          CALL    ?PRINTNMAC
                         @123:
 881   6                      IF FRONT > 1 AND TCOLUMN > SCOLUMN THEN
                                                 ; STATEMENT # 881
           0332  3E01            MVI     A,1H
           0334  21B502          LXI     H,?FRONT
           0337  CD0000          CALL    @P0103 
           033A  9F              SBB     A
           033B  F5              PUSH    PSW     ; 1
           033C  3AFC00          LDA     ?SCOLUMN
           033F  21FD00          LXI     H,?TCOLUMN
           0342  96              SUB     M
           0343  9F              SBB     A
           0344  C1              POP     B       ; 1
           0345  48              MOV     C,B
           0346  A1              ANA     C
           0347  1F              RAR
           0348  D2A703          JNC     @124
 882   6                          DO;
 883   7                          IF MEMORY(FRONT-1) <> LF THEN
                                                 ; STATEMENT # 883
           034B  2AB502          LHLD    ?FRONT
           034E  2B              DCX     H
           034F  010000          LXI     B,?MEMORY
           0352  09              DAD     B
           0353  7E              MOV     A,M
           0354  FE0A            CPI     0AH
           0356  CAA703          JZ      @125
 884   7                              DO; /* CHARACTER CAN BE ELIMINATED */
 885   8                              CALL DECFRONT;
                                                 ; STATEMENT # 885
           0359  CD8A12          CALL    ?DECFRONT
 886   8                              PRINTSUPPRESS = TRUE;
                                                 ; STATEMENT # 886
                                      /* BACKSPACE CHARACTER ACCEPTED */
           035C  21F900          LXI     H,?PRINTSUPPRESS
           035F  3601            MVI     M,1H
PL/M-80 COMPILER                                                                                                PAGE  75


 887   8                              COLUMN = 0;
                                                 ; STATEMENT # 887
           0361  21FB00          LXI     H,?COLUMN
           0364  3600            MVI     M,0H
 888   8                              DISTANCE = 0; DIRECTION = BACKWARD;
                                                 ; STATEMENT # 888
           0366  210000          LXI     H,0H
           0369  22AF02          SHLD    ?DISTANCE
                                                 ; STATEMENT # 889
           036C  7D              MOV     A,L
           036D  32B302          STA     ?DIRECTION
 890   8                              CALL TYPELINES;
                                                 ; STATEMENT # 890
           0370  CD1A16          CALL    ?TYPELINES
 891   8                              PRINTSUPPRESS = FALSE;
                                                 ; STATEMENT # 891
                                      /* COLUMN POSITION NOW RESET */
           0373  21F900          LXI     H,?PRINTSUPPRESS
           0376  3600            MVI     M,0H
 892   8                              IF (QCOLUMN := COLUMN) < SCOLUMN THEN
                                                 ; STATEMENT # 892
           0378  3AFB00          LDA     ?COLUMN
           037B  32FE00          STA     ?QCOLUMN
           037E  21FC00          LXI     H,?SCOLUMN
           0381  BE              CMP     M
           0382  D28B03          JNC     @126
 893   8                                  QCOLUMN = SCOLUMN;
                                                 ; STATEMENT # 893
           0385  3AFC00          LDA     ?SCOLUMN
           0388  32FE00          STA     ?QCOLUMN
                         @126:
 894   8                              COLUMN = TCOLUMN; /* ORIGINAL VALUE */
                                                 ; STATEMENT # 894
           038B  3AFD00          LDA     ?TCOLUMN
           038E  32FB00          STA     ?COLUMN
 895   8                                  DO WHILE COLUMN > QCOLUMN;
                                                 ; STATEMENT # 895
                         @276:
           0391  3AFE00          LDA     ?QCOLUMN
           0394  21FB00          LXI     H,?COLUMN
           0397  BE              CMP     M
           0398  D2A103          JNC     @277
 896   9                                  CALL BACKSPACE;
                                                 ; STATEMENT # 896
           039B  CD1B0A          CALL    ?BACKSPACE
 897   9                                  END;
                                                 ; STATEMENT # 897
           039E  C39103          JMP     @276
                         @277:
 898   8                              TCOLUMN = COLUMN;
                                                 ; STATEMENT # 898
           03A1  3AFB00          LDA     ?COLUMN
           03A4  32FD00          STA     ?TCOLUMN
 899   8                              END;
                                                 ; STATEMENT # 899
                         @125:
 900   7                          END;
PL/M-80 COMPILER                                                                                                PAGE  76


                                                 ; STATEMENT # 900
                         @124:
 901   6                      CHAR = 0;
                                                 ; STATEMENT # 901
           03A7  21B402          LXI     H,?CHAR
           03AA  3600            MVI     M,0H
 902   6                      COLUMN = TCOLUMN;
                                                 ; STATEMENT # 902
           03AC  3AFD00          LDA     ?TCOLUMN
           03AF  32FB00          STA     ?COLUMN
 903   6                      END; ELSE
                                                 ; STATEMENT # 903
           03B2  C34C04          JMP     @127
                         @122:
 904   5                  IF CHAR = RUBOUT THEN
                                                 ; STATEMENT # 904
           03B5  3AB402          LDA     ?CHAR
           03B8  FE7F            CPI     7FH
           03BA  C2F503          JNZ     @128
 905   5                      DO; IF FRONT = 1 THEN GO TO RESET;
                                                 ; STATEMENT # 906
           03BD  3E01            MVI     A,1H
           03BF  11B502          LXI     D,?FRONT
           03C2  CD0000          CALL    @P0101 
           03C5  B5              ORA     L
           03C6  C2CC03          JNZ     @129
                                                 ; STATEMENT # 907
           03C9  C3E101          JMP     ?RESET
                         @129:
 908   6                      CALL DECFRONT; CALL PRINTC(CHAR:=MEMORY(FRONT));
                                                 ; STATEMENT # 908
           03CC  CD8A12          CALL    ?DECFRONT
                                                 ; STATEMENT # 909
           03CF  2AB502          LHLD    ?FRONT
           03D2  010000          LXI     B,?MEMORY
           03D5  09              DAD     B
           03D6  7E              MOV     A,M
           03D7  32B402          STA     ?CHAR
           03DA  4F              MOV     C,A
           03DB  CDAD0A          CALL    ?PRINTC
 910   6                      IF CHAR = LF THEN BASELINE=BASELINE-1;
                                                 ; STATEMENT # 910
           03DE  3AB402          LDA     ?CHAR
           03E1  FE0A            CPI     0AH
           03E3  C2ED03          JNZ     @130
                                                 ; STATEMENT # 911
           03E6  2AA301          LHLD    ?BASELINE
           03E9  2B              DCX     H
           03EA  22A301          SHLD    ?BASELINE
                         @130:
 912   6                      CHAR = 0;
                                                 ; STATEMENT # 912
           03ED  21B402          LXI     H,?CHAR
           03F0  3600            MVI     M,0H
 913   6                      END; ELSE
                                                 ; STATEMENT # 913
           03F2  C34C04          JMP     @131
PL/M-80 COMPILER                                                                                                PAGE  77


                         @128:
                          /* NOT A SPECIAL CASE */
 914   5                      DO; IF NOT GRAPHIC(CHAR) THEN
                                                 ; STATEMENT # 915
           03F5  2AB402          LHLD    ?CHAR
           03F8  4D              MOV     C,L
           03F9  CD7D0A          CALL    ?GRAPHIC
           03FC  1F              RAR
           03FD  DA0E04          JC      @132
 916   6                          DO; CALL PRINTNMAC('^');
                                                 ; STATEMENT # 917
           0400  0E5E            MVI     C,5EH
           0402  CD2D0F          CALL    ?PRINTNMAC
 918   7                          CALL PRINTNMAC(CHAR + '@');
                                                 ; STATEMENT # 918
           0405  3AB402          LDA     ?CHAR
           0408  C640            ADI     40H
           040A  4F              MOV     C,A
           040B  CD2D0F          CALL    ?PRINTNMAC
 919   7                          END;
                                                 ; STATEMENT # 919
                         @132:
 920   6                      IF CHAR = CTLL THEN
                                                 ; STATEMENT # 920
           040E  3AB402          LDA     ?CHAR
           0411  FE0C            CPI     0CH
           0413  C21C04          JNZ     @133
 921   6                          CALL INSCRLF; ELSE
                                                 ; STATEMENT # 921
           0416  CD6217          CALL    ?INSCRLF
           0419  C34C04          JMP     @134
                         @133:
 922   6                          DO; /* COLUMN COUNT GOES UP IF GRAPHIC */
                                  /* COMPUTE OUTPUT COLUMN POSITION */
 923   7                          IF MP = 0 THEN
                                                 ; STATEMENT # 923
           041C  3A9A02          LDA     ?MP
           041F  FE00            CPI     0H
           0421  C24904          JNZ     @135
 924   7                              DO; IF CHAR >= ' ' THEN
                                                 ; STATEMENT # 925
           0424  3AB402          LDA     ?CHAR
           0427  FE20            CPI     20H
           0429  DA3304          JC      @136
 926   8                              COLUMN = COLUMN + 1; ELSE
                                                 ; STATEMENT # 926
           042C  21FB00          LXI     H,?COLUMN
           042F  34              INR     M
           0430  C34904          JMP     @137
                         @136:
 927   8                              IF CHAR = TAB THEN
                                                 ; STATEMENT # 927
           0433  3AB402          LDA     ?CHAR
           0436  FE09            CPI     9H
           0438  C24904          JNZ     @138
 928   8                              COLUMN = COLUMN + (8 - (COLUMN AND 111B));
                                                 ; STATEMENT # 928
PL/M-80 COMPILER                                                                                                PAGE  78


           043B  3AFB00          LDA     ?COLUMN
           043E  E607            ANI     7H
           0440  4F              MOV     C,A
           0441  3E08            MVI     A,8H
           0443  91              SUB     C
           0444  21FB00          LXI     H,?COLUMN
           0447  86              ADD     M
           0448  77              MOV     M,A
                         @138:
                         @137:
 929   8                              END;
                                                 ; STATEMENT # 929
                         @135:
 930   7                          CALL INSERT;
                                                 ; STATEMENT # 930
           0449  CDB114          CALL    ?INSERT
 931   7                          END;
                                                 ; STATEMENT # 931
                         @134:
 932   6                      END;
                                                 ; STATEMENT # 932
                         @131:
                         @127:
                         @121:
 933   5                  IF CHAR = LF THEN CALL PRINTNMBASE;
                                                 ; STATEMENT # 933
           044C  3AB402          LDA     ?CHAR
           044F  FE0A            CPI     0AH
           0451  C25704          JNZ     @139
                                                 ; STATEMENT # 934
           0454  CD3310          CALL    ?PRINTNMBASE
                         @139:
 935   5                  IF CHAR = CR THEN
                                                 ; STATEMENT # 935
           0457  3AB402          LDA     ?CHAR
           045A  FE0D            CPI     0DH
           045C  C26C04          JNZ     @140
 936   5                      CALL PRINTNMAC(CHAR:=LF); ELSE CHAR = 0;
                                                 ; STATEMENT # 936
           045F  21B402          LXI     H,?CHAR
           0462  360A            MVI     M,0AH
           0464  0E0A            MVI     C,0AH
           0466  CD2D0F          CALL    ?PRINTNMAC
           0469  C37104          JMP     @141
                         @140:
                                                 ; STATEMENT # 937
           046C  21B402          LXI     H,?CHAR
           046F  3600            MVI     M,0H
                         @141:
 938   5                  END;
                                                 ; STATEMENT # 938
           0471  C3A702          JMP     @272
                         @273:
 939   4              END;
                                                 ; STATEMENT # 939
           0474  C3A002          JMP     @270
                         @271:
PL/M-80 COMPILER                                                                                                PAGE  79


 940   3              IF CHAR <> ENDFILE THEN /* MUST HAVE STOPPED ON CR */
                                                 ; STATEMENT # 940
           0477  3AB402          LDA     ?CHAR
           047A  FE1A            CPI     1AH
           047C  CA8204          JZ      @142
 941   3                  CALL INSCRLF;
                                                 ; STATEMENT # 941
           047F  CD6217          CALL    ?INSCRLF
                         @142:
 942   3              IF INSERTING AND LINESET THEN CALL CRLF;
                                                 ; STATEMENT # 942
           0482  3AA701          LDA     ?LINESET
           0485  219F02          LXI     H,?INSERTING
           0488  A6              ANA     M
           0489  1F              RAR
           048A  D29004          JNC     @143
                                                 ; STATEMENT # 943
           048D  CDD10A          CALL    ?CRLF
                         @143:
 944   3              END; ELSE
                                                 ; STATEMENT # 944
           0490  C3D009          JMP     @144
                         @114:
               
               
 945   2          IF SINGLERCOM('O') THEN /* FORGET THIS EDIT */
                                                 ; STATEMENT # 945
           0493  0E4F            MVI     C,4FH
           0495  CDCD17          CALL    ?SINGLERCOM
           0498  1F              RAR
           0499  D29F04          JNC     @145
 946   2              GO TO RESTART; ELSE
                                                 ; STATEMENT # 946
           049C  C3A701          JMP     ?RESTART
                         @145:
               
               
 947   2          IF CHAR = 'R' THEN
                                                 ; STATEMENT # 947
           049F  3AB402          LDA     ?CHAR
           04A2  FE52            CPI     52H
           04A4  C26E05          JNZ     @147
 948   2              DO; DECLARE I BYTE;
                      /* READ FROM LIB FILE */
 950   3              RBP = 1; CALL SETRDMA;
                                                 ; STATEMENT # 950
           04A7  212700          LXI     H,?RBP
           04AA  3601            MVI     M,1H
                                                 ; STATEMENT # 951
           04AC  CD2211          CALL    ?SETRDMA
 952   3                  DO WHILE SCANNING;
                                                 ; STATEMENT # 952
                         @278:
           04AF  CDDB14          CALL    ?SCANNING
           04B2  1F              RAR
           04B3  D2C804          JNC     @279
 953   4                  IF RBP > 8 THEN GO TO OVERCOUNT;
PL/M-80 COMPILER                                                                                                PAGE  80


                                                 ; STATEMENT # 953
           04B6  3E08            MVI     A,8H
           04B8  212700          LXI     H,?RBP
           04BB  BE              CMP     M
           04BC  D2C204          JNC     @148
                                                 ; STATEMENT # 954
           04BF  C3C301          JMP     ?OVERCOUNT
                         @148:
 955   4                  CALL SETRFCB;
                                                 ; STATEMENT # 955
           04C2  CDF115          CALL    ?SETRFCB
 956   4                  END;
                                                 ; STATEMENT # 956
           04C5  C3AF04          JMP     @278
                         @279:
 957   3              CHAR = ' ';
                                                 ; STATEMENT # 957
           04C8  21B402          LXI     H,?CHAR
           04CB  3620            MVI     M,20H
 958   3              IF (FLAG := RBP = 1) THEN /* READ FROM XFER FILE */
                                                 ; STATEMENT # 958
           04CD  3A2700          LDA     ?RBP
           04D0  D601            SUI     1H
           04D2  D601            SUI     1
           04D4  9F              SBB     A
           04D5  329902          STA     ?FLAG
           04D8  1F              RAR
           04D9  D2F904          JNC     @149
 959   3                  DO;
 960   4                  CALL MOVE(8,.XFCB(1),.RFCB(1));
                                                 ; STATEMENT # 960
           04DC  2E08            MVI     L,8H
           04DE  110700          LXI     D,?RFCB+1H
           04E1  012900          LXI     B,?XFCB+1H
           04E4  2C              INR     L
           04E5  C3EC04          JMP     $+7H
           04E8  0A              LDAX    B
           04E9  12              STAX    D
           04EA  03              INX     B
           04EB  13              INX     D
           04EC  2D              DCR     L
           04ED  C2E804          JNZ     $-5H
 961   4                  CALL CLOSE(.XFCB);
                                                 ; STATEMENT # 961
           04F0  012800          LXI     B,?XFCB
           04F3  CD210B          CALL    ?CLOSE
 962   4                  END; ELSE /* LIB NAME SPECIFIED */
                                                 ; STATEMENT # 962
           04F6  C30805          JMP     @150
                         @149:
 963   3                  DO WHILE RBP <= 8;
                                                 ; STATEMENT # 963
                         @280:
           04F9  3E08            MVI     A,8H
           04FB  212700          LXI     H,?RBP
           04FE  BE              CMP     M
           04FF  DA0805          JC      @281
PL/M-80 COMPILER                                                                                                PAGE  81


 964   4                  CALL SETRFCB;
                                                 ; STATEMENT # 964
           0502  CDF115          CALL    ?SETRFCB
 965   4                  END;
                                                 ; STATEMENT # 965
           0505  C3F904          JMP     @280
                         @281:
                         @150:
 966   3              RFCB(12), RFCB(32) = 0; /* FILL REEL, AND NEXT RECORD */
                                                 ; STATEMENT # 966
           0508  211200          LXI     H,?RFCB+0CH
           050B  3600            MVI     M,0H
           050D  212600          LXI     H,?RFCB+20H
           0510  3600            MVI     M,0H
 967   3              CALL OPEN(.RFCB); RBP = SECTSIZE;
                                                 ; STATEMENT # 967
           0512  010600          LXI     B,?RFCB
           0515  CD0E0B          CALL    ?OPEN
                                                 ; STATEMENT # 968
           0518  212700          LXI     H,?RBP
           051B  3680            MVI     M,80H
 969   3              IF DCNT = 255 THEN
                                                 ; STATEMENT # 969
           051D  3A0B01          LDA     ?DCNT
           0520  FEFF            CPI     0FFH
           0522  C22D05          JNZ     @151
 970   3                  DO; FLAG = 'O'; GO TO RESET;
                                                 ; STATEMENT # 971
           0525  219902          LXI     H,?FLAG
           0528  364F            MVI     M,4FH
                                                 ; STATEMENT # 972
           052A  C3E101          JMP     ?RESET
 973   4                  END;
                                                 ; STATEMENT # 973
                         @151:
 974   3                  DO WHILE (CHAR := READFILE) <> ENDFILE;
                                                 ; STATEMENT # 974
                         @282:
           052D  CD3011          CALL    ?READFILE
           0530  32B402          STA     ?CHAR
           0533  FE1A            CPI     1AH
           0535  CA3E05          JZ      @283
 975   4                  CALL INSERT;
                                                 ; STATEMENT # 975
           0538  CDB114          CALL    ?INSERT
 976   4                  END;
                                                 ; STATEMENT # 976
           053B  C32D05          JMP     @282
                         @283:
 977   3              I = 0;
                                                 ; STATEMENT # 977
           053E  21DA02          LXI     H,?I
           0541  3600            MVI     M,0H
 978   3              IF FLAG THEN /* MAY BE XFER DATA IN BUFFER */
                                                 ; STATEMENT # 978
           0543  3A9902          LDA     ?FLAG
           0546  1F              RAR
PL/M-80 COMPILER                                                                                                PAGE  82


           0547  D26B05          JNC     @152
 979   3                  DO WHILE I < XBP;
                                                 ; STATEMENT # 979
                         @284:
           054A  21C900          LXI     H,?XBP
           054D  3ADA02          LDA     ?I
           0550  BE              CMP     M
           0551  D26B05          JNC     @285
 980   4                  CHAR = XBUFF(I); I = I + 1;
                                                 ; STATEMENT # 980
           0554  2ADA02          LHLD    ?I
           0557  2600            MVI     H,0
           0559  014900          LXI     B,?XBUFF
           055C  09              DAD     B
           055D  7E              MOV     A,M
           055E  32B402          STA     ?CHAR
                                                 ; STATEMENT # 981
           0561  21DA02          LXI     H,?I
           0564  34              INR     M
 982   4                  CALL INSERT;
                                                 ; STATEMENT # 982
           0565  CDB114          CALL    ?INSERT
 983   4                  END;
                                                 ; STATEMENT # 983
           0568  C34A05          JMP     @284
                         @285:
                         @152:
 984   3              END; ELSE
                                                 ; STATEMENT # 984
           056B  C3D009          JMP     @153
                         @147:
               
               
 985   2          IF SINGLERCOM('Q') THEN
                                                 ; STATEMENT # 985
           056E  0E51            MVI     C,51H
           0570  CDCD17          CALL    ?SINGLERCOM
           0573  1F              RAR
           0574  D28305          JNC     @154
 986   2              DO; CALL DELETE(.DFCB); CALL REBOOT;
                                                 ; STATEMENT # 987
           0577  01D000          LXI     B,?DFCB
           057A  CD470B          CALL    ?DELETE
                                                 ; STATEMENT # 988
           057D  CDE90B          CALL    ?REBOOT
 989   3              END; ELSE
                                                 ; STATEMENT # 989
           0580  C3D009          JMP     @155
                         @154:
               
               
               
                  /* MAY BE A COMMAND WHICH HAS AN OPTIONAL DIRECTION AND DISTANCE */
 990   2              DO; /* SCAN A SIGNED INTEGER VALUE (IF ANY) */
 991   3              DCL I BYTE;
        
 992   3              DIGIT: PROCEDURE BYTE;
PL/M-80 COMPILER                                                                                                PAGE  83


                                                 ; STATEMENT # 992
                         ; PROC  ?DIGIT
 993   4                  RETURN (I := CHAR - '0') <= 9;
                                                 ; STATEMENT # 993
           180C  3AB402          LDA     ?CHAR
           180F  D630            SUI     30H
           1811  32DB02          STA     ?I
           1814  4F              MOV     C,A
           1815  3E09            MVI     A,9H
           1817  91              SUB     C
           1818  9F              SBB     A
           1819  2F              CMA
           181A  C9              RET
 994   4                  END DIGIT;
                                                 ; STATEMENT # 994
        
 995   3              NUMBER: PROCEDURE;
                                                 ; STATEMENT # 995
                         ; PROC  ?NUMBER
 996   4                  DISTANCE = 0;
                                                 ; STATEMENT # 996
           181B  210000          LXI     H,0H
           181E  22AF02          SHLD    ?DISTANCE
 997   4                      DO WHILE DIGIT;
                                                 ; STATEMENT # 997
                         @286:
           1821  CD0C18          CALL    ?DIGIT
           1824  1F              RAR
           1825  D24618          JNC     @287
 998   5                      DISTANCE = SHL(DISTANCE,3) +
                                                 ; STATEMENT # 998
                                         SHL(DISTANCE,1) + I;
           1828  2AAF02          LHLD    ?DISTANCE
           182B  29              DAD     H
           182C  29              DAD     H
           182D  29              DAD     H
           182E  E5              PUSH    H       ; 1
           182F  2AAF02          LHLD    ?DISTANCE
           1832  29              DAD     H
           1833  C1              POP     B       ; 1
           1834  09              DAD     B
           1835  E5              PUSH    H       ; 1
           1836  2ADB02          LHLD    ?I
           1839  2600            MVI     H,0
           183B  C1              POP     B       ; 1
           183C  09              DAD     B
           183D  22AF02          SHLD    ?DISTANCE
 999   5                      CALL READCTRAN;
                                                 ; STATEMENT # 999
           1840  CD9717          CALL    ?READCTRAN
1000   5                      END;
                                                 ; STATEMENT # 1000
           1843  C32118          JMP     @286
                         @287:
                          /* RETURN WITH DISTANCE = NUMBER, CHAR = NEXT */
1001   4                  END NUMBER;
                                                 ; STATEMENT # 1001
PL/M-80 COMPILER                                                                                                PAGE  84


           1846  C9              RET
        
1002   3              RELDISTANCE: PROCEDURE;
                                                 ; STATEMENT # 1002
                         ; PROC  ?RELDISTANCE
1003   4                  IF DISTANCE > BASELINE THEN
                                                 ; STATEMENT # 1003
           1847  11A301          LXI     D,?BASELINE
           184A  01AF02          LXI     B,?DISTANCE
           184D  CD0000          CALL    @P0098 
           1850  D26918          JNC     @156
1004   4                      DO; DIRECTION = FORWARD;
                                                 ; STATEMENT # 1005
           1853  21B302          LXI     H,?DIRECTION
           1856  3601            MVI     M,1H
1006   5                      DISTANCE = DISTANCE - BASELINE;
                                                 ; STATEMENT # 1006
           1858  01A301          LXI     B,?BASELINE
           185B  11AF02          LXI     D,?DISTANCE
           185E  CD0000          CALL    @P0098 
           1861  EB              XCHG
           1862  2B              DCX     H
           1863  73              MOV     M,E
           1864  23              INX     H
           1865  72              MOV     M,D
1007   5                      END; ELSE
                                                 ; STATEMENT # 1007
           1866  C37A18          JMP     @157
                         @156:
1008   4                      DO; DIRECTION = BACKWARD;
                                                 ; STATEMENT # 1009
           1869  21B302          LXI     H,?DIRECTION
           186C  3600            MVI     M,0H
1010   5                      DISTANCE = BASELINE - DISTANCE;
                                                 ; STATEMENT # 1010
           186E  01AF02          LXI     B,?DISTANCE
           1871  11A301          LXI     D,?BASELINE
           1874  CD0000          CALL    @P0098 
           1877  22AF02          SHLD    ?DISTANCE
1011   5                      END;
                                                 ; STATEMENT # 1011
                         @157:
1012   4                  END RELDISTANCE;
                                                 ; STATEMENT # 1012
           187A  C9              RET
        
1013   3              CALL SETFORWARD;
                                                 ; STATEMENT # 1013
               
           0583  CD3317          CALL    ?SETFORWARD
1014   3              IF CHAR = '-' THEN
                                                 ; STATEMENT # 1014
           0586  3AB402          LDA     ?CHAR
           0589  FE2D            CPI     2DH
           058B  C29605          JNZ     @158
1015   3                  DO; CALL READCTRAN; DIRECTION = BACKWARD;
                                                 ; STATEMENT # 1016
PL/M-80 COMPILER                                                                                                PAGE  85


           058E  CD9717          CALL    ?READCTRAN
                                                 ; STATEMENT # 1017
           0591  21B302          LXI     H,?DIRECTION
           0594  3600            MVI     M,0H
1018   4                  END;
                                                 ; STATEMENT # 1018
                         @158:
               
1019   3              IF CHAR = POUND THEN
                                                 ; STATEMENT # 1019
           0596  3AB402          LDA     ?CHAR
           0599  FE23            CPI     23H
           059B  C2A705          JNZ     @159
1020   3                  DO; CALL SETFF; CALL READCTRAN;
                                                 ; STATEMENT # 1021
           059E  CD6211          CALL    ?SETFF
                                                 ; STATEMENT # 1022
           05A1  CD9717          CALL    ?READCTRAN
1023   4                  END; ELSE
                                                 ; STATEMENT # 1023
           05A4  C3E405          JMP     @160
                         @159:
               
1024   3              IF DIGIT THEN
                                                 ; STATEMENT # 1024
           05A7  CD0C18          CALL    ?DIGIT
           05AA  1F              RAR
           05AB  D2C405          JNC     @161
1025   3                  DO; CALL NUMBER;
                                                 ; STATEMENT # 1026
                          /* MAY BE ABSOLUTE LINE REFERENCE */
           05AE  CD1B18          CALL    ?NUMBER
1027   4                  IF CHAR = ':' THEN
                                                 ; STATEMENT # 1027
           05B1  3AB402          LDA     ?CHAR
           05B4  FE3A            CPI     3AH
           05B6  C2C105          JNZ     @162
1028   4                      DO; CHAR = 'L';
                                                 ; STATEMENT # 1029
           05B9  21B402          LXI     H,?CHAR
           05BC  364C            MVI     M,4CH
1030   5                      CALL RELDISTANCE;
                                                 ; STATEMENT # 1030
           05BE  CD4718          CALL    ?RELDISTANCE
1031   5                      END;
                                                 ; STATEMENT # 1031
                         @162:
1032   4                  END; ELSE
                                                 ; STATEMENT # 1032
           05C1  C3E405          JMP     @163
                         @161:
        
1033   3              IF CHAR = ':' THEN /* LEADING COLON */
                                                 ; STATEMENT # 1033
           05C4  3AB402          LDA     ?CHAR
           05C7  FE3A            CPI     3AH
           05C9  C2E405          JNZ     @164
PL/M-80 COMPILER                                                                                                PAGE  86


1034   3                  DO; CALL READCTRAN; /* CLEAR THE COLON */
                                                 ; STATEMENT # 1035
           05CC  CD9717          CALL    ?READCTRAN
1036   4                  CALL NUMBER;
                                                 ; STATEMENT # 1036
           05CF  CD1B18          CALL    ?NUMBER
1037   4                  CALL RELDISTANCE;
                                                 ; STATEMENT # 1037
           05D2  CD4718          CALL    ?RELDISTANCE
1038   4                  IF DIRECTION = FORWARD THEN
                                                 ; STATEMENT # 1038
           05D5  3AB302          LDA     ?DIRECTION
           05D8  FE01            CPI     1H
           05DA  C2E405          JNZ     @165
1039   4                      DISTANCE = DISTANCE + 1;
                                                 ; STATEMENT # 1039
           05DD  2AAF02          LHLD    ?DISTANCE
           05E0  23              INX     H
           05E1  22AF02          SHLD    ?DISTANCE
                         @165:
1040   4                  END;
                                                 ; STATEMENT # 1040
                         @164:
                         @163:
                         @160:
        
1041   3              IF DISTZERO THEN DIRECTION = BACKWARD;
                                                 ; STATEMENT # 1041
           05E4  CD6911          CALL    ?DISTZERO
           05E7  1F              RAR
           05E8  D2F005          JNC     @166
                                                 ; STATEMENT # 1042
                      /* DIRECTION AND DISTANCE ARE NOW SET */
               
               
                  /* **************************************************************
                  MAY BE A COMMAND WHICH HAS DIRECTION AND DISTANCE SPECIFIED:
                           B      BEGINNING/BOTTOM OF BUFFER
                           C      MOVE CHARACTER POSITIONS
                           D      DELETE CHARACTERS
                           K      KILL LINES
                           L      MOVE LINE POSITION
                           P      PAGE UP OR DOWN (LPP LINES AND PRINT)
                           T      TYPE LINES
                           U      UPPER CASE TRANSLATE
                           V      VERIFY LINE NUMBERS
                          <CR>    MOVE UP OR DOWN LINES AND PRINT LINE
                     ************************************************************** */
               
           05EB  21B302          LXI     H,?DIRECTION
           05EE  3600            MVI     M,0H
                         @166:
               
1043   3              IF CHAR = 'B' THEN
                                                 ; STATEMENT # 1043
           05F0  3AB402          LDA     ?CHAR
           05F3  FE42            CPI     42H
PL/M-80 COMPILER                                                                                                PAGE  87


           05F5  C21106          JNZ     @167
1044   3                  DO; DIRECTION = 1 - DIRECTION;
                                                 ; STATEMENT # 1045
           05F8  21B302          LXI     H,?DIRECTION
           05FB  3E01            MVI     A,1H
           05FD  96              SUB     M
           05FE  77              MOV     M,A
1046   4                  FIRST = 1; LAST = MAXM; CALL MOVER;
                                                 ; STATEMENT # 1046
           05FF  210100          LXI     H,1H
           0602  22B902          SHLD    ?FIRST
                                                 ; STATEMENT # 1047
           0605  2A0200          LHLD    ?MAXM
           0608  22BB02          SHLD    ?LAST
                                                 ; STATEMENT # 1048
           060B  CD2A13          CALL    ?MOVER
1049   4                  END; ELSE
                                                 ; STATEMENT # 1049
           060E  C3D009          JMP     @168
                         @167:
               
               
1050   3              IF CHAR = 'C' THEN
                                                 ; STATEMENT # 1050
           0611  3AB402          LDA     ?CHAR
           0614  FE43            CPI     43H
           0616  C22206          JNZ     @169
1051   3                  DO; CALL SETCLIMITS; CALL MOVER;
                                                 ; STATEMENT # 1052
           0619  CD3D13          CALL    ?SETCLIMITS
                                                 ; STATEMENT # 1053
           061C  CD2A13          CALL    ?MOVER
1054   4                  END; ELSE
                                                 ; STATEMENT # 1054
           061F  C3D009          JMP     @170
                         @169:
               
               
1055   3              IF CHAR = 'D' THEN
                                                 ; STATEMENT # 1055
           0622  3AB402          LDA     ?CHAR
           0625  FE44            CPI     44H
           0627  C23306          JNZ     @171
1056   3                  DO; CALL SETCLIMITS;
                                                 ; STATEMENT # 1057
           062A  CD3D13          CALL    ?SETCLIMITS
1058   4                  CALL SETPTRS; /* SETS BACK/FRONT */
                                                 ; STATEMENT # 1058
           062D  CD3013          CALL    ?SETPTRS
1059   4                  END; ELSE
                                                 ; STATEMENT # 1059
           0630  C3D009          JMP     @172
                         @171:
               
               
1060   3              IF CHAR = 'K' THEN
                                                 ; STATEMENT # 1060
PL/M-80 COMPILER                                                                                                PAGE  88


           0633  3AB402          LDA     ?CHAR
           0636  FE4B            CPI     4BH
           0638  C24406          JNZ     @173
1061   3                  DO; CALL SETLIMITS;
                                                 ; STATEMENT # 1062
           063B  CD9111          CALL    ?SETLIMITS
1063   4                  CALL SETPTRS;
                                                 ; STATEMENT # 1063
           063E  CD3013          CALL    ?SETPTRS
1064   4                  END; ELSE
                                                 ; STATEMENT # 1064
           0641  C3D009          JMP     @174
                         @173:
               
               
1065   3              IF CHAR = 'L' THEN CALL MOVELINES; ELSE
                                                 ; STATEMENT # 1065
           0644  3AB402          LDA     ?CHAR
           0647  FE4C            CPI     4CH
           0649  C25206          JNZ     @175
                                                 ; STATEMENT # 1066
           064C  CD3613          CALL    ?MOVELINES
           064F  C3D009          JMP     @176
                         @175:
               
1067   3              IF CHAR = 'P' THEN /* PAGE MODE PRINT */
                                                 ; STATEMENT # 1067
           0652  3AB402          LDA     ?CHAR
           0655  FE50            CPI     50H
           0657  C28206          JNZ     @177
1068   3                  DO; IF DISTZERO THEN
                                                 ; STATEMENT # 1069
           065A  CD6911          CALL    ?DISTZERO
           065D  1F              RAR
           065E  D26F06          JNC     @178
1070   4                      DO; DIRECTION = FORWARD;
                                                 ; STATEMENT # 1071
           0661  21B302          LXI     H,?DIRECTION
           0664  3601            MVI     M,1H
1072   5                      CALL SETLPP; CALL TYPELINES;
                                                 ; STATEMENT # 1072
           0666  CDAE16          CALL    ?SETLPP
                                                 ; STATEMENT # 1073
           0669  CD1A16          CALL    ?TYPELINES
1074   5                      END; ELSE
                                                 ; STATEMENT # 1074
           066C  C37F06          JMP     @179
                         @178:
1075   4                      DO WHILE DISTNZERO; CALL PAGE;
                                                 ; STATEMENT # 1075
                         @288:
           066F  CD7D11          CALL    ?DISTNZERO
           0672  1F              RAR
           0673  D27F06          JNC     @289
                                                 ; STATEMENT # 1076
           0676  CDC316          CALL    ?PAGE
1077   5                      CALL WAIT;
PL/M-80 COMPILER                                                                                                PAGE  89


                                                 ; STATEMENT # 1077
           0679  CD0E17          CALL    ?WAIT
1078   5                      END;
                                                 ; STATEMENT # 1078
           067C  C36F06          JMP     @288
                         @289:
                         @179:
1079   4                  END; ELSE
                                                 ; STATEMENT # 1079
           067F  C3D009          JMP     @180
                         @177:
               
               
1080   3              IF CHAR = 'T' THEN
                                                 ; STATEMENT # 1080
           0682  3AB402          LDA     ?CHAR
           0685  FE54            CPI     54H
           0687  C29006          JNZ     @181
1081   3                  CALL TYPELINES; ELSE
                                                 ; STATEMENT # 1081
           068A  CD1A16          CALL    ?TYPELINES
           068D  C3D009          JMP     @182
                         @181:
               
               
               
1082   3              IF CHAR = 'U' THEN
                                                 ; STATEMENT # 1082
           0690  3AB402          LDA     ?CHAR
           0693  FE55            CPI     55H
           0695  C2A606          JNZ     @183
1083   3                  UPPER = DIRECTION = FORWARD; ELSE
                                                 ; STATEMENT # 1083
           0698  3AB302          LDA     ?DIRECTION
           069B  D601            SUI     1H
           069D  D601            SUI     1
           069F  9F              SBB     A
           06A0  32A302          STA     ?UPPER
           06A3  C3D009          JMP     @184
                         @183:
               
1084   3              IF CHAR = 'V' THEN
                                                 ; STATEMENT # 1084
           06A6  3AB402          LDA     ?CHAR
           06A9  FE56            CPI     56H
           06AB  C2E406          JNZ     @185
1085   3                  DO; /* 0V DISPLAYS BUFFER STATE */
1086   4                  IF DISTZERO THEN
                                                 ; STATEMENT # 1086
           06AE  CD6911          CALL    ?DISTZERO
           06B1  1F              RAR
           06B2  D2D606          JNC     @186
1087   4                      DO; CALL PRINTVALUE(BACK-FRONT);
                                                 ; STATEMENT # 1088
           06B5  01B502          LXI     B,?FRONT
           06B8  11B702          LXI     D,?BACK
           06BB  CD0000          CALL    @P0098 
PL/M-80 COMPILER                                                                                                PAGE  90


           06BE  44              MOV     B,H
           06BF  4D              MOV     C,L
           06C0  CD8A0F          CALL    ?PRINTVALUE
1089   5                      CALL PRINTC('/');
                                                 ; STATEMENT # 1089
           06C3  0E2F            MVI     C,2FH
           06C5  CDAD0A          CALL    ?PRINTC
1090   5                      CALL PRINTVALUE(MAXM);
                                                 ; STATEMENT # 1090
           06C8  2A0200          LHLD    ?MAXM
           06CB  44              MOV     B,H
           06CC  4D              MOV     C,L
           06CD  CD8A0F          CALL    ?PRINTVALUE
1091   5                      CALL CRLF;
                                                 ; STATEMENT # 1091
           06D0  CDD10A          CALL    ?CRLF
1092   5                      END; ELSE
                                                 ; STATEMENT # 1092
           06D3  C3E106          JMP     @187
                         @186:
1093   4                  LINESET = DIRECTION = FORWARD;
                                                 ; STATEMENT # 1093
           06D6  3AB302          LDA     ?DIRECTION
           06D9  D601            SUI     1H
           06DB  D601            SUI     1
           06DD  9F              SBB     A
           06DE  32A701          STA     ?LINESET
                         @187:
1094   4                  END; ELSE
                                                 ; STATEMENT # 1094
           06E1  C3D009          JMP     @188
                         @185:
               
1095   3              IF CHAR = CR THEN /* MAY BE MOVE/TYPE COMMAND */
                                                 ; STATEMENT # 1095
           06E4  3AB402          LDA     ?CHAR
           06E7  FE0D            CPI     0DH
           06E9  C21007          JNZ     @189
1096   3                  DO;
1097   4                  IF MI = 1 AND MP = 0 THEN /* FIRST COMMAND */
                                                 ; STATEMENT # 1097
           06EC  3A9B02          LDA     ?MI
           06EF  D601            SUI     1H
           06F1  D601            SUI     1
           06F3  9F              SBB     A
           06F4  F5              PUSH    PSW     ; 1
           06F5  3A9A02          LDA     ?MP
           06F8  D600            SUI     0H
           06FA  D601            SUI     1
           06FC  9F              SBB     A
           06FD  C1              POP     B       ; 1
           06FE  48              MOV     C,B
           06FF  A1              ANA     C
           0700  1F              RAR
           0701  D20D07          JNC     @190
1098   4                      DO; CALL MOVELINES; CALL SETFORWARD; CALL TYPELINES;
                                                 ; STATEMENT # 1099
PL/M-80 COMPILER                                                                                                PAGE  91


           0704  CD3613          CALL    ?MOVELINES
                                                 ; STATEMENT # 1100
           0707  CD3317          CALL    ?SETFORWARD
                                                 ; STATEMENT # 1101
           070A  CD1A16          CALL    ?TYPELINES
1102   5                      END;
                                                 ; STATEMENT # 1102
                         @190:
1103   4                  END; ELSE
                                                 ; STATEMENT # 1103
           070D  C3D009          JMP     @191
                         @189:
               
1104   3              IF DIRECTION = FORWARD OR DISTZERO THEN
                                                 ; STATEMENT # 1104
           0710  3AB302          LDA     ?DIRECTION
           0713  D601            SUI     1H
           0715  D601            SUI     1
           0717  9F              SBB     A
           0718  F5              PUSH    PSW     ; 1
           0719  CD6911          CALL    ?DISTZERO
           071C  C1              POP     B       ; 1
           071D  48              MOV     C,B
           071E  B1              ORA     C
           071F  1F              RAR
           0720  D2CD09          JNC     @192
1105   3              DO;
               
                  /* **************************************************************
                  COMMANDS WHICH ALLOW ONLY A PRECEDING NUMBER:
                           A      APPEND LINES
                           F      FIND NTH OCCURRENCE
                           M      APPLY MACRO
                           N      SAME AS F WITH AUTOSCAN THROUGH FILE
                           S      PERFORM N SUBSTITUTIONS
                           W      WRITE LINES TO OUTPUT FILE
                           X      TRANSFER (XFER) LINES TO TEMP FILE
                           Z      SLEEP
                     ************************************************************** */
               
               
               
1106   4              IF CHAR = 'A' THEN
                                                 ; STATEMENT # 1106
           0723  3AB402          LDA     ?CHAR
           0726  FE41            CPI     41H
           0728  C26107          JNZ     @193
1107   4                  DO; DIRECTION = FORWARD;
                                                 ; STATEMENT # 1108
           072B  21B302          LXI     H,?DIRECTION
           072E  3601            MVI     M,1H
1109   5                  FIRST = FRONT; LAST = MAXM; CALL MOVER;
                                                 ; STATEMENT # 1109
           0730  2AB502          LHLD    ?FRONT
           0733  22B902          SHLD    ?FIRST
                                                 ; STATEMENT # 1110
           0736  2A0200          LHLD    ?MAXM
PL/M-80 COMPILER                                                                                                PAGE  92


           0739  22BB02          SHLD    ?LAST
                                                 ; STATEMENT # 1111
                          /* ALL STORAGE FORWARD */
           073C  CD2A13          CALL    ?MOVER
1112   5                  IF DISTZERO THEN CALL APPHALF;
                                                 ; STATEMENT # 1112
           073F  CD6911          CALL    ?DISTZERO
           0742  1F              RAR
           0743  D24907          JNC     @194
                                                 ; STATEMENT # 1113
           0746  CD3F17          CALL    ?APPHALF
                         @194:
                          /* DISTANCE = 0 IF APPHALF CALLED */
1114   5                      DO WHILE DISTNZERO;
                                                 ; STATEMENT # 1114
                         @290:
           0749  CD7D11          CALL    ?DISTNZERO
           074C  1F              RAR
           074D  D25607          JNC     @291
1115   6                      CALL READLINE;
                                                 ; STATEMENT # 1115
           0750  CD9C13          CALL    ?READLINE
1116   6                      END;
                                                 ; STATEMENT # 1116
           0753  C34907          JMP     @290
                         @291:
1117   5                  DIRECTION = BACKWARD; CALL MOVER;
                                                 ; STATEMENT # 1117
           0756  21B302          LXI     H,?DIRECTION
           0759  3600            MVI     M,0H
                                                 ; STATEMENT # 1118
                          /* POINTERS REPOSITIONED */
           075B  CD2A13          CALL    ?MOVER
1119   5                  END; ELSE
                                                 ; STATEMENT # 1119
           075E  C3CA09          JMP     @195
                         @193:
               
               
1120   4              IF CHAR = 'F' THEN
                                                 ; STATEMENT # 1120
           0761  3AB402          LDA     ?CHAR
           0764  FE46            CPI     46H
           0766  C27C07          JNZ     @196
1121   4                  DO; CALL SETFIND; /* SEARCH STRING SCANNED
                                                 ; STATEMENT # 1122
                          AND SETUP BETWEEN 0 AND WBP-1 IN SCRATCH */
           0769  CDD115          CALL    ?SETFIND
1123   5                      DO WHILE DISTNZERO; CALL CHKFOUND;
                                                 ; STATEMENT # 1123
                         @292:
           076C  CD7D11          CALL    ?DISTNZERO
           076F  1F              RAR
           0770  D27907          JNC     @293
                                                 ; STATEMENT # 1124
           0773  CDE015          CALL    ?CHKFOUND
1125   6                      END;
PL/M-80 COMPILER                                                                                                PAGE  93


                                                 ; STATEMENT # 1125
           0776  C36C07          JMP     @292
                         @293:
1126   5                  END; ELSE
                                                 ; STATEMENT # 1126
           0779  C3CA09          JMP     @197
                         @196:
               
               
1127   4              IF CHAR = 'J' THEN /* JUXTAPOSITION OPERATION */
                                                 ; STATEMENT # 1127
           077C  3AB402          LDA     ?CHAR
           077F  FE4A            CPI     4AH
           0781  C20108          JNZ     @198
1128   4                  DO; DECLARE T ADDRESS;
1130   5                  CALL SETFIND; CALL COLLECT;
                                                 ; STATEMENT # 1130
           0784  CDD115          CALL    ?SETFIND
                                                 ; STATEMENT # 1131
           0787  CDFC14          CALL    ?COLLECT
1132   5                  WBJ = WBE; CALL COLLECT;
                                                 ; STATEMENT # 1132
           078A  3A9702          LDA     ?WBE
           078D  329802          STA     ?WBJ
                                                 ; STATEMENT # 1133
                          /* SEARCH FOR STRING 0 - WBP-1, INSERT STRING WBP TO WBJ-1,
                          AND THEN DELETE UP TO STRING WBJ TO WBE-1 */
           0790  CDFC14          CALL    ?COLLECT
1134   5                  DO WHILE DISTNZERO; CALL CHKFOUND;
                                                 ; STATEMENT # 1134
                         @294:
           0793  CD7D11          CALL    ?DISTNZERO
           0796  1F              RAR
           0797  D2FE07          JNC     @295
                                                 ; STATEMENT # 1135
           079A  CDE015          CALL    ?CHKFOUND
1136   6                  /* INSERT STRING */ MI = WBP - 1;
                                                 ; STATEMENT # 1136
           079D  3A9602          LDA     ?WBP
           07A0  3D              DCR     A
           07A1  329B02          STA     ?MI
1137   6                      DO WHILE (MI := MI + 1) < WBJ;
                                                 ; STATEMENT # 1137
                         @296:
           07A4  3A9B02          LDA     ?MI
           07A7  3C              INR     A
           07A8  329B02          STA     ?MI
           07AB  219802          LXI     H,?WBJ
           07AE  BE              CMP     M
           07AF  D2C507          JNC     @297
1138   7                      CHAR = SCRATCH(MI); CALL INSERT;
                                                 ; STATEMENT # 1138
           07B2  2A9B02          LHLD    ?MI
           07B5  2600            MVI     H,0
           07B7  013202          LXI     B,?SCRATCH
           07BA  09              DAD     B
           07BB  7E              MOV     A,M
PL/M-80 COMPILER                                                                                                PAGE  94


           07BC  32B402          STA     ?CHAR
                                                 ; STATEMENT # 1139
           07BF  CDB114          CALL    ?INSERT
1140   7                      END;
                                                 ; STATEMENT # 1140
           07C2  C3A407          JMP     @296
                         @297:
1141   6                  T = FRONT; /* SAVE POSITION FOR DELETE */
                                                 ; STATEMENT # 1141
           07C5  2AB502          LHLD    ?FRONT
           07C8  22DC02          SHLD    ?T
1142   6                  IF NOT FIND(WBJ,WBE) THEN GO TO OVERCOUNT;
                                                 ; STATEMENT # 1142
           07CB  2A9802          LHLD    ?WBJ
           07CE  4D              MOV     C,L
           07CF  2A9702          LHLD    ?WBE
           07D2  EB              XCHG
           07D3  CD4715          CALL    ?FIND
           07D6  1F              RAR
           07D7  DADD07          JC      @199
                                                 ; STATEMENT # 1143
           07DA  C3C301          JMP     ?OVERCOUNT
                         @199:
                          /* STRING FOUND, SO MOVE IT BACK */
1144   6                  FIRST = FRONT - (WBE - WBJ);
                                                 ; STATEMENT # 1144
           07DD  219802          LXI     H,?WBJ
           07E0  3A9702          LDA     ?WBE
           07E3  96              SUB     M
           07E4  11B502          LXI     D,?FRONT
           07E7  CD0000          CALL    @P0101 
           07EA  22B902          SHLD    ?FIRST
1145   6                  DIRECTION = BACKWARD; CALL MOVER;
                                                 ; STATEMENT # 1145
           07ED  21B302          LXI     H,?DIRECTION
           07F0  3600            MVI     M,0H
                                                 ; STATEMENT # 1146
                          /* NOW REMOVE THE INTERMEDIATE STRING */
           07F2  CD2A13          CALL    ?MOVER
1147   6                  FRONT = T;
                                                 ; STATEMENT # 1147
           07F5  2ADC02          LHLD    ?T
           07F8  22B502          SHLD    ?FRONT
1148   6                  END;
                                                 ; STATEMENT # 1148
           07FB  C39307          JMP     @294
                         @295:
1149   5              END; ELSE
                                                 ; STATEMENT # 1149
           07FE  C3CA09          JMP     @200
                         @198:
               
               
1150   4              IF CHAR = 'M' AND MP = 0 THEN /* MACRO DEFINITION */
                                                 ; STATEMENT # 1150
           0801  3AB402          LDA     ?CHAR
           0804  D64D            SUI     4DH
PL/M-80 COMPILER                                                                                                PAGE  95


           0806  D601            SUI     1
           0808  9F              SBB     A
           0809  F5              PUSH    PSW     ; 1
           080A  3A9A02          LDA     ?MP
           080D  D600            SUI     0H
           080F  D601            SUI     1
           0811  9F              SBB     A
           0812  C1              POP     B       ; 1
           0813  48              MOV     C,B
           0814  A1              ANA     C
           0815  1F              RAR
           0816  D26308          JNC     @201
1151   4                  DO; XP = 255;
                                                 ; STATEMENT # 1152
           0819  219C02          LXI     H,?XP
           081C  36FF            MVI     M,0FFH
1153   5                  IF DISTANCE = 1 THEN CALL ZERODIST;
                                                 ; STATEMENT # 1153
           081E  3E01            MVI     A,1H
           0820  11AF02          LXI     D,?DISTANCE
           0823  CD0000          CALL    @P0101 
           0826  B5              ORA     L
           0827  C22D08          JNZ     @202
                                                 ; STATEMENT # 1154
           082A  CD7611          CALL    ?ZERODIST
                         @202:
1155   5                      DO WHILE (MACRO(XP := XP + 1) := READC) <> CR;
                                                 ; STATEMENT # 1155
                         @298:
           082D  CD4010          CALL    ?READC
           0830  F5              PUSH    PSW     ; 1
           0831  3A9C02          LDA     ?XP
           0834  3C              INR     A
           0835  329C02          STA     ?XP
           0838  4F              MOV     C,A
           0839  0600            MVI     B,0
           083B  21B201          LXI     H,?MACRO
           083E  09              DAD     B
           083F  C1              POP     B       ; 1
           0840  48              MOV     C,B
           0841  71              MOV     M,C
           0842  79              MOV     A,C
           0843  FE0D            CPI     0DH
           0845  CA4B08          JZ      @299
1156   6                      END;
                                                 ; STATEMENT # 1156
           0848  C32D08          JMP     @298
                         @299:
1157   5                  MP = XP; XP = 0; MT = DISTANCE;
                                                 ; STATEMENT # 1157
           084B  3A9C02          LDA     ?XP
           084E  329A02          STA     ?MP
                                                 ; STATEMENT # 1158
           0851  219C02          LXI     H,?XP
           0854  3600            MVI     M,0H
                                                 ; STATEMENT # 1159
           0856  E5              PUSH    H       ; 1
PL/M-80 COMPILER                                                                                                PAGE  96


           0857  2AAF02          LHLD    ?DISTANCE
           085A  EB              XCHG
           085B  E1              POP     H       ; 1
           085C  23              INX     H
           085D  73              MOV     M,E
           085E  23              INX     H
           085F  72              MOV     M,D
1160   5                  END; ELSE
                                                 ; STATEMENT # 1160
           0860  C3CA09          JMP     @203
                         @201:
               
               
1161   4              IF CHAR = 'N' THEN
                                                 ; STATEMENT # 1161
           0863  3AB402          LDA     ?CHAR
           0866  FE4E            CPI     4EH
           0868  C2C308          JNZ     @204
1162   4                  DO; /* SEARCH FOR STRING WITH AUTOSCAN */
1163   5                  CALL SETFIND; /* SEARCH STRING SCANNED */
                                                 ; STATEMENT # 1163
           086B  CDD115          CALL    ?SETFIND
1164   5                      DO WHILE DISTNZERO;
                                                 ; STATEMENT # 1164
                         @300:
           086E  CD7D11          CALL    ?DISTNZERO
           0871  1F              RAR
           0872  D2C008          JNC     @301
                              /* FIND ANOTHER OCCURRENCE OF STRING */
1165   6                          DO WHILE NOT FIND(0,WBP); /* NOT IN BUFFER */
                                                 ; STATEMENT # 1165
                         @302:
           0875  2A9602          LHLD    ?WBP
           0878  EB              XCHG
           0879  0E00            MVI     C,0H
           087B  CD4715          CALL    ?FIND
           087E  1F              RAR
           087F  DABD08          JC      @303
1166   7                          IF BREAK$KEY THEN GO TO RESET;
                                                 ; STATEMENT # 1166
           0882  CDA60B          CALL    ?BREAKKEY
           0885  1F              RAR
           0886  D28C08          JNC     @205
                                                 ; STATEMENT # 1167
           0889  C3E101          JMP     ?RESET
                         @205:
1168   7                          CALL SAVEDIST; CALL CLEARMEM;
                                                 ; STATEMENT # 1168
           088C  CDB516          CALL    ?SAVEDIST
                                                 ; STATEMENT # 1169
                                  /* MEMORY BUFFER WRITTEN */
           088F  CD8E14          CALL    ?CLEARMEM
1170   7                          CALL APPHALF;
                                                 ; STATEMENT # 1170
           0892  CD3F17          CALL    ?APPHALF
1171   7                          DIRECTION = BACKWARD; FIRST = 1; CALL MOVER;
                                                 ; STATEMENT # 1171
PL/M-80 COMPILER                                                                                                PAGE  97


           0895  21B302          LXI     H,?DIRECTION
           0898  3600            MVI     M,0H
                                                 ; STATEMENT # 1172
           089A  210100          LXI     H,1H
           089D  22B902          SHLD    ?FIRST
                                                 ; STATEMENT # 1173
           08A0  CD2A13          CALL    ?MOVER
1174   7                          CALL RESTDIST; DIRECTION = FORWARD;
                                                 ; STATEMENT # 1174
           08A3  CDBC16          CALL    ?RESTDIST
                                                 ; STATEMENT # 1175
                                  /* MAY BE END OF FILE */
           08A6  21B302          LXI     H,?DIRECTION
           08A9  3601            MVI     M,1H
1176   7                          IF BACK >= MAXM THEN GO TO OVERCOUNT;
                                                 ; STATEMENT # 1176
           08AB  010200          LXI     B,?MAXM
           08AE  11B702          LXI     D,?BACK
           08B1  CD0000          CALL    @P0098 
           08B4  DABA08          JC      @206
                                                 ; STATEMENT # 1177
           08B7  C3C301          JMP     ?OVERCOUNT
                         @206:
1178   7                          END;
                                                 ; STATEMENT # 1178
           08BA  C37508          JMP     @302
                         @303:
1179   6                      END;
                                                 ; STATEMENT # 1179
           08BD  C36E08          JMP     @300
                         @301:
1180   5                  END; ELSE
                                                 ; STATEMENT # 1180
           08C0  C3CA09          JMP     @207
                         @204:
               
               
1181   4              IF CHAR = 'S' THEN /* SUBSTITUTE COMMAND */
                                                 ; STATEMENT # 1181
           08C3  3AB402          LDA     ?CHAR
           08C6  FE53            CPI     53H
           08C8  C21309          JNZ     @208
1182   4                  DO; CALL SETFIND;
                                                 ; STATEMENT # 1183
           08CB  CDD115          CALL    ?SETFIND
1184   5                  CALL COLLECT;
                                                 ; STATEMENT # 1184
                          /* FIND STRING FROM 0 TO WBP-1, SUBSTITUTE STRING
                          BETWEEN WBP AND WBE-1 IN SCRATCH */
           08CE  CDFC14          CALL    ?COLLECT
1185   5                      DO WHILE DISTNZERO;
                                                 ; STATEMENT # 1185
                         @304:
           08D1  CD7D11          CALL    ?DISTNZERO
           08D4  1F              RAR
           08D5  D21009          JNC     @305
1186   6                      CALL CHKFOUND;
PL/M-80 COMPILER                                                                                                PAGE  98


                                                 ; STATEMENT # 1186
                              /* FRONT AND BACK NOW POSITIONED AT FOUND
                              STRING - REPLACE IT */
           08D8  CDE015          CALL    ?CHKFOUND
1187   6                      FRONT = FRONT - (MI := WBP); /* BACKED UP */
                                                 ; STATEMENT # 1187
           08DB  3A9602          LDA     ?WBP
           08DE  329B02          STA     ?MI
           08E1  11B502          LXI     D,?FRONT
           08E4  CD0000          CALL    @P0101 
           08E7  EB              XCHG
           08E8  2B              DCX     H
           08E9  73              MOV     M,E
           08EA  23              INX     H
           08EB  72              MOV     M,D
1188   6                          DO WHILE MI < WBE;
                                                 ; STATEMENT # 1188
                         @306:
           08EC  219702          LXI     H,?WBE
           08EF  3A9B02          LDA     ?MI
           08F2  BE              CMP     M
           08F3  D20D09          JNC     @307
1189   7                          CHAR = SCRATCH(MI);
                                                 ; STATEMENT # 1189
           08F6  2A9B02          LHLD    ?MI
           08F9  2600            MVI     H,0
           08FB  013202          LXI     B,?SCRATCH
           08FE  09              DAD     B
           08FF  7E              MOV     A,M
           0900  32B402          STA     ?CHAR
1190   7                          MI = MI + 1; CALL INSERT;
                                                 ; STATEMENT # 1190
           0903  219B02          LXI     H,?MI
           0906  34              INR     M
                                                 ; STATEMENT # 1191
           0907  CDB114          CALL    ?INSERT
1192   7                          END;
                                                 ; STATEMENT # 1192
           090A  C3EC08          JMP     @306
                         @307:
1193   6                       END;
                                                 ; STATEMENT # 1193
           090D  C3D108          JMP     @304
                         @305:
1194   5                  END; ELSE
                                                 ; STATEMENT # 1194
           0910  C3CA09          JMP     @209
                         @208:
               
               
1195   4              IF CHAR = 'W' THEN
                                                 ; STATEMENT # 1195
           0913  3AB402          LDA     ?CHAR
           0916  FE57            CPI     57H
           0918  C22109          JNZ     @210
1196   4                  CALL WRITEOUT; ELSE
                                                 ; STATEMENT # 1196
PL/M-80 COMPILER                                                                                                PAGE  99


           091B  CD4E14          CALL    ?WRITEOUT
           091E  C3CA09          JMP     @211
                         @210:
               
1197   4              IF CHAR = 'X' THEN /* TRANSFER LINES */
                                                 ; STATEMENT # 1197
           0921  3AB402          LDA     ?CHAR
           0924  FE58            CPI     58H
           0926  C29509          JNZ     @212
1198   4                  DO;
1199   5                  CALL SETXDMA;
                                                 ; STATEMENT # 1199
           0929  CD3F0D          CALL    ?SETXDMA
1200   5                  IF DISTZERO THEN /* CLEAR THE FILE */
                                                 ; STATEMENT # 1200
           092C  CD6911          CALL    ?DISTZERO
           092F  1F              RAR
           0930  D23F09          JNC     @213
1201   5                      DO; CALL XCLEAR;
                                                 ; STATEMENT # 1202
           0933  CD2A0D          CALL    ?XCLEAR
1203   6                      CALL DELETE(.XFCB);
                                                 ; STATEMENT # 1203
           0936  012800          LXI     B,?XFCB
           0939  CD470B          CALL    ?DELETE
1204   6                      END; ELSE
                                                 ; STATEMENT # 1204
           093C  C39209          JMP     @214
                         @213:
                          /* TRANSFER LINES */
1205   5                      DO; DECLARE I ADDRESS;
1207   6                      IF NOT XFERON THEN /* CREATE XFER FILE */
                                                 ; STATEMENT # 1207
           093F  3ACA00          LDA     ?XFERON
           0942  1F              RAR
           0943  DA6509          JC      @215
1208   6                          DO; CALL XCLEAR;
                                                 ; STATEMENT # 1209
           0946  CD2A0D          CALL    ?XCLEAR
1210   7                          XFERON = TRUE;
                                                 ; STATEMENT # 1210
           0949  21CA00          LXI     H,?XFERON
           094C  3601            MVI     M,1H
1211   7                          CALL DELETE(.XFCB); /* OLD VERSION GONE */
                                                 ; STATEMENT # 1211
           094E  012800          LXI     B,?XFCB
           0951  CD470B          CALL    ?DELETE
1212   7                          CALL MAKE(.XFCB);
                                                 ; STATEMENT # 1212
           0954  012800          LXI     B,?XFCB
           0957  CD770B          CALL    ?MAKE
1213   7                          IF DCNT = 255 THEN CALL FERR;
                                                 ; STATEMENT # 1213
           095A  3A0B01          LDA     ?DCNT
           095D  FEFF            CPI     0FFH
           095F  C26509          JNZ     @216
                                                 ; STATEMENT # 1214
PL/M-80 COMPILER                                                                                                PAGE 100


           0962  CD0F0C          CALL    ?FERR
                         @216:
1215   7                          END;
                                                 ; STATEMENT # 1215
                         @215:
1216   6                      CALL SETLIMITS;
                                                 ; STATEMENT # 1216
           0965  CD9111          CALL    ?SETLIMITS
1217   6                          DO I = FIRST TO LAST;
                                                 ; STATEMENT # 1217
           0968  2AB902          LHLD    ?FIRST
           096B  22DE02          SHLD    ?I
                         @308:
           096E  11BB02          LXI     D,?LAST
           0971  01DE02          LXI     B,?I
           0974  CD0000          CALL    @P0098 
           0977  DA9209          JC      @309
1218   7                          CALL PUTXFER(MEMORY(I));
                                                 ; STATEMENT # 1218
           097A  2ADE02          LHLD    ?I
           097D  010000          LXI     B,?MEMORY
           0980  09              DAD     B
           0981  4E              MOV     C,M
           0982  CD730E          CALL    ?PUTXFER
1219   7                          END;
                                                 ; STATEMENT # 1219
           0985  110100          LXI     D,1H
           0988  2ADE02          LHLD    ?I
           098B  19              DAD     D
           098C  22DE02          SHLD    ?I
           098F  D26E09          JNC     @308
                         @309:
1220   6                      END;
                                                 ; STATEMENT # 1220
                         @214:
1221   5                  END; ELSE
                                                 ; STATEMENT # 1221
           0992  C3CA09          JMP     @217
                         @212:
        
1222   4              IF CHAR = 'Z' THEN /* SLEEP */
                                                 ; STATEMENT # 1222
           0995  3AB402          LDA     ?CHAR
           0998  FE5A            CPI     5AH
           099A  C2BF09          JNZ     @218
1223   4                  DO;
1224   5                  IF DISTZERO THEN
                                                 ; STATEMENT # 1224
           099D  CD6911          CALL    ?DISTZERO
           09A0  1F              RAR
           09A1  D2AF09          JNC     @219
1225   5                      DO; IF READCHAR = ENDFILE THEN GO TO RESET;
                                                 ; STATEMENT # 1226
           09A4  CDD509          CALL    ?READCHAR
           09A7  FE1A            CPI     1AH
           09A9  C2AF09          JNZ     @220
                                                 ; STATEMENT # 1227
PL/M-80 COMPILER                                                                                                PAGE 101


           09AC  C3E101          JMP     ?RESET
                         @220:
1228   6                      END;
                                                 ; STATEMENT # 1228
                         @219:
1229   5                      DO WHILE DISTNZERO; CALL WAIT;
                                                 ; STATEMENT # 1229
                         @310:
           09AF  CD7D11          CALL    ?DISTNZERO
           09B2  1F              RAR
           09B3  D2BC09          JNC     @311
                                                 ; STATEMENT # 1230
           09B6  CD0E17          CALL    ?WAIT
1231   6                      END;
                                                 ; STATEMENT # 1231
           09B9  C3AF09          JMP     @310
                         @311:
1232   5                  END; ELSE
                                                 ; STATEMENT # 1232
           09BC  C3CA09          JMP     @221
                         @218:
1233   4              IF CHAR <> 0 THEN /* NOT BREAK LEFT OVER FROM STOP */
                                                 ; STATEMENT # 1233
           09BF  3AB402          LDA     ?CHAR
           09C2  FE00            CPI     0H
           09C4  CACA09          JZ      @222
                      /* DIRECTION FORWARD, BUT NOT ONE OF THE ABOVE */
1234   4              GO TO BADCOM;
                                                 ; STATEMENT # 1234
           09C7  C3CE01          JMP     ?BADCOM
               
                         @222:
                         @221:
                         @217:
                         @211:
                         @209:
                         @207:
                         @203:
                         @200:
                         @197:
                         @195:
               
1235   4              END; ELSE /* DIRECTION NOT FORWARD */
                                                 ; STATEMENT # 1235
           09CA  C3D009          JMP     @223
                         @192:
1236   3                  GO TO BADCOM;
                                                 ; STATEMENT # 1236
           09CD  C3CE01          JMP     ?BADCOM
                         @223:
                         @191:
                         @188:
                         @184:
                         @182:
                         @180:
                         @176:
                         @174:
PL/M-80 COMPILER                                                                                                PAGE 102


                         @172:
                         @170:
                         @168:
1237   3              END;
                                                 ; STATEMENT # 1237
                         @155:
                         @153:
                         @146:
                         @144:
                         @113:
                         @111:
1238   2          END;
                                                 ; STATEMENT # 1238
           09D0  C31302          JMP     @268
                         @269:
1239   1      END;
                                                 ; STATEMENT # 1239
           09D3  FB              EI
           09D4  76              HLT



MODULE INFORMATION:

     CODE AREA SIZE     = 187BH   6267D
     VARIABLE AREA SIZE = 02E0H    736D
     MAXIMUM STACK SIZE = 0020H     32D
     1629 LINES READ
     0 PROGRAM ERRORS
; SYMBOL TABLE
?MEMORY                         EQU     0H
?ED                             EQU     C0H
?EDJMP                          EQU     0H
?EDADR                          EQU     1H
?BDISK                          EQU     0H
?MAXB                           EQU     0H
?FCB                            EQU     0H
?BUFF                           EQU     0H
?MON1                           EQU     0H
?F                              EQU     0H
?A                              EQU     0H
?MON2                           EQU     0H
?F                              EQU     0H
?A                              EQU     0H
?BOOT                           EQU     0H
?COPYRIGHT                      EQU     3H
?MAX                            EQU     0H
?MAXM                           EQU     2H
?HMAX                           EQU     4H
?RFCB                           EQU     6H
?RBP                            EQU     27H
?XFCB                           EQU     28H
?XFCBE                          EQU     34H
?XFCBM                          EQU     36H
?XFCBR                          EQU     48H
?XBUFF                          EQU     49H
?XBP                            EQU     C9H
PL/M-80 COMPILER                                                                                                PAGE 103


?XFERON                         EQU     CAH
?NBUF                           EQU     CBH
?BUFFLENGTH                     EQU     CCH
?SFCB                           EQU     0H
?SBUFFADR                       EQU     CEH
?SBUFF                          EQU     0H
?DFCB                           EQU     D0H
?DFUB                           EQU     DDH
?DBUFFADR                       EQU     F1H
?DBUFF                          EQU     0H
?NSOURCE                        EQU     F3H
?NDEST                          EQU     F5H
?SDISK                          EQU     F7H
?DDISK                          EQU     F8H
?READCHAR                       EQU     9D5H
?PRINTSUPPRESS                  EQU     F9H
?PRINTCHAR                      EQU     9DEH
?CHAR                           EQU     FAH
?COLUMN                         EQU     FBH
?SCOLUMN                        EQU     FCH
?TCOLUMN                        EQU     FDH
?QCOLUMN                        EQU     FEH
?TTYCHAR                        EQU     9F6H
?CHAR                           EQU     FFH
?BACKSPACE                      EQU     A1BH
?PRINTABS                       EQU     A39H
?CHAR                           EQU     100H
?I                              EQU     101H
?J                              EQU     102H
?GRAPHIC                        EQU     A7DH
?C                              EQU     103H
?PRINTC                         EQU     AADH
?C                              EQU     104H
?CRLF                           EQU     AD1H
?PRINTM                         EQU     ADCH
?A                              EQU     105H
?PRINT                          EQU     AECH
?A                              EQU     107H
?READ                           EQU     AFEH
?A                              EQU     109H
?DCNT                           EQU     10BH
?OPEN                           EQU     B0EH
?FCB                            EQU     10CH
?CLOSE                          EQU     B21H
?FCB                            EQU     10EH
?SEARCH                         EQU     B34H
?FCB                            EQU     110H
?DELETE                         EQU     B47H
?FCB                            EQU     112H
?DISKREAD                       EQU     B57H
?FCB                            EQU     114H
?DISKWRITE                      EQU     B67H
?FCB                            EQU     116H
?MAKE                           EQU     B77H
?FCB                            EQU     118H
?RENAME                         EQU     B8AH
?FCB                            EQU     11AH
PL/M-80 COMPILER                                                                                                PAGE 104


?MAXLEN                         EQU     11CH
?COMLEN                         EQU     11DH
?COMBUFF                        EQU     11EH
?TCBP                           EQU     19EH
?CBP                            EQU     19FH
?READCOM                        EQU     B9AH
?BREAKKEY                       EQU     BA6H
?CSELECT                        EQU     BC0H
?SELECT                         EQU     BC9H
?DISK                           EQU     1A0H
?SETDMA                         EQU     BD9H
?A                              EQU     1A1H
?REBOOT                         EQU     BE9H
?BASELINE                       EQU     1A3H
?RELLINE                        EQU     1A5H
?LINESET                        EQU     1A7H
?ABORT                          EQU     BFAH
?A                              EQU     1A8H
?FERR                           EQU     C0FH
?SETTYPE                        EQU     C1CH
?A                              EQU     1AAH
?SETUP                          EQU     C3BH
?XCLEAR                         EQU     D2AH
?SETXDMA                        EQU     D3FH
?FILLSOURCE                     EQU     D4DH
?I                              EQU     1ACH
?ZN                             EQU     DB5H
?GETSOURCE                      EQU     DBCH
?B                              EQU     1ADH
?WRITEDEST                      EQU     DE7H
?I                              EQU     1AEH
?N                              EQU     1AFH
?ZN                             EQU     E45H
?PUTDEST                        EQU     E4CH
?B                              EQU     1B0H
?PUTXFER                        EQU     E73H
?C                              EQU     1B1H
?FINIS                          EQU     EA7H
?MOVEUP                         EQU     F18H
?MACRO                          EQU     1B2H
?SCRATCH                        EQU     232H
?WBP                            EQU     296H
?WBE                            EQU     297H
?WBJ                            EQU     298H
?FLAG                           EQU     299H
?MP                             EQU     29AH
?MI                             EQU     29BH
?XP                             EQU     29CH
?MT                             EQU     29DH
?START                          EQU     206H
?RESTART                        EQU     1A7H
?OVERCOUNT                      EQU     1C3H
?OVERFLOW                       EQU     1D9H
?RESET                          EQU     1E1H
?BADCOM                         EQU     1CEH
?INSERTING                      EQU     29FH
?READBUFF                       EQU     2A0H
PL/M-80 COMPILER                                                                                                PAGE 105


?PRINTNMAC                      EQU     F2DH
?CHAR                           EQU     2A1H
?TRANSLATE                      EQU     2A2H
?UPPER                          EQU     2A3H
?LOWERCASE                      EQU     F42H
?C                              EQU     2A4H
?UCASE                          EQU     F5AH
?C                              EQU     2A5H
?UTRAN                          EQU     F73H
?C                              EQU     2A6H
?PRINTVALUE                     EQU     F8AH
?V                              EQU     2A7H
?D                              EQU     2A9H
?ZERO                           EQU     2AAH
?K                              EQU     2ABH
?PRINTLINE                      EQU     FF5H
?V                              EQU     2ADH
?PRINTBASE                      EQU     102AH
?PRINTNMBASE                    EQU     1033H
?READC                          EQU     1040H
?SETRDMA                        EQU     1122H
?READFILE                       EQU     1130H
?DISTANCE                       EQU     2AFH
?TDIST                          EQU     2B1H
?DIRECTION                      EQU     2B3H
?CHAR                           EQU     2B4H
?FRONT                          EQU     2B5H
?BACK                           EQU     2B7H
?FIRST                          EQU     2B9H
?LAST                           EQU     2BBH
?SETFF                          EQU     1162H
?DISTZERO                       EQU     1169H
?ZERODIST                       EQU     1176H
?DISTNZERO                      EQU     117DH
?SETLIMITS                      EQU     1191H
?I                              EQU     2BDH
?K                              EQU     2BFH
?L                              EQU     2C1H
?M                              EQU     2C3H
?MIDDLE                         EQU     2C5H
?LOOPING                        EQU     2C6H
?INCFRONT                       EQU     127AH
?INCBACK                        EQU     1282H
?DECFRONT                       EQU     128AH
?DECBACK                        EQU     1292H
?INCBASE                        EQU     129AH
?MEMMOVE                        EQU     12A2H
?MOVEFLAG                       EQU     2C7H
?C                              EQU     2C8H
?MOVER                          EQU     132AH
?SETPTRS                        EQU     1330H
?MOVELINES                      EQU     1336H
?SETCLIMITS                     EQU     133DH
?READLINE                       EQU     139CH
?B                              EQU     2C9H
?CTRAN                          EQU     13DCH
?B                              EQU     2CAH
PL/M-80 COMPILER                                                                                                PAGE 106


?WRITELINE                      EQU     13F3H
?B                              EQU     2CBH
?WRHALF                         EQU     1425H
?WRITEOUT                       EQU     144EH
?CLEARMEM                       EQU     148EH
?TERMINATE                      EQU     1495H
?INSERT                         EQU     14B1H
?SCANNING                       EQU     14DBH
?COLLECT                        EQU     14FCH
?SETSCR                         EQU     152AH
?FIND                           EQU     1547H
?PA                             EQU     2CCH
?PB                             EQU     2CDH
?J                              EQU     2CEH
?K                              EQU     2D0H
?MATCH                          EQU     2D1H
?SETFIND                        EQU     15D1H
?CHKFOUND                       EQU     15E0H
?SETRFCB                        EQU     15F1H
?PRINTREL                       EQU     160CH
?TYPELINES                      EQU     161AH
?I                              EQU     2D2H
?C                              EQU     2D4H
?SETLPP                         EQU     16AEH
?SAVEDIST                       EQU     16B5H
?RESTDIST                       EQU     16BCH
?PAGE                           EQU     16C3H
?I                              EQU     2D5H
?WAIT                           EQU     170EH
?I                              EQU     2D6H
?SETFORWARD                     EQU     1733H
?APPHALF                        EQU     173FH
?INSCRLF                        EQU     1762H
?TESTCASE                       EQU     1773H
?T                              EQU     2D7H
?READCTRAN                      EQU     1797H
?SINGLECOM                      EQU     17A6H
?C                              EQU     2D8H
?SINGLERCOM                     EQU     17CDH
?C                              EQU     2D9H
?EDCOMMAND                      EQU     C3H
?I                              EQU     2DAH
?I                              EQU     2DBH
?DIGIT                          EQU     180CH
?NUMBER                         EQU     181BH
?RELDISTANCE                    EQU     1847H
?T                              EQU     2DCH
?I                              EQU     2DEH


END OF PL/M-80 COMPILATION
