:F1:asm80 edgen.asm object(edgen.obj) print(edgen.lst) 



ISIS-II 8080/8085 MACRO ASSEMBLER, V4.1         EDGEN    PAGE    1


  LOC  OBJ         LINE        SOURCE STATEMENT

                      1         NAME EDGEN
  0100                2         ORG     0100H
  0100 C3C300         3         JMP     PEDCOMMAND
  FFFF                4 STACKORG                         EQU     0FFFFH
  0000                5 PMEMORY                          SET     0H
  00C0                6 PED                              SET     0C0H
  0000                7 PEDJMP                           SET     0H
  0001                8 PEDADR                           SET     1H
  0000                9 PBDISK                           SET     0H
  0000               10 PMAXB                            SET     0H
  0000               11 PFCB                             SET     0H
  0000               12 PBUFF                            SET     0H
  0005               13 PMON1                            SET     0005H
  0000               14 PF                               SET     0H
  0000               15 PA                               SET     0H
  0005               16 PMON2                            SET     0005H
  0000               17 PBOOT                            SET     0000H
  0003               18 PCOPYRIGHT                       SET     3H
  0000               19 PMAX                             SET     0H
  0002               20 PMAXM                            SET     2H
  0004               21 PHMAX                            SET     4H
  0006               22 PRFCB                            SET     6H
  0027               23 PRBP                             SET     27H
  0028               24 PXFCB                            SET     28H
  0034               25 PXFCBE                           SET     34H
  0036               26 PXFCBM                           SET     36H
  0048               27 PXFCBR                           SET     48H
  0049               28 PXBUFF                           SET     49H
  00C9               29 PXBP                             SET     0C9H
  00CA               30 PXFERON                          SET     0CAH
  00CB               31 PNBUF                            SET     0CBH
  00CC               32 PBUFFLENGTH                      SET     0CCH
  0000               33 PSFCB                            SET     0H
  00CE               34 PSBUFFADR                        SET     0CEH
  0000               35 PSBUFF                           SET     0H
  00D0               36 PDFCB                            SET     0D0H
  00DD               37 PDFUB                            SET     0DDH
  00F1               38 PDBUFFADR                        SET     0F1H
  0000               39 PDBUFF                           SET     0H
  00F3               40 PNSOURCE                         SET     0F3H
  00F5               41 PNDEST                           SET     0F5H
  00F7               42 PSDISK                           SET     0F7H
  00F8               43 PDDISK                           SET     0F8H
  09D5               44 PREADCHAR                        SET     9D5H
  00F9               45 PPRINTSUPPRESS                   SET     0F9H
  09DE               46 PPRINTCHAR                       SET     9DEH
  00FA               47 PCHAR                            SET     0FAH
  00FB               48 PCOLUMN                          SET     0FBH
  00FC               49 PSCOLUMN                         SET     0FCH
  00FD               50 PTCOLUMN                         SET     0FDH
  00FE               51 PQCOLUMN                         SET     0FEH
  09F6               52 PTTYCHAR                         SET     9F6H
  0A1B               53 PBACKSPACE                       SET     0A1BH
  0A39               54 PPRINTABS                        SET     0A39H


ISIS-II 8080/8085 MACRO ASSEMBLER, V4.1         EDGEN    PAGE    2


  LOC  OBJ         LINE        SOURCE STATEMENT

  0101               55 PI                               SET     101H
  0102               56 PJ                               SET     102H
  0A7D               57 PGRAPHIC                         SET     0A7DH
  0103               58 PC                               SET     103H
  0AAD               59 PPRINTC                          SET     0AADH
  0AD1               60 PCRLF                            SET     0AD1H
  0ADC               61 PPRINTM                          SET     0ADCH
  0AEC               62 PPRINT                           SET     0AECH
  0AFE               63 PREAD                            SET     0AFEH
  010B               64 PDCNT                            SET     10BH
  0B0E               65 POPEN                            SET     0B0EH
  0B21               66 PCLOSE                           SET     0B21H
  0B34               67 PSEARCH                          SET     0B34H
  0B47               68 PDELETE                          SET     0B47H
  0B57               69 PDISKREAD                        SET     0B57H
  0B67               70 PDISKWRITE                       SET     0B67H
  0B77               71 PMAKE                            SET     0B77H
  0B8A               72 PRENAME                          SET     0B8AH
  011C               73 PMAXLEN                          SET     11CH
  011D               74 PCOMLEN                          SET     11DH
  011E               75 PCOMBUFF                         SET     11EH
  019E               76 PTCBP                            SET     19EH
  019F               77 PCBP                             SET     19FH
  0B9A               78 PREADCOM                         SET     0B9AH
  0BA6               79 PBREAKKEY                        SET     0BA6H
  0BC0               80 PCSELECT                         SET     0BC0H
  0BC9               81 PSELECT                          SET     0BC9H
  01A0               82 PDISK                            SET     1A0H
  0BD9               83 PSETDMA                          SET     0BD9H
  0BE9               84 PREBOOT                          SET     0BE9H
  01A3               85 PBASELINE                        SET     1A3H
  01A5               86 PRELLINE                         SET     1A5H
  01A7               87 PLINESET                         SET     1A7H
  0BFA               88 PABORT                           SET     0BFAH
  0C0F               89 PFERR                            SET     0C0FH
  0C1C               90 PSETTYPE                         SET     0C1CH
  0C3B               91 PSETUP                           SET     0C3BH
  0D2A               92 PXCLEAR                          SET     0D2AH
  0D3F               93 PSETXDMA                         SET     0D3FH
  0D4D               94 PFILLSOURCE                      SET     0D4DH
  0DB5               95 PZN                              SET     0DB5H
  0DBC               96 PGETSOURCE                       SET     0DBCH
  01AD               97 PB                               SET     1ADH
  0DE7               98 PWRITEDEST                       SET     0DE7H
  01AF               99 PN                               SET     1AFH
  0E4C              100 PPUTDEST                         SET     0E4CH
  0E73              101 PPUTXFER                         SET     0E73H
  0EA7              102 PFINIS                           SET     0EA7H
  0F18              103 PMOVEUP                          SET     0F18H
  01B2              104 PMACRO                           SET     1B2H
  0232              105 PSCRATCH                         SET     232H
  0296              106 PWBP                             SET     296H
  0297              107 PWBE                             SET     297H
  0298              108 PWBJ                             SET     298H
  0299              109 PFLAG                            SET     299H


ISIS-II 8080/8085 MACRO ASSEMBLER, V4.1         EDGEN    PAGE    3


  LOC  OBJ         LINE        SOURCE STATEMENT

  029A              110 PMP                              SET     29AH
  029B              111 PMI                              SET     29BH
  029C              112 PXP                              SET     29CH
  029D              113 PMT                              SET     29DH
  0206              114 PSTART                           SET     206H
  01A7              115 PRESTART                         SET     1A7H
  01C3              116 POVERCOUNT                       SET     1C3H
  01D9              117 POVERFLOW                        SET     1D9H
  01E1              118 PRESET                           SET     1E1H
  01CE              119 PBADCOM                          SET     1CEH
  029F              120 PINSERTING                       SET     29FH
  02A0              121 PREADBUFF                        SET     2A0H
  0F2D              122 PPRINTNMAC                       SET     0F2DH
  02A2              123 PTRANSLATE                       SET     2A2H
  02A3              124 PUPPER                           SET     2A3H
  0F42              125 PLOWERCASE                       SET     0F42H
  0F5A              126 PUCASE                           SET     0F5AH
  0F73              127 PUTRAN                           SET     0F73H
  0F8A              128 PPRINTVALUE                      SET     0F8AH
  02A7              129 PV                               SET     2A7H
  02A9              130 PD                               SET     2A9H
  02AA              131 PZERO                            SET     2AAH
  02AB              132 PK                               SET     2ABH
  0FF5              133 PPRINTLINE                       SET     0FF5H
  102A              134 PPRINTBASE                       SET     102AH
  1033              135 PPRINTNMBASE                     SET     1033H
  1040              136 PREADC                           SET     1040H
  1122              137 PSETRDMA                         SET     1122H
  1130              138 PREADFILE                        SET     1130H
  02AF              139 PDISTANCE                        SET     2AFH
  02B1              140 PTDIST                           SET     2B1H
  02B3              141 PDIRECTION                       SET     2B3H
  02B5              142 PFRONT                           SET     2B5H
  02B7              143 PBACK                            SET     2B7H
  02B9              144 PFIRST                           SET     2B9H
  02BB              145 PLAST                            SET     2BBH
  1162              146 PSETFF                           SET     1162H
  1169              147 PDISTZERO                        SET     1169H
  1176              148 PZERODIST                        SET     1176H
  117D              149 PDISTNZERO                       SET     117DH
  1191              150 PSETLIMITS                       SET     1191H
  02C1              151 PL                               SET     2C1H
  02C3              152 PM                               SET     2C3H
  02C5              153 PMIDDLE                          SET     2C5H
  02C6              154 PLOOPING                         SET     2C6H
  127A              155 PINCFRONT                        SET     127AH
  1282              156 PINCBACK                         SET     1282H
  128A              157 PDECFRONT                        SET     128AH
  1292              158 PDECBACK                         SET     1292H
  129A              159 PINCBASE                         SET     129AH
  12A2              160 PMEMMOVE                         SET     12A2H
  02C7              161 PMOVEFLAG                        SET     2C7H
  132A              162 PMOVER                           SET     132AH
  1330              163 PSETPTRS                         SET     1330H
  1336              164 PMOVELINES                       SET     1336H


ISIS-II 8080/8085 MACRO ASSEMBLER, V4.1         EDGEN    PAGE    4


  LOC  OBJ         LINE        SOURCE STATEMENT

  133D              165 PSETCLIMITS                      SET     133DH
  139C              166 PREADLINE                        SET     139CH
  13DC              167 PCTRAN                           SET     13DCH
  13F3              168 PWRITELINE                       SET     13F3H
  1425              169 PWRHALF                          SET     1425H
  144E              170 PWRITEOUT                        SET     144EH
  148E              171 PCLEARMEM                        SET     148EH
  1495              172 PTERMINATE                       SET     1495H
  14B1              173 PINSERT                          SET     14B1H
  14DB              174 PSCANNING                        SET     14DBH
  14FC              175 PCOLLECT                         SET     14FCH
  152A              176 PSETSCR                          SET     152AH
  1547              177 PFIND                            SET     1547H
  02CC              178 PPA                              SET     2CCH
  02CD              179 PPB                              SET     2CDH
  02D1              180 PMATCH                           SET     2D1H
  15D1              181 PSETFIND                         SET     15D1H
  15E0              182 PCHKFOUND                        SET     15E0H
  15F1              183 PSETRFCB                         SET     15F1H
  160C              184 PPRINTREL                        SET     160CH
  161A              185 PTYPELINES                       SET     161AH
  16AE              186 PSETLPP                          SET     16AEH
  16B5              187 PSAVEDIST                        SET     16B5H
  16BC              188 PRESTDIST                        SET     16BCH
  16C3              189 PPAGE                            SET     16C3H
  170E              190 PWAIT                            SET     170EH
  1733              191 PSETFORWARD                      SET     1733H
  173F              192 PAPPHALF                         SET     173FH
  1762              193 PINSCRLF                         SET     1762H
  1773              194 PTESTCASE                        SET     1773H
  02D7              195 PT                               SET     2D7H
  1797              196 PREADCTRAN                       SET     1797H
  17A6              197 PSINGLECOM                       SET     17A6H
  17CD              198 PSINGLERCOM                      SET     17CDH
  00C3              199 PEDCOMMAND                       SET     0C3H
  180C              200 PDIGIT                           SET     180CH
  181B              201 PNUMBER                          SET     181BH
  1847              202 PRELDISTANCE                     SET     1847H
  0000              203 @1                               SET     0H ; Undefined
  0000              204 @10                              SET     0H ; Undefined
  0000              205 @100                             SET     0H ; Undefined
  0000              206 @101                             SET     0H ; Undefined
  0000              207 @102                             SET     0H ; Undefined
  0000              208 @103                             SET     0H ; Undefined
  0000              209 @104                             SET     0H ; Undefined
  0000              210 @105                             SET     0H ; Undefined
  0000              211 @106                             SET     0H ; Undefined
  0000              212 @107                             SET     0H ; Undefined
  0000              213 @108                             SET     0H ; Undefined
  0000              214 @109                             SET     0H ; Undefined
  0000              215 @11                              SET     0H ; Undefined
  0000              216 @110                             SET     0H ; Undefined
  0000              217 @111                             SET     0H ; Undefined
  0000              218 @112                             SET     0H ; Undefined
  0000              219 @113                             SET     0H ; Undefined


ISIS-II 8080/8085 MACRO ASSEMBLER, V4.1         EDGEN    PAGE    5


  LOC  OBJ         LINE        SOURCE STATEMENT

  0000              220 @114                             SET     0H ; Undefined
  0000              221 @115                             SET     0H ; Undefined
  0000              222 @116                             SET     0H ; Undefined
  0000              223 @117                             SET     0H ; Undefined
  0000              224 @118                             SET     0H ; Undefined
  0000              225 @119                             SET     0H ; Undefined
  0000              226 @12                              SET     0H ; Undefined
  0000              227 @120                             SET     0H ; Undefined
  0000              228 @121                             SET     0H ; Undefined
  0000              229 @122                             SET     0H ; Undefined
  0000              230 @123                             SET     0H ; Undefined
  0000              231 @124                             SET     0H ; Undefined
  0000              232 @125                             SET     0H ; Undefined
  0000              233 @126                             SET     0H ; Undefined
  0000              234 @127                             SET     0H ; Undefined
  0000              235 @128                             SET     0H ; Undefined
  0000              236 @129                             SET     0H ; Undefined
  0000              237 @13                              SET     0H ; Undefined
  0000              238 @130                             SET     0H ; Undefined
  0000              239 @131                             SET     0H ; Undefined
  0000              240 @132                             SET     0H ; Undefined
  0000              241 @133                             SET     0H ; Undefined
  0000              242 @134                             SET     0H ; Undefined
  0000              243 @135                             SET     0H ; Undefined
  0000              244 @136                             SET     0H ; Undefined
  0000              245 @137                             SET     0H ; Undefined
  0000              246 @138                             SET     0H ; Undefined
  0000              247 @139                             SET     0H ; Undefined
  0000              248 @14                              SET     0H ; Undefined
  0000              249 @140                             SET     0H ; Undefined
  0000              250 @141                             SET     0H ; Undefined
  0000              251 @142                             SET     0H ; Undefined
  0000              252 @143                             SET     0H ; Undefined
  0000              253 @144                             SET     0H ; Undefined
  0000              254 @145                             SET     0H ; Undefined
  0000              255 @147                             SET     0H ; Undefined
  0000              256 @148                             SET     0H ; Undefined
  0000              257 @149                             SET     0H ; Undefined
  0000              258 @15                              SET     0H ; Undefined
  0000              259 @150                             SET     0H ; Undefined
  0000              260 @151                             SET     0H ; Undefined
  0000              261 @152                             SET     0H ; Undefined
  0000              262 @153                             SET     0H ; Undefined
  0000              263 @154                             SET     0H ; Undefined
  0000              264 @155                             SET     0H ; Undefined
  0000              265 @156                             SET     0H ; Undefined
  0000              266 @157                             SET     0H ; Undefined
  0000              267 @158                             SET     0H ; Undefined
  0000              268 @159                             SET     0H ; Undefined
  0000              269 @16                              SET     0H ; Undefined
  0000              270 @160                             SET     0H ; Undefined
  0000              271 @161                             SET     0H ; Undefined
  0000              272 @162                             SET     0H ; Undefined
  0000              273 @163                             SET     0H ; Undefined
  0000              274 @164                             SET     0H ; Undefined


ISIS-II 8080/8085 MACRO ASSEMBLER, V4.1         EDGEN    PAGE    6


  LOC  OBJ         LINE        SOURCE STATEMENT

  0000              275 @165                             SET     0H ; Undefined
  0000              276 @166                             SET     0H ; Undefined
  0000              277 @167                             SET     0H ; Undefined
  0000              278 @168                             SET     0H ; Undefined
  0000              279 @169                             SET     0H ; Undefined
  0000              280 @17                              SET     0H ; Undefined
  0000              281 @170                             SET     0H ; Undefined
  0000              282 @171                             SET     0H ; Undefined
  0000              283 @172                             SET     0H ; Undefined
  0000              284 @173                             SET     0H ; Undefined
  0000              285 @174                             SET     0H ; Undefined
  0000              286 @175                             SET     0H ; Undefined
  0000              287 @176                             SET     0H ; Undefined
  0000              288 @177                             SET     0H ; Undefined
  0000              289 @178                             SET     0H ; Undefined
  0000              290 @179                             SET     0H ; Undefined
  0000              291 @18                              SET     0H ; Undefined
  0000              292 @180                             SET     0H ; Undefined
  0000              293 @181                             SET     0H ; Undefined
  0000              294 @182                             SET     0H ; Undefined
  0000              295 @183                             SET     0H ; Undefined
  0000              296 @184                             SET     0H ; Undefined
  0000              297 @185                             SET     0H ; Undefined
  0000              298 @186                             SET     0H ; Undefined
  0000              299 @187                             SET     0H ; Undefined
  0000              300 @188                             SET     0H ; Undefined
  0000              301 @189                             SET     0H ; Undefined
  0000              302 @19                              SET     0H ; Undefined
  0000              303 @190                             SET     0H ; Undefined
  0000              304 @191                             SET     0H ; Undefined
  0000              305 @192                             SET     0H ; Undefined
  0000              306 @193                             SET     0H ; Undefined
  0000              307 @194                             SET     0H ; Undefined
  0000              308 @195                             SET     0H ; Undefined
  0000              309 @196                             SET     0H ; Undefined
  0000              310 @197                             SET     0H ; Undefined
  0000              311 @198                             SET     0H ; Undefined
  0000              312 @199                             SET     0H ; Undefined
  0000              313 @2                               SET     0H ; Undefined
  0000              314 @20                              SET     0H ; Undefined
  0000              315 @200                             SET     0H ; Undefined
  0000              316 @201                             SET     0H ; Undefined
  0000              317 @202                             SET     0H ; Undefined
  0000              318 @203                             SET     0H ; Undefined
  0000              319 @204                             SET     0H ; Undefined
  0000              320 @205                             SET     0H ; Undefined
  0000              321 @206                             SET     0H ; Undefined
  0000              322 @207                             SET     0H ; Undefined
  0000              323 @208                             SET     0H ; Undefined
  0000              324 @209                             SET     0H ; Undefined
  0000              325 @21                              SET     0H ; Undefined
  0000              326 @210                             SET     0H ; Undefined
  0000              327 @211                             SET     0H ; Undefined
  0000              328 @212                             SET     0H ; Undefined
  0000              329 @213                             SET     0H ; Undefined


ISIS-II 8080/8085 MACRO ASSEMBLER, V4.1         EDGEN    PAGE    7


  LOC  OBJ         LINE        SOURCE STATEMENT

  0000              330 @214                             SET     0H ; Undefined
  0000              331 @215                             SET     0H ; Undefined
  0000              332 @216                             SET     0H ; Undefined
  0000              333 @217                             SET     0H ; Undefined
  0000              334 @218                             SET     0H ; Undefined
  0000              335 @219                             SET     0H ; Undefined
  0000              336 @22                              SET     0H ; Undefined
  0000              337 @220                             SET     0H ; Undefined
  0000              338 @221                             SET     0H ; Undefined
  0000              339 @222                             SET     0H ; Undefined
  0000              340 @223                             SET     0H ; Undefined
  0000              341 @224                             SET     0H ; Undefined
  0000              342 @225                             SET     0H ; Undefined
  0000              343 @227                             SET     0H ; Undefined
  0000              344 @228                             SET     0H ; Undefined
  0000              345 @23                              SET     0H ; Undefined
  0000              346 @230                             SET     0H ; Undefined
  0000              347 @231                             SET     0H ; Undefined
  0000              348 @233                             SET     0H ; Undefined
  0000              349 @234                             SET     0H ; Undefined
  0000              350 @235                             SET     0H ; Undefined
  0000              351 @236                             SET     0H ; Undefined
  0000              352 @237                             SET     0H ; Undefined
  0000              353 @238                             SET     0H ; Undefined
  0000              354 @239                             SET     0H ; Undefined
  0000              355 @24                              SET     0H ; Undefined
  0000              356 @240                             SET     0H ; Undefined
  0000              357 @241                             SET     0H ; Undefined
  0000              358 @242                             SET     0H ; Undefined
  0000              359 @243                             SET     0H ; Undefined
  0000              360 @244                             SET     0H ; Undefined
  0000              361 @245                             SET     0H ; Undefined
  0000              362 @247                             SET     0H ; Undefined
  0000              363 @249                             SET     0H ; Undefined
  0000              364 @25                              SET     0H ; Undefined
  0000              365 @250                             SET     0H ; Undefined
  0000              366 @251                             SET     0H ; Undefined
  0000              367 @252                             SET     0H ; Undefined
  0000              368 @253                             SET     0H ; Undefined
  0000              369 @254                             SET     0H ; Undefined
  0000              370 @255                             SET     0H ; Undefined
  0000              371 @256                             SET     0H ; Undefined
  0000              372 @257                             SET     0H ; Undefined
  0000              373 @258                             SET     0H ; Undefined
  0000              374 @259                             SET     0H ; Undefined
  0000              375 @26                              SET     0H ; Undefined
  0000              376 @260                             SET     0H ; Undefined
  0000              377 @261                             SET     0H ; Undefined
  0000              378 @262                             SET     0H ; Undefined
  0000              379 @263                             SET     0H ; Undefined
  0000              380 @264                             SET     0H ; Undefined
  0000              381 @266                             SET     0H ; Undefined
  0000              382 @267                             SET     0H ; Undefined
  0000              383 @268                             SET     0H ; Undefined
  0000              384 @27                              SET     0H ; Undefined


ISIS-II 8080/8085 MACRO ASSEMBLER, V4.1         EDGEN    PAGE    8


  LOC  OBJ         LINE        SOURCE STATEMENT

  0000              385 @270                             SET     0H ; Undefined
  0000              386 @271                             SET     0H ; Undefined
  0000              387 @272                             SET     0H ; Undefined
  0000              388 @273                             SET     0H ; Undefined
  0000              389 @274                             SET     0H ; Undefined
  0000              390 @275                             SET     0H ; Undefined
  0000              391 @276                             SET     0H ; Undefined
  0000              392 @277                             SET     0H ; Undefined
  0000              393 @278                             SET     0H ; Undefined
  0000              394 @279                             SET     0H ; Undefined
  0000              395 @28                              SET     0H ; Undefined
  0000              396 @280                             SET     0H ; Undefined
  0000              397 @281                             SET     0H ; Undefined
  0000              398 @282                             SET     0H ; Undefined
  0000              399 @283                             SET     0H ; Undefined
  0000              400 @284                             SET     0H ; Undefined
  0000              401 @285                             SET     0H ; Undefined
  0000              402 @286                             SET     0H ; Undefined
  0000              403 @287                             SET     0H ; Undefined
  0000              404 @288                             SET     0H ; Undefined
  0000              405 @289                             SET     0H ; Undefined
  0000              406 @29                              SET     0H ; Undefined
  0000              407 @290                             SET     0H ; Undefined
  0000              408 @291                             SET     0H ; Undefined
  0000              409 @292                             SET     0H ; Undefined
  0000              410 @293                             SET     0H ; Undefined
  0000              411 @294                             SET     0H ; Undefined
  0000              412 @295                             SET     0H ; Undefined
  0000              413 @296                             SET     0H ; Undefined
  0000              414 @297                             SET     0H ; Undefined
  0000              415 @298                             SET     0H ; Undefined
  0000              416 @299                             SET     0H ; Undefined
  0000              417 @3                               SET     0H ; Undefined
  0000              418 @30                              SET     0H ; Undefined
  0000              419 @300                             SET     0H ; Undefined
  0000              420 @301                             SET     0H ; Undefined
  0000              421 @302                             SET     0H ; Undefined
  0000              422 @303                             SET     0H ; Undefined
  0000              423 @304                             SET     0H ; Undefined
  0000              424 @305                             SET     0H ; Undefined
  0000              425 @306                             SET     0H ; Undefined
  0000              426 @307                             SET     0H ; Undefined
  0000              427 @308                             SET     0H ; Undefined
  0000              428 @309                             SET     0H ; Undefined
  0000              429 @31                              SET     0H ; Undefined
  0000              430 @310                             SET     0H ; Undefined
  0000              431 @311                             SET     0H ; Undefined
  0000              432 @32                              SET     0H ; Undefined
  0000              433 @33                              SET     0H ; Undefined
  0000              434 @34                              SET     0H ; Undefined
  0000              435 @35                              SET     0H ; Undefined
  0000              436 @36                              SET     0H ; Undefined
  0000              437 @37                              SET     0H ; Undefined
  0000              438 @38                              SET     0H ; Undefined
  0000              439 @39                              SET     0H ; Undefined


ISIS-II 8080/8085 MACRO ASSEMBLER, V4.1         EDGEN    PAGE    9


  LOC  OBJ         LINE        SOURCE STATEMENT

  0000              440 @4                               SET     0H ; Undefined
  0000              441 @40                              SET     0H ; Undefined
  0000              442 @41                              SET     0H ; Undefined
  0000              443 @42                              SET     0H ; Undefined
  0000              444 @43                              SET     0H ; Undefined
  0000              445 @44                              SET     0H ; Undefined
  0000              446 @45                              SET     0H ; Undefined
  0000              447 @46                              SET     0H ; Undefined
  0000              448 @47                              SET     0H ; Undefined
  0000              449 @48                              SET     0H ; Undefined
  0000              450 @49                              SET     0H ; Undefined
  0000              451 @5                               SET     0H ; Undefined
  0000              452 @50                              SET     0H ; Undefined
  0000              453 @51                              SET     0H ; Undefined
  0000              454 @52                              SET     0H ; Undefined
  0000              455 @53                              SET     0H ; Undefined
  0000              456 @54                              SET     0H ; Undefined
  0000              457 @55                              SET     0H ; Undefined
  0000              458 @56                              SET     0H ; Undefined
  0000              459 @57                              SET     0H ; Undefined
  0000              460 @58                              SET     0H ; Undefined
  0000              461 @59                              SET     0H ; Undefined
  0000              462 @6                               SET     0H ; Undefined
  0000              463 @60                              SET     0H ; Undefined
  0000              464 @61                              SET     0H ; Undefined
  0000              465 @62                              SET     0H ; Undefined
  0000              466 @63                              SET     0H ; Undefined
  0000              467 @64                              SET     0H ; Undefined
  0000              468 @65                              SET     0H ; Undefined
  0000              469 @66                              SET     0H ; Undefined
  0000              470 @67                              SET     0H ; Undefined
  0000              471 @68                              SET     0H ; Undefined
  0000              472 @69                              SET     0H ; Undefined
  0000              473 @7                               SET     0H ; Undefined
  0000              474 @70                              SET     0H ; Undefined
  0000              475 @71                              SET     0H ; Undefined
  0000              476 @72                              SET     0H ; Undefined
  0000              477 @73                              SET     0H ; Undefined
  0000              478 @74                              SET     0H ; Undefined
  0000              479 @75                              SET     0H ; Undefined
  0000              480 @76                              SET     0H ; Undefined
  0000              481 @77                              SET     0H ; Undefined
  0000              482 @78                              SET     0H ; Undefined
  0000              483 @79                              SET     0H ; Undefined
  0000              484 @8                               SET     0H ; Undefined
  0000              485 @80                              SET     0H ; Undefined
  0000              486 @81                              SET     0H ; Undefined
  0000              487 @82                              SET     0H ; Undefined
  0000              488 @83                              SET     0H ; Undefined
  0000              489 @84                              SET     0H ; Undefined
  0000              490 @85                              SET     0H ; Undefined
  0000              491 @86                              SET     0H ; Undefined
  0000              492 @87                              SET     0H ; Undefined
  0000              493 @88                              SET     0H ; Undefined
  0000              494 @89                              SET     0H ; Undefined


ISIS-II 8080/8085 MACRO ASSEMBLER, V4.1         EDGEN    PAGE   10


  LOC  OBJ         LINE        SOURCE STATEMENT

  0000              495 @9                               SET     0H ; Undefined
  0000              496 @90                              SET     0H ; Undefined
  0000              497 @91                              SET     0H ; Undefined
  0000              498 @92                              SET     0H ; Undefined
  0000              499 @93                              SET     0H ; Undefined
  0000              500 @94                              SET     0H ; Undefined
  0000              501 @95                              SET     0H ; Undefined
  0000              502 @96                              SET     0H ; Undefined
  0000              503 @97                              SET     0H ; Undefined
  0000              504 @98                              SET     0H ; Undefined
  0000              505 @99                              SET     0H ; Undefined
  0000              506 QP0017                           SET     0H ; Undefined
  0000              507 QP0029                           SET     0H ; Undefined
  0000              508 QP0030                           SET     0H ; Undefined
  0000              509 QP0087                           SET     0H ; Undefined
  0000              510 QP0091                           SET     0H ; Undefined
  0000              511 QP0093                           SET     0H ; Undefined
  0000              512 QP0094                           SET     0H ; Undefined
  0000              513 QP0095                           SET     0H ; Undefined
  0000              514 QP0098                           SET     0H ; Undefined
  0000              515 QP0100                           SET     0H ; Undefined
  0000              516 QP0101                           SET     0H ; Undefined
  0000              517 QP0102                           SET     0H ; Undefined
  0000              518 QP0103                           SET     0H ; Undefined
  0000              519 QP0105                           SET     0H ; Undefined
  0000              520 QSTACKORIGIN                     SET     0H ; Undefined
                    521 
                    522 ; --- CODE ---
                    523 
  0AD5              524         ORG     00AD5H
  0AD5 110000       525         LXI     D,0H
  0AD8              526         ORG     00AD8H
  0AD8 0E01         527         MVI     C,1H
  0ADA              528         ORG     00ADAH
  0ADA CD0500       529         CALL    PMON2
  0ADD              530         ORG     00ADDH
  0ADD C9           531         RET
  0ADE              532         ORG     00ADEH
  0ADE 21FA00       533         LXI     H,PCHAR
  0AE1              534         ORG     00AE1H
  0AE1 71           535         MOV     M,C
  0AE2              536         ORG     00AE2H
  0AE2 3A0C16       537         LDA     PPRINTSUPPRESS
  0AE5              538         ORG     00AE5H
  0AE5 1F           539         RAR
  0AE6              540         ORG     00AE6H
  0AE6 D20000       541         JNC     @1
  0AE9              542         ORG     00AE9H
  0AE9 C9           543         RET
  0AEA              544         ORG     00AEAH
  0AEA 2AFA00       545         LHLD    PCHAR
  0AED              546         ORG     00AEDH
  0AED 2600         547         MVI     H,0
  0AEF              548         ORG     00AEFH
  0AEF EB           549         XCHG


ISIS-II 8080/8085 MACRO ASSEMBLER, V4.1         EDGEN    PAGE   11


  LOC  OBJ         LINE        SOURCE STATEMENT

  0AF0              550         ORG     00AF0H
  0AF0 0E02         551         MVI     C,2H
  0AF2              552         ORG     00AF2H
  0AF2 CD0500       553         CALL    PMON1
  0AF5              554         ORG     00AF5H
  0AF5 C9           555         RET
  0AF6              556         ORG     00AF6H
  0AF6 21FA00       557         LXI     H,PCHAR
  0AF9              558         ORG     00AF9H
  0AF9 71           559         MOV     M,C
  0AFA              560         ORG     00AFAH
  0AFA 3AFA00       561         LDA     PCHAR
  0AFD              562         ORG     00AFDH
  0AFD FE20         563         CPI     20H
  0AFF              564         ORG     00AFFH
  0AFF DA0000       565         JC      @2
  0B02              566         ORG     00B02H
  0B02 21FB00       567         LXI     H,PCOLUMN
  0B05              568         ORG     00B05H
  0B05 34           569         INR     M
  0B06              570         ORG     00B06H
  0B06 3AFA00       571         LDA     PCHAR
  0B09              572         ORG     00B09H
  0B09 FE0A         573         CPI     0AH
  0B0B              574         ORG     00B0BH
  0B0B C20000       575         JNZ     @3
  0B0E              576         ORG     00B0EH
  0B0E 21FB00       577         LXI     H,PCOLUMN
  0B11              578         ORG     00B11H
  0B11 3600         579         MVI     M,0H
  0B13              580         ORG     00B13H
  0B13 2AFA00       581         LHLD    PCHAR
  0B16              582         ORG     00B16H
  0B16 4D           583         MOV     C,L
  0B17              584         ORG     00B17H
  0B17 CD0C16       585         CALL    PPRINTCHAR
  0B1A              586         ORG     00B1AH
  0B1A C9           587         RET
  0B1B              588         ORG     00B1BH
  0B1B 3AFB00       589         LDA     PCOLUMN
  0B1E              590         ORG     00B1EH
  0B1E FE00         591         CPI     0H
  0B20              592         ORG     00B20H
  0B20 C20000       593         JNZ     @4
  0B23              594         ORG     00B23H
  0B23 C9           595         RET
  0B24              596         ORG     00B24H
  0B24 0E08         597         MVI     C,8H
  0B26              598         ORG     00B26H
  0B26 CDF609       599         CALL    PTTYCHAR
  0B29              600         ORG     00B29H
  0B29 0E20         601         MVI     C,20H
  0B2B              602         ORG     00B2BH
  0B2B CDF609       603         CALL    PTTYCHAR
  0B2E              604         ORG     00B2EH


ISIS-II 8080/8085 MACRO ASSEMBLER, V4.1         EDGEN    PAGE   12


  LOC  OBJ         LINE        SOURCE STATEMENT

  0B2E 0E08         605         MVI     C,8H
  0B30              606         ORG     00B30H
  0B30 CDF609       607         CALL    PTTYCHAR
  0B33              608         ORG     00B33H
  0B33 21FB00       609         LXI     H,PCOLUMN
  0B36              610         ORG     00B36H
  0B36 35           611         DCR     M
  0B37              612         ORG     00B37H
  0B37 35           613         DCR     M
  0B38              614         ORG     00B38H
  0B38 C9           615         RET
  0B39              616         ORG     00B39H
  0B39 21FA00       617         LXI     H,PCHAR
  0B3C              618         ORG     00B3CH
  0B3C 71           619         MOV     M,C
  0B3D              620         ORG     00B3DH
  0B3D 3AFA00       621         LDA     PCHAR
  0B40              622         ORG     00B40H
  0B40 D609         623         SUI     9H
  0B42              624         ORG     00B42H
  0B42 D601         625         SUI     1
  0B44              626         ORG     00B44H
  0B44 9F           627         SBB     A
  0B45              628         ORG     00B45H
  0B45 F5           629         PUSH    PSW     ; 1
  0B46              630         ORG     00B46H
  0B46 3AFB00       631         LDA     PCOLUMN
  0B49              632         ORG     00B49H
  0B49 E607         633         ANI     7H
  0B4B              634         ORG     00B4BH
  0B4B 4F           635         MOV     C,A
  0B4C              636         ORG     00B4CH
  0B4C 3E07         637         MVI     A,7H
  0B4E              638         ORG     00B4EH
  0B4E 91           639         SUB     C
  0B4F              640         ORG     00B4FH
  0B4F C1           641         POP     B       ; 1
  0B50              642         ORG     00B50H
  0B50 48           643         MOV     C,B
  0B51              644         ORG     00B51H
  0B51 A1           645         ANA     C
  0B52              646         ORG     00B52H
  0B52 320101       647         STA     PI
  0B55              648         ORG     00B55H
  0B55 79           649         MOV     A,C
  0B56              650         ORG     00B56H
  0B56 1F           651         RAR
  0B57              652         ORG     00B57H
  0B57 D20000       653         JNC     @5
  0B5A              654         ORG     00B5AH
  0B5A 21FA00       655         LXI     H,PCHAR
  0B5D              656         ORG     00B5DH
  0B5D 3620         657         MVI     M,20H
  0B5F              658         ORG     00B5FH
  0B5F 210201       659         LXI     H,PJ


ISIS-II 8080/8085 MACRO ASSEMBLER, V4.1         EDGEN    PAGE   13


  LOC  OBJ         LINE        SOURCE STATEMENT

  0B62              660         ORG     00B62H
  0B62 3600         661         MVI     M,0H
  0B64              662         ORG     00B64H
  0B64 3A0101       663         LDA     PI
  0B67              664         ORG     00B67H
  0B67 210201       665         LXI     H,PJ
  0B6A              666         ORG     00B6AH
  0B6A BE           667         CMP     M
  0B6B              668         ORG     00B6BH
  0B6B DA0000       669         JC      @225
  0B6E              670         ORG     00B6EH
  0B6E 2AFA00       671         LHLD    PCHAR
  0B71              672         ORG     00B71H
  0B71 4D           673         MOV     C,L
  0B72              674         ORG     00B72H
  0B72 CDF609       675         CALL    PTTYCHAR
  0B75              676         ORG     00B75H
  0B75 210201       677         LXI     H,PJ
  0B78              678         ORG     00B78H
  0B78 34           679         INR     M
  0B79              680         ORG     00B79H
  0B79 C20000       681         JNZ     @224
  0B7C              682         ORG     00B7CH
  0B7C C9           683         RET
  0B7D              684         ORG     00B7DH
  0B7D 210301       685         LXI     H,PC
  0B80              686         ORG     00B80H
  0B80 71           687         MOV     M,C
  0B81              688         ORG     00B81H
  0B81 3A0301       689         LDA     PC
  0B84              690         ORG     00B84H
  0B84 FE20         691         CPI     20H
  0B86              692         ORG     00B86H
  0B86 DA0000       693         JC      @6
  0B89              694         ORG     00B89H
  0B89 3E01         695         MVI     A,1H
  0B8B              696         ORG     00B8BH
  0B8B C9           697         RET
  0B8C              698         ORG     00B8CH
  0B8C 3A0301       699         LDA     PC
  0B8F              700         ORG     00B8FH
  0B8F D60D         701         SUI     0DH
  0B91              702         ORG     00B91H
  0B91 D601         703         SUI     1
  0B93              704         ORG     00B93H
  0B93 9F           705         SBB     A
  0B94              706         ORG     00B94H
  0B94 F5           707         PUSH    PSW     ; 1
  0B95              708         ORG     00B95H
  0B95 3A0301       709         LDA     PC
  0B98              710         ORG     00B98H
  0B98 D60A         711         SUI     0AH
  0B9A              712         ORG     00B9AH
  0B9A D601         713         SUI     1
  0B9C              714         ORG     00B9CH


ISIS-II 8080/8085 MACRO ASSEMBLER, V4.1         EDGEN    PAGE   14


  LOC  OBJ         LINE        SOURCE STATEMENT

  0B9C 9F           715         SBB     A
  0B9D              716         ORG     00B9DH
  0B9D C1           717         POP     B       ; 1
  0B9E              718         ORG     00B9EH
  0B9E 48           719         MOV     C,B
  0B9F              720         ORG     00B9FH
  0B9F B1           721         ORA     C
  0BA0              722         ORG     00BA0H
  0BA0 F5           723         PUSH    PSW     ; 1
  0BA1              724         ORG     00BA1H
  0BA1 3A0301       725         LDA     PC
  0BA4              726         ORG     00BA4H
  0BA4 D609         727         SUI     9H
  0BA6              728         ORG     00BA6H
  0BA6 D601         729         SUI     1
  0BA8              730         ORG     00BA8H
  0BA8 9F           731         SBB     A
  0BA9              732         ORG     00BA9H
  0BA9 C1           733         POP     B       ; 1
  0BAA              734         ORG     00BAAH
  0BAA 48           735         MOV     C,B
  0BAB              736         ORG     00BABH
  0BAB B1           737         ORA     C
  0BAC              738         ORG     00BACH
  0BAC C9           739         RET
  0BAD              740         ORG     00BADH
  0BAD 210301       741         LXI     H,PC
  0BB0              742         ORG     00BB0H
  0BB0 71           743         MOV     M,C
  0BB1              744         ORG     00BB1H
  0BB1 2A0301       745         LHLD    PC
  0BB4              746         ORG     00BB4H
  0BB4 4D           747         MOV     C,L
  0BB5              748         ORG     00BB5H
  0BB5 CD7D0A       749         CALL    PGRAPHIC
  0BB8              750         ORG     00BB8H
  0BB8 1F           751         RAR
  0BB9              752         ORG     00BB9H
  0BB9 DA0000       753         JC      @7
  0BBC              754         ORG     00BBCH
  0BBC 0E5E         755         MVI     C,5EH
  0BBE              756         ORG     00BBEH
  0BBE CD0C16       757         CALL    PPRINTABS
  0BC1              758         ORG     00BC1H
  0BC1 3A0301       759         LDA     PC
  0BC4              760         ORG     00BC4H
  0BC4 C640         761         ADI     40H
  0BC6              762         ORG     00BC6H
  0BC6 320301       763         STA     PC
  0BC9              764         ORG     00BC9H
  0BC9 2A0301       765         LHLD    PC
  0BCC              766         ORG     00BCCH
  0BCC 4D           767         MOV     C,L
  0BCD              768         ORG     00BCDH
  0BCD CD0C16       769         CALL    PPRINTABS


ISIS-II 8080/8085 MACRO ASSEMBLER, V4.1         EDGEN    PAGE   15


  LOC  OBJ         LINE        SOURCE STATEMENT

  0BD0              770         ORG     00BD0H
  0BD0 C9           771         RET
  0BD1              772         ORG     00BD1H
  0BD1 0E0D         773         MVI     C,0DH
  0BD3              774         ORG     00BD3H
  0BD3 CD0C16       775         CALL    PPRINTC
  0BD6              776         ORG     00BD6H
  0BD6 0E0A         777         MVI     C,0AH
  0BD8              778         ORG     00BD8H
  0BD8 CD0C16       779         CALL    PPRINTC
  0BDB              780         ORG     00BDBH
  0BDB C9           781         RET
  0BDC              782         ORG     00BDCH
  0BDC 210100       783         LXI     H,PA+1H
  0BDF              784         ORG     00BDFH
  0BDF 70           785         MOV     M,B
  0BE0              786         ORG     00BE0H
  0BE0 2B           787         DCX     H
  0BE1              788         ORG     00BE1H
  0BE1 71           789         MOV     M,C
  0BE2              790         ORG     00BE2H
  0BE2 2A0000       791         LHLD    PA
  0BE5              792         ORG     00BE5H
  0BE5 EB           793         XCHG
  0BE6              794         ORG     00BE6H
  0BE6 0E09         795         MVI     C,9H
  0BE8              796         ORG     00BE8H
  0BE8 CD0500       797         CALL    PMON1
  0BEB              798         ORG     00BEBH
  0BEB C9           799         RET
  0BEC              800         ORG     00BECH
  0BEC 210100       801         LXI     H,PA+1H
  0BEF              802         ORG     00BEFH
  0BEF 70           803         MOV     M,B
  0BF0              804         ORG     00BF0H
  0BF0 2B           805         DCX     H
  0BF1              806         ORG     00BF1H
  0BF1 71           807         MOV     M,C
  0BF2              808         ORG     00BF2H
  0BF2 CDD10A       809         CALL    PCRLF
  0BF5              810         ORG     00BF5H
  0BF5 2A0000       811         LHLD    PA
  0BF8              812         ORG     00BF8H
  0BF8 44           813         MOV     B,H
  0BF9              814         ORG     00BF9H
  0BF9 4D           815         MOV     C,L
  0BFA              816         ORG     00BFAH
  0BFA CD0C16       817         CALL    PPRINTM
  0BFD              818         ORG     00BFDH
  0BFD C9           819         RET
  0BFE              820         ORG     00BFEH
  0BFE 210100       821         LXI     H,PA+1H
  0C01              822         ORG     00C01H
  0C01 70           823         MOV     M,B
  0C02              824         ORG     00C02H


ISIS-II 8080/8085 MACRO ASSEMBLER, V4.1         EDGEN    PAGE   16


  LOC  OBJ         LINE        SOURCE STATEMENT

  0C02 2B           825         DCX     H
  0C03              826         ORG     00C03H
  0C03 71           827         MOV     M,C
  0C04              828         ORG     00C04H
  0C04 2A0000       829         LHLD    PA
  0C07              830         ORG     00C07H
  0C07 EB           831         XCHG
  0C08              832         ORG     00C08H
  0C08 0E0A         833         MVI     C,0AH
  0C0A              834         ORG     00C0AH
  0C0A CD0500       835         CALL    PMON1
  0C0D              836         ORG     00C0DH
  0C0D C9           837         RET
  0C0E              838         ORG     00C0EH
  0C0E 210100       839         LXI     H,PFCB+1H
  0C11              840         ORG     00C11H
  0C11 70           841         MOV     M,B
  0C12              842         ORG     00C12H
  0C12 2B           843         DCX     H
  0C13              844         ORG     00C13H
  0C13 71           845         MOV     M,C
  0C14              846         ORG     00C14H
  0C14 2A0000       847         LHLD    PFCB
  0C17              848         ORG     00C17H
  0C17 EB           849         XCHG
  0C18              850         ORG     00C18H
  0C18 0E0F         851         MVI     C,0FH
  0C1A              852         ORG     00C1AH
  0C1A CD0500       853         CALL    PMON2
  0C1D              854         ORG     00C1DH
  0C1D 320B01       855         STA     PDCNT
  0C20              856         ORG     00C20H
  0C20 C9           857         RET
  0C21              858         ORG     00C21H
  0C21 210100       859         LXI     H,PFCB+1H
  0C24              860         ORG     00C24H
  0C24 70           861         MOV     M,B
  0C25              862         ORG     00C25H
  0C25 2B           863         DCX     H
  0C26              864         ORG     00C26H
  0C26 71           865         MOV     M,C
  0C27              866         ORG     00C27H
  0C27 2A0000       867         LHLD    PFCB
  0C2A              868         ORG     00C2AH
  0C2A EB           869         XCHG
  0C2B              870         ORG     00C2BH
  0C2B 0E10         871         MVI     C,10H
  0C2D              872         ORG     00C2DH
  0C2D CD0500       873         CALL    PMON2
  0C30              874         ORG     00C30H
  0C30 320B01       875         STA     PDCNT
  0C33              876         ORG     00C33H
  0C33 C9           877         RET
  0C34              878         ORG     00C34H
  0C34 210100       879         LXI     H,PFCB+1H


ISIS-II 8080/8085 MACRO ASSEMBLER, V4.1         EDGEN    PAGE   17


  LOC  OBJ         LINE        SOURCE STATEMENT

  0C37              880         ORG     00C37H
  0C37 70           881         MOV     M,B
  0C38              882         ORG     00C38H
  0C38 2B           883         DCX     H
  0C39              884         ORG     00C39H
  0C39 71           885         MOV     M,C
  0C3A              886         ORG     00C3AH
  0C3A 2A0000       887         LHLD    PFCB
  0C3D              888         ORG     00C3DH
  0C3D EB           889         XCHG
  0C3E              890         ORG     00C3EH
  0C3E 0E11         891         MVI     C,11H
  0C40              892         ORG     00C40H
  0C40 CD0500       893         CALL    PMON2
  0C43              894         ORG     00C43H
  0C43 320B01       895         STA     PDCNT
  0C46              896         ORG     00C46H
  0C46 C9           897         RET
  0C47              898         ORG     00C47H
  0C47 210100       899         LXI     H,PFCB+1H
  0C4A              900         ORG     00C4AH
  0C4A 70           901         MOV     M,B
  0C4B              902         ORG     00C4BH
  0C4B 2B           903         DCX     H
  0C4C              904         ORG     00C4CH
  0C4C 71           905         MOV     M,C
  0C4D              906         ORG     00C4DH
  0C4D 2A0000       907         LHLD    PFCB
  0C50              908         ORG     00C50H
  0C50 EB           909         XCHG
  0C51              910         ORG     00C51H
  0C51 0E13         911         MVI     C,13H
  0C53              912         ORG     00C53H
  0C53 CD0500       913         CALL    PMON1
  0C56              914         ORG     00C56H
  0C56 C9           915         RET
  0C57              916         ORG     00C57H
  0C57 210100       917         LXI     H,PFCB+1H
  0C5A              918         ORG     00C5AH
  0C5A 70           919         MOV     M,B
  0C5B              920         ORG     00C5BH
  0C5B 2B           921         DCX     H
  0C5C              922         ORG     00C5CH
  0C5C 71           923         MOV     M,C
  0C5D              924         ORG     00C5DH
  0C5D 2A0000       925         LHLD    PFCB
  0C60              926         ORG     00C60H
  0C60 EB           927         XCHG
  0C61              928         ORG     00C61H
  0C61 0E14         929         MVI     C,14H
  0C63              930         ORG     00C63H
  0C63 CD0500       931         CALL    PMON2
  0C66              932         ORG     00C66H
  0C66 C9           933         RET
  0C67              934         ORG     00C67H


ISIS-II 8080/8085 MACRO ASSEMBLER, V4.1         EDGEN    PAGE   18


  LOC  OBJ         LINE        SOURCE STATEMENT

  0C67 210100       935         LXI     H,PFCB+1H
  0C6A              936         ORG     00C6AH
  0C6A 70           937         MOV     M,B
  0C6B              938         ORG     00C6BH
  0C6B 2B           939         DCX     H
  0C6C              940         ORG     00C6CH
  0C6C 71           941         MOV     M,C
  0C6D              942         ORG     00C6DH
  0C6D 2A0000       943         LHLD    PFCB
  0C70              944         ORG     00C70H
  0C70 EB           945         XCHG
  0C71              946         ORG     00C71H
  0C71 0E15         947         MVI     C,15H
  0C73              948         ORG     00C73H
  0C73 CD0500       949         CALL    PMON2
  0C76              950         ORG     00C76H
  0C76 C9           951         RET
  0C77              952         ORG     00C77H
  0C77 210100       953         LXI     H,PFCB+1H
  0C7A              954         ORG     00C7AH
  0C7A 70           955         MOV     M,B
  0C7B              956         ORG     00C7BH
  0C7B 2B           957         DCX     H
  0C7C              958         ORG     00C7CH
  0C7C 71           959         MOV     M,C
  0C7D              960         ORG     00C7DH
  0C7D 2A0000       961         LHLD    PFCB
  0C80              962         ORG     00C80H
  0C80 EB           963         XCHG
  0C81              964         ORG     00C81H
  0C81 0E16         965         MVI     C,16H
  0C83              966         ORG     00C83H
  0C83 CD0500       967         CALL    PMON2
  0C86              968         ORG     00C86H
  0C86 320B01       969         STA     PDCNT
  0C89              970         ORG     00C89H
  0C89 C9           971         RET
  0C8A              972         ORG     00C8AH
  0C8A 210100       973         LXI     H,PFCB+1H
  0C8D              974         ORG     00C8DH
  0C8D 70           975         MOV     M,B
  0C8E              976         ORG     00C8EH
  0C8E 2B           977         DCX     H
  0C8F              978         ORG     00C8FH
  0C8F 71           979         MOV     M,C
  0C90              980         ORG     00C90H
  0C90 2A0000       981         LHLD    PFCB
  0C93              982         ORG     00C93H
  0C93 EB           983         XCHG
  0C94              984         ORG     00C94H
  0C94 0E17         985         MVI     C,17H
  0C96              986         ORG     00C96H
  0C96 CD0500       987         CALL    PMON1
  0C99              988         ORG     00C99H
  0C99 C9           989         RET


ISIS-II 8080/8085 MACRO ASSEMBLER, V4.1         EDGEN    PAGE   19


  LOC  OBJ         LINE        SOURCE STATEMENT

  0C9A              990         ORG     00C9AH
  0C9A 211C01       991         LXI     H,PMAXLEN
  0C9D              992         ORG     00C9DH
  0C9D 3680         993         MVI     M,80H
  0C9F              994         ORG     00C9FH
  0C9F 011C01       995         LXI     B,PMAXLEN
  0CA2              996         ORG     00CA2H
  0CA2 CDFE0A       997         CALL    PREAD
  0CA5              998         ORG     00CA5H
  0CA5 C9           999         RET
  0CA6             1000         ORG     00CA6H
  0CA6 110000      1001         LXI     D,0H
  0CA9             1002         ORG     00CA9H
  0CA9 0E0B        1003         MVI     C,0BH
  0CAB             1004         ORG     00CABH
  0CAB CD0500      1005         CALL    PMON2
  0CAE             1006         ORG     00CAEH
  0CAE 1F          1007         RAR
  0CAF             1008         ORG     00CAFH
  0CAF D20000      1009         JNC     @8
  0CB2             1010         ORG     00CB2H
  0CB2 110000      1011         LXI     D,0H
  0CB5             1012         ORG     00CB5H
  0CB5 0E01        1013         MVI     C,1H
  0CB7             1014         ORG     00CB7H
  0CB7 CD0500      1015         CALL    PMON1
  0CBA             1016         ORG     00CBAH
  0CBA 3E01        1017         MVI     A,1H
  0CBC             1018         ORG     00CBCH
  0CBC C9          1019         RET
  0CBD             1020         ORG     00CBDH
  0CBD 3E00        1021         MVI     A,0H
  0CBF             1022         ORG     00CBFH
  0CBF C9          1023         RET
  0CC0             1024         ORG     00CC0H
  0CC0 110000      1025         LXI     D,0H
  0CC3             1026         ORG     00CC3H
  0CC3 0E19        1027         MVI     C,19H
  0CC5             1028         ORG     00CC5H
  0CC5 CD0500      1029         CALL    PMON2
  0CC8             1030         ORG     00CC8H
  0CC8 C9          1031         RET
  0CC9             1032         ORG     00CC9H
  0CC9 21A001      1033         LXI     H,PDISK
  0CCC             1034         ORG     00CCCH
  0CCC 71          1035         MOV     M,C
  0CCD             1036         ORG     00CCDH
  0CCD 2AA001      1037         LHLD    PDISK
  0CD0             1038         ORG     00CD0H
  0CD0 2600        1039         MVI     H,0
  0CD2             1040         ORG     00CD2H
  0CD2 EB          1041         XCHG
  0CD3             1042         ORG     00CD3H
  0CD3 0E0E        1043         MVI     C,0EH
  0CD5             1044         ORG     00CD5H


ISIS-II 8080/8085 MACRO ASSEMBLER, V4.1         EDGEN    PAGE   20


  LOC  OBJ         LINE        SOURCE STATEMENT

  0CD5 CD0500      1045         CALL    PMON1
  0CD8             1046         ORG     00CD8H
  0CD8 C9          1047         RET
  0CD9             1048         ORG     00CD9H
  0CD9 210100      1049         LXI     H,PA+1H
  0CDC             1050         ORG     00CDCH
  0CDC 70          1051         MOV     M,B
  0CDD             1052         ORG     00CDDH
  0CDD 2B          1053         DCX     H
  0CDE             1054         ORG     00CDEH
  0CDE 71          1055         MOV     M,C
  0CDF             1056         ORG     00CDFH
  0CDF 2A0000      1057         LHLD    PA
  0CE2             1058         ORG     00CE2H
  0CE2 EB          1059         XCHG
  0CE3             1060         ORG     00CE3H
  0CE3 0E1A        1061         MVI     C,1AH
  0CE5             1062         ORG     00CE5H
  0CE5 CD0500      1063         CALL    PMON1
  0CE8             1064         ORG     00CE8H
  0CE8 C9          1065         RET
  0CE9             1066         ORG     00CE9H
  0CE9 3ACA00      1067         LDA     PXFERON
  0CEC             1068         ORG     00CECH
  0CEC 1F          1069         RAR
  0CED             1070         ORG     00CEDH
  0CED D20000      1071         JNC     @9
  0CF0             1072         ORG     00CF0H
  0CF0 012800      1073         LXI     B,PXFCB
  0CF3             1074         ORG     00CF3H
  0CF3 CD470B      1075         CALL    PDELETE
  0CF6             1076         ORG     00CF6H
  0CF6 CD0000      1077         CALL    PBOOT
  0CF9             1078         ORG     00CF9H
  0CF9 C9          1079         RET
  0CFA             1080         ORG     00CFAH
  0CFA 210100      1081         LXI     H,PA+1H
  0CFD             1082         ORG     00CFDH
  0CFD 70          1083         MOV     M,B
  0CFE             1084         ORG     00CFEH
  0CFE 2B          1085         DCX     H
  0CFF             1086         ORG     00CFFH
  0CFF 71          1087         MOV     M,C
  0D00             1088         ORG     00D00H
  0D00 2A0000      1089         LHLD    PA
  0D03             1090         ORG     00D03H
  0D03 44          1091         MOV     B,H
  0D04             1092         ORG     00D04H
  0D04 4D          1093         MOV     C,L
  0D05             1094         ORG     00D05H
  0D05 CD0C16      1095         CALL    PPRINT
  0D08             1096         ORG     00D08H
  0D08 CDD10A      1097         CALL    PCRLF
  0D0B             1098         ORG     00D0BH
  0D0B CDE90B      1099         CALL    PREBOOT


ISIS-II 8080/8085 MACRO ASSEMBLER, V4.1         EDGEN    PAGE   21


  LOC  OBJ         LINE        SOURCE STATEMENT

  0D0E             1100         ORG     00D0EH
  0D0E C9          1101         RET
  0D0F             1102         ORG     00D0FH
  0D0F 01D000      1103         LXI     B,PDFCB
  0D12             1104         ORG     00D12H
  0D12 CD210B      1105         CALL    PCLOSE
  0D15             1106         ORG     00D15H
  0D15 012901      1107         LXI     B,$-0BECH
  0D18             1108         ORG     00D18H
  0D18 CDFA0B      1109         CALL    PABORT
  0D1B             1110         ORG     00D1BH
  0D1B C9          1111         RET
  0D1C             1112         ORG     00D1CH
  0D1C 210100      1113         LXI     H,PA+1H
  0D1F             1114         ORG     00D1FH
  0D1F 70          1115         MOV     M,B
  0D20             1116         ORG     00D20H
  0D20 2B          1117         DCX     H
  0D21             1118         ORG     00D21H
  0D21 71          1119         MOV     M,C
  0D22             1120         ORG     00D22H
  0D22 2E03        1121         MVI     L,3H
  0D24             1122         ORG     00D24H
  0D24 E5          1123         PUSH    H       ; 1
  0D25             1124         ORG     00D25H
  0D25 2A0000      1125         LHLD    PA
  0D28             1126         ORG     00D28H
  0D28 44          1127         MOV     B,H
  0D29             1128         ORG     00D29H
  0D29 4D          1129         MOV     C,L
  0D2A             1130         ORG     00D2AH
  0D2A 11D900      1131         LXI     D,PDFCB+9H
  0D2D             1132         ORG     00D2DH
  0D2D E1          1133         POP     H       ; 1
  0D2E             1134         ORG     00D2EH
  0D2E 2C          1135         INR     L
  0D2F             1136         ORG     00D2FH
  0D2F C3360D      1137         JMP     $+7H
  0D32             1138         ORG     00D32H
  0D32 0A          1139         LDAX    B
  0D33             1140         ORG     00D33H
  0D33 12          1141         STAX    D
  0D34             1142         ORG     00D34H
  0D34 03          1143         INX     B
  0D35             1144         ORG     00D35H
  0D35 13          1145         INX     D
  0D36             1146         ORG     00D36H
  0D36 2D          1147         DCR     L
  0D37             1148         ORG     00D37H
  0D37 C2320D      1149         JNZ     $-5H
  0D3A             1150         ORG     00D3AH
  0D3A C9          1151         RET
  0D3B             1152         ORG     00D3BH
  0D3B 2ACC00      1153         LHLD    PBUFFLENGTH
  0D3E             1154         ORG     00D3EH


ISIS-II 8080/8085 MACRO ASSEMBLER, V4.1         EDGEN    PAGE   22


  LOC  OBJ         LINE        SOURCE STATEMENT

  0D3E 22F300      1155         SHLD    PNSOURCE
  0D41             1156         ORG     00D41H
  0D41 210000      1157         LXI     H,0H
  0D44             1158         ORG     00D44H
  0D44 22F500      1159         SHLD    PNDEST
  0D47             1160         ORG     00D47H
  0D47 7D          1161         MOV     A,L
  0D48             1162         ORG     00D48H
  0D48 320C00      1163         STA     PSFCB+0CH
  0D4B             1164         ORG     00D4BH
  0D4B 320E00      1165         STA     PSFCB+0EH
  0D4E             1166         ORG     00D4EH
  0D4E 322000      1167         STA     PSFCB+20H
  0D51             1168         ORG     00D51H
  0D51 2E21        1169         MVI     L,21H
  0D53             1170         ORG     00D53H
  0D53 11D000      1171         LXI     D,PDFCB
  0D56             1172         ORG     00D56H
  0D56 010000      1173         LXI     B,PFCB
  0D59             1174         ORG     00D59H
  0D59 2C          1175         INR     L
  0D5A             1176         ORG     00D5AH
  0D5A C3610D      1177         JMP     $+7H
  0D5D             1178         ORG     00D5DH
  0D5D 0A          1179         LDAX    B
  0D5E             1180         ORG     00D5EH
  0D5E 12          1181         STAX    D
  0D5F             1182         ORG     00D5FH
  0D5F 03          1183         INX     B
  0D60             1184         ORG     00D60H
  0D60 13          1185         INX     D
  0D61             1186         ORG     00D61H
  0D61 2D          1187         DCR     L
  0D62             1188         ORG     00D62H
  0D62 C25D0D      1189         JNZ     $-5H
  0D65             1190         ORG     00D65H
  0D65 21F800      1191         LXI     H,PDDISK
  0D68             1192         ORG     00D68H
  0D68 3AF700      1193         LDA     PSDISK
  0D6B             1194         ORG     00D6BH
  0D6B BE          1195         CMP     M
  0D6C             1196         ORG     00D6CH
  0D6C CA0000      1197         JZ      @10
  0D6F             1198         ORG     00D6FH
  0D6F 2AF800      1199         LHLD    PDDISK
  0D72             1200         ORG     00D72H
  0D72 4D          1201         MOV     C,L
  0D73             1202         ORG     00D73H
  0D73 CDC90B      1203         CALL    PSELECT
  0D76             1204         ORG     00D76H
  0D76 010000      1205         LXI     B,PFCB
  0D79             1206         ORG     00D79H
  0D79 CD340B      1207         CALL    PSEARCH
  0D7C             1208         ORG     00D7CH
  0D7C 3A0B01      1209         LDA     PDCNT


ISIS-II 8080/8085 MACRO ASSEMBLER, V4.1         EDGEN    PAGE   23


  LOC  OBJ         LINE        SOURCE STATEMENT

  0D7F             1210         ORG     00D7FH
  0D7F FEFF        1211         CPI     0FFH
  0D81             1212         ORG     00D81H
  0D81 CA0000      1213         JZ      @11
  0D84             1214         ORG     00D84H
  0D84 014001      1215         LXI     B,$-0C44H
  0D87             1216         ORG     00D87H
  0D87 CDFA0B      1217         CALL    PABORT
  0D8A             1218         ORG     00D8AH
  0D8A 2AF700      1219         LHLD    PSDISK
  0D8D             1220         ORG     00D8DH
  0D8D 4D          1221         MOV     C,L
  0D8E             1222         ORG     00D8EH
  0D8E CDC90B      1223         CALL    PSELECT
  0D91             1224         ORG     00D91H
  0D91 010000      1225         LXI     B,PFCB
  0D94             1226         ORG     00D94H
  0D94 CD0E0B      1227         CALL    POPEN
  0D97             1228         ORG     00D97H
  0D97 3A0B01      1229         LDA     PDCNT
  0D9A             1230         ORG     00D9AH
  0D9A FEFF        1231         CPI     0FFH
  0D9C             1232         ORG     00D9CH
  0D9C C20000      1233         JNZ     @12
  0D9F             1234         ORG     00D9FH
  0D9F 010000      1235         LXI     B,PFCB
  0DA2             1236         ORG     00DA2H
  0DA2 CD770B      1237         CALL    PMAKE
  0DA5             1238         ORG     00DA5H
  0DA5 3A0B01      1239         LDA     PDCNT
  0DA8             1240         ORG     00DA8H
  0DA8 FEFF        1241         CPI     0FFH
  0DAA             1242         ORG     00DAAH
  0DAA C20000      1243         JNZ     @13
  0DAD             1244         ORG     00DADH
  0DAD CD0F0C      1245         CALL    PFERR
  0DB0             1246         ORG     00DB0H
  0DB0 015601      1247         LXI     B,$-0C5AH
  0DB3             1248         ORG     00DB3H
  0DB3 CD0C16      1249         CALL    PPRINT
  0DB6             1250         ORG     00DB6H
  0DB6 CDD10A      1251         CALL    PCRLF
  0DB9             1252         ORG     00DB9H
  0DB9 C30000      1253         JMP     @14
  0DBC             1254         ORG     00DBCH
  0DBC 3A0900      1255         LDA     PFCB+9H
  0DBF             1256         ORG     00DBFH
  0DBF 07          1257         RLC
  0DC0             1258         ORG     00DC0H
  0DC0 1F          1259         RAR
  0DC1             1260         ORG     00DC1H
  0DC1 D20000      1261         JNC     @15
  0DC4             1262         ORG     00DC4H
  0DC4 015F01      1263         LXI     B,$-0C65H
  0DC7             1264         ORG     00DC7H


ISIS-II 8080/8085 MACRO ASSEMBLER, V4.1         EDGEN    PAGE   24


  LOC  OBJ         LINE        SOURCE STATEMENT

  0DC7 CD0C16      1265         CALL    PPRINT
  0DCA             1266         ORG     00DCAH
  0DCA CDD10A      1267         CALL    PCRLF
  0DCD             1268         ORG     00DCDH
  0DCD C30000      1269         JMP     @16
  0DD0             1270         ORG     00DD0H
  0DD0 3A0A00      1271         LDA     PFCB+0AH
  0DD3             1272         ORG     00DD3H
  0DD3 07          1273         RLC
  0DD4             1274         ORG     00DD4H
  0DD4 1F          1275         RAR
  0DD5             1276         ORG     00DD5H
  0DD5 D20000      1277         JNC     @17
  0DD8             1278         ORG     00DD8H
  0DD8 017701      1279         LXI     B,$-0C61H
  0DDB             1280         ORG     00DDBH
  0DDB CDFA0B      1281         CALL    PABORT
  0DDE             1282         ORG     00DDEH
  0DDE 019401      1283         LXI     B,$-0C4AH
  0DE1             1284         ORG     00DE1H
  0DE1 CD1C0C      1285         CALL    PSETTYPE
  0DE4             1286         ORG     00DE4H
  0DE4 01D000      1287         LXI     B,PDFCB
  0DE7             1288         ORG     00DE7H
  0DE7 CD470B      1289         CALL    PDELETE
  0DEA             1290         ORG     00DEAH
  0DEA 21F800      1291         LXI     H,PDDISK
  0DED             1292         ORG     00DEDH
  0DED 3AF700      1293         LDA     PSDISK
  0DF0             1294         ORG     00DF0H
  0DF0 BE          1295         CMP     M
  0DF1             1296         ORG     00DF1H
  0DF1 CA0000      1297         JZ      @18
  0DF4             1298         ORG     00DF4H
  0DF4 2AF800      1299         LHLD    PDDISK
  0DF7             1300         ORG     00DF7H
  0DF7 4D          1301         MOV     C,L
  0DF8             1302         ORG     00DF8H
  0DF8 CDC90B      1303         CALL    PSELECT
  0DFB             1304         ORG     00DFBH
  0DFB 01D000      1305         LXI     B,PDFCB
  0DFE             1306         ORG     00DFEH
  0DFE CD470B      1307         CALL    PDELETE
  0E01             1308         ORG     00E01H
  0E01 019701      1309         LXI     B,$-0C6AH
  0E04             1310         ORG     00E04H
  0E04 CD1C0C      1311         CALL    PSETTYPE
  0E07             1312         ORG     00E07H
  0E07 01D000      1313         LXI     B,PDFCB
  0E0A             1314         ORG     00E0AH
  0E0A CD470B      1315         CALL    PDELETE
  0E0D             1316         ORG     00E0DH
  0E0D 01D000      1317         LXI     B,PDFCB
  0E10             1318         ORG     00E10H
  0E10 CD770B      1319         CALL    PMAKE


ISIS-II 8080/8085 MACRO ASSEMBLER, V4.1         EDGEN    PAGE   25


  LOC  OBJ         LINE        SOURCE STATEMENT

  0E13             1320         ORG     00E13H
  0E13 21F000      1321         LXI     H,PDFCB+20H
  0E16             1322         ORG     00E16H
  0E16 3600        1323         MVI     M,0H
  0E18             1324         ORG     00E18H
  0E18 3A0B01      1325         LDA     PDCNT
  0E1B             1326         ORG     00E1BH
  0E1B FEFF        1327         CPI     0FFH
  0E1D             1328         ORG     00E1DH
  0E1D C20000      1329         JNZ     @19
  0E20             1330         ORG     00E20H
  0E20 CD0F0C      1331         CALL    PFERR
  0E23             1332         ORG     00E23H
  0E23 210100      1333         LXI     H,1H
  0E26             1334         ORG     00E26H
  0E26 22A301      1335         SHLD    PBASELINE
  0E29             1336         ORG     00E29H
  0E29 C9          1337         RET
  0E2A             1338         ORG     00E2AH
  0E2A 21CA00      1339         LXI     H,PXFERON
  0E2D             1340         ORG     00E2DH
  0E2D 3600        1341         MVI     M,0H
  0E2F             1342         ORG     00E2FH
  0E2F 213400      1343         LXI     H,PXFCBE
  0E32             1344         ORG     00E32H
  0E32 3600        1345         MVI     M,0H
  0E34             1346         ORG     00E34H
  0E34 214800      1347         LXI     H,PXFCBR
  0E37             1348         ORG     00E37H
  0E37 3600        1349         MVI     M,0H
  0E39             1350         ORG     00E39H
  0E39 21C900      1351         LXI     H,PXBP
  0E3C             1352         ORG     00E3CH
  0E3C 3600        1353         MVI     M,0H
  0E3E             1354         ORG     00E3EH
  0E3E C9          1355         RET
  0E3F             1356         ORG     00E3FH
  0E3F 2AF700      1357         LHLD    PSDISK
  0E42             1358         ORG     00E42H
  0E42 4D          1359         MOV     C,L
  0E43             1360         ORG     00E43H
  0E43 CDC90B      1361         CALL    PSELECT
  0E46             1362         ORG     00E46H
  0E46 014900      1363         LXI     B,PXBUFF
  0E49             1364         ORG     00E49H
  0E49 CDD90B      1365         CALL    PSETDMA
  0E4C             1366         ORG     00E4CH
  0E4C C9          1367         RET
  0EB5             1368         ORG     00EB5H
  0EB5 210000      1369         LXI     H,0H
  0EB8             1370         ORG     00EB8H
  0EB8 22F300      1371         SHLD    PNSOURCE
  0EBB             1372         ORG     00EBBH
  0EBB C9          1373         RET
  0E4D             1374         ORG     00E4DH


ISIS-II 8080/8085 MACRO ASSEMBLER, V4.1         EDGEN    PAGE   26


  LOC  OBJ         LINE        SOURCE STATEMENT

  0E4D CDB50D      1375         CALL    PZN
  0E50             1376         ORG     00E50H
  0E50 2AF700      1377         LHLD    PSDISK
  0E53             1378         ORG     00E53H
  0E53 4D          1379         MOV     C,L
  0E54             1380         ORG     00E54H
  0E54 CDC90B      1381         CALL    PSELECT
  0E57             1382         ORG     00E57H
  0E57 210101      1383         LXI     H,PI
  0E5A             1384         ORG     00E5AH
  0E5A 3600        1385         MVI     M,0H
  0E5C             1386         ORG     00E5CH
  0E5C 3ACB00      1387         LDA     PNBUF
  0E5F             1388         ORG     00E5FH
  0E5F 210101      1389         LXI     H,PI
  0E62             1390         ORG     00E62H
  0E62 BE          1391         CMP     M
  0E63             1392         ORG     00E63H
  0E63 DA0000      1393         JC      @228
  0E66             1394         ORG     00E66H
  0E66 2AF300      1395         LHLD    PNSOURCE
  0E69             1396         ORG     00E69H
  0E69 EB          1397         XCHG
  0E6A             1398         ORG     00E6AH
  0E6A 2A0000      1399         LHLD    PSBUFFADR
  0E6D             1400         ORG     00E6DH
  0E6D 19          1401         DAD     D
  0E6E             1402         ORG     00E6EH
  0E6E 44          1403         MOV     B,H
  0E6F             1404         ORG     00E6FH
  0E6F 4D          1405         MOV     C,L
  0E70             1406         ORG     00E70H
  0E70 CDD90B      1407         CALL    PSETDMA
  0E73             1408         ORG     00E73H
  0E73 010000      1409         LXI     B,PFCB
  0E76             1410         ORG     00E76H
  0E76 CD570B      1411         CALL    PDISKREAD
  0E79             1412         ORG     00E79H
  0E79 320B01      1413         STA     PDCNT
  0E7C             1414         ORG     00E7CH
  0E7C FE00        1415         CPI     0H
  0E7E             1416         ORG     00E7EH
  0E7E CA0000      1417         JZ      @20
  0E81             1418         ORG     00E81H
  0E81 3E01        1419         MVI     A,1H
  0E83             1420         ORG     00E83H
  0E83 210B01      1421         LXI     H,PDCNT
  0E86             1422         ORG     00E86H
  0E86 BE          1423         CMP     M
  0E87             1424         ORG     00E87H
  0E87 D20000      1425         JNC     @21
  0E8A             1426         ORG     00E8AH
  0E8A CD0F0C      1427         CALL    PFERR
  0E8D             1428         ORG     00E8DH
  0E8D 2AF300      1429         LHLD    PNSOURCE


ISIS-II 8080/8085 MACRO ASSEMBLER, V4.1         EDGEN    PAGE   27


  LOC  OBJ         LINE        SOURCE STATEMENT

  0E90             1430         ORG     00E90H
  0E90 EB          1431         XCHG
  0E91             1432         ORG     00E91H
  0E91 2A0000      1433         LHLD    PSBUFFADR
  0E94             1434         ORG     00E94H
  0E94 19          1435         DAD     D
  0E95             1436         ORG     00E95H
  0E95 361A        1437         MVI     M,1AH
  0E97             1438         ORG     00E97H
  0E97 3ACB00      1439         LDA     PNBUF
  0E9A             1440         ORG     00E9AH
  0E9A 320101      1441         STA     PI
  0E9D             1442         ORG     00E9DH
  0E9D C30000      1443         JMP     @22
  0EA0             1444         ORG     00EA0H
  0EA0 118000      1445         LXI     D,80H
  0EA3             1446         ORG     00EA3H
  0EA3 2AF300      1447         LHLD    PNSOURCE
  0EA6             1448         ORG     00EA6H
  0EA6 19          1449         DAD     D
  0EA7             1450         ORG     00EA7H
  0EA7 22F300      1451         SHLD    PNSOURCE
  0EAA             1452         ORG     00EAAH
  0EAA 210101      1453         LXI     H,PI
  0EAD             1454         ORG     00EADH
  0EAD 34          1455         INR     M
  0EAE             1456         ORG     00EAEH
  0EAE C20000      1457         JNZ     @227
  0EB1             1458         ORG     00EB1H
  0EB1 CDB50D      1459         CALL    PZN
  0EB4             1460         ORG     00EB4H
  0EB4 C9          1461         RET
  0EBC             1462         ORG     00EBCH
  0EBC 01CC00      1463         LXI     B,PBUFFLENGTH
  0EBF             1464         ORG     00EBFH
  0EBF 11F300      1465         LXI     D,PNSOURCE
  0EC2             1466         ORG     00EC2H
  0EC2 CD0000      1467         CALL    QP0098
  0EC5             1468         ORG     00EC5H
  0EC5 DA0000      1469         JC      @23
  0EC8             1470         ORG     00EC8H
  0EC8 CD4D0D      1471         CALL    PFILLSOURCE
  0ECB             1472         ORG     00ECBH
  0ECB 2AF300      1473         LHLD    PNSOURCE
  0ECE             1474         ORG     00ECEH
  0ECE EB          1475         XCHG
  0ECF             1476         ORG     00ECFH
  0ECF 2A0000      1477         LHLD    PSBUFFADR
  0ED2             1478         ORG     00ED2H
  0ED2 19          1479         DAD     D
  0ED3             1480         ORG     00ED3H
  0ED3 7E          1481         MOV     A,M
  0ED4             1482         ORG     00ED4H
  0ED4 32AD01      1483         STA     PB
  0ED7             1484         ORG     00ED7H


ISIS-II 8080/8085 MACRO ASSEMBLER, V4.1         EDGEN    PAGE   28


  LOC  OBJ         LINE        SOURCE STATEMENT

  0ED7 FE1A        1485         CPI     1AH
  0ED9             1486         ORG     00ED9H
  0ED9 CA0000      1487         JZ      @24
  0EDC             1488         ORG     00EDCH
  0EDC 2AF300      1489         LHLD    PNSOURCE
  0EDF             1490         ORG     00EDFH
  0EDF 23          1491         INX     H
  0EE0             1492         ORG     00EE0H
  0EE0 22F300      1493         SHLD    PNSOURCE
  0EE3             1494         ORG     00EE3H
  0EE3 3AAD01      1495         LDA     PB
  0EE6             1496         ORG     00EE6H
  0EE6 C9          1497         RET
  0F45             1498         ORG     00F45H
  0F45 210000      1499         LXI     H,0H
  0F48             1500         ORG     00F48H
  0F48 22F500      1501         SHLD    PNDEST
  0F4B             1502         ORG     00F4BH
  0F4B C9          1503         RET
  0EE7             1504         ORG     00EE7H
  0EE7 2AF800      1505         LHLD    PDDISK
  0EEA             1506         ORG     00EEAH
  0EEA 4D          1507         MOV     C,L
  0EEB             1508         ORG     00EEBH
  0EEB CDC90B      1509         CALL    PSELECT
  0EEE             1510         ORG     00EEEH
  0EEE 0E07        1511         MVI     C,7H
  0EF0             1512         ORG     00EF0H
  0EF0 21F500      1513         LXI     H,PNDEST
  0EF3             1514         ORG     00EF3H
  0EF3 CD0000      1515         CALL    QP0091
  0EF6             1516         ORG     00EF6H
  0EF6 2B          1517         DCX     H
  0EF7             1518         ORG     00EF7H
  0EF7 EB          1519         XCHG
  0EF8             1520         ORG     00EF8H
  0EF8 21AF01      1521         LXI     H,PN
  0EFB             1522         ORG     00EFBH
  0EFB 73          1523         MOV     M,E
  0EFC             1524         ORG     00EFCH
  0EFC 7B          1525         MOV     A,E
  0EFD             1526         ORG     00EFDH
  0EFD FEFF        1527         CPI     0FFH
  0EFF             1528         ORG     00EFFH
  0EFF C20000      1529         JNZ     @25
  0F02             1530         ORG     00F02H
  0F02 C9          1531         RET
  0F03             1532         ORG     00F03H
  0F03 CDB50D      1533         CALL    PZN
  0F06             1534         ORG     00F06H
  0F06 210101      1535         LXI     H,PI
  0F09             1536         ORG     00F09H
  0F09 3600        1537         MVI     M,0H
  0F0B             1538         ORG     00F0BH
  0F0B 3AAF01      1539         LDA     PN


ISIS-II 8080/8085 MACRO ASSEMBLER, V4.1         EDGEN    PAGE   29


  LOC  OBJ         LINE        SOURCE STATEMENT

  0F0E             1540         ORG     00F0EH
  0F0E 210101      1541         LXI     H,PI
  0F11             1542         ORG     00F11H
  0F11 BE          1543         CMP     M
  0F12             1544         ORG     00F12H
  0F12 DA0000      1545         JC      @231
  0F15             1546         ORG     00F15H
  0F15 2AF500      1547         LHLD    PNDEST
  0F18             1548         ORG     00F18H
  0F18 EB          1549         XCHG
  0F19             1550         ORG     00F19H
  0F19 2A0000      1551         LHLD    PDBUFFADR
  0F1C             1552         ORG     00F1CH
  0F1C 19          1553         DAD     D
  0F1D             1554         ORG     00F1DH
  0F1D 44          1555         MOV     B,H
  0F1E             1556         ORG     00F1EH
  0F1E 4D          1557         MOV     C,L
  0F1F             1558         ORG     00F1FH
  0F1F CDD90B      1559         CALL    PSETDMA
  0F22             1560         ORG     00F22H
  0F22 01D000      1561         LXI     B,PDFCB
  0F25             1562         ORG     00F25H
  0F25 CD670B      1563         CALL    PDISKWRITE
  0F28             1564         ORG     00F28H
  0F28 FE00        1565         CPI     0H
  0F2A             1566         ORG     00F2AH
  0F2A CA0000      1567         JZ      @26
  0F2D             1568         ORG     00F2DH
  0F2D CD0F0C      1569         CALL    PFERR
  0F30             1570         ORG     00F30H
  0F30 118000      1571         LXI     D,80H
  0F33             1572         ORG     00F33H
  0F33 2AF500      1573         LHLD    PNDEST
  0F36             1574         ORG     00F36H
  0F36 19          1575         DAD     D
  0F37             1576         ORG     00F37H
  0F37 22F500      1577         SHLD    PNDEST
  0F3A             1578         ORG     00F3AH
  0F3A 210101      1579         LXI     H,PI
  0F3D             1580         ORG     00F3DH
  0F3D 34          1581         INR     M
  0F3E             1582         ORG     00F3EH
  0F3E C20000      1583         JNZ     @230
  0F41             1584         ORG     00F41H
  0F41 CDB50D      1585         CALL    PZN
  0F44             1586         ORG     00F44H
  0F44 C9          1587         RET
  0F4C             1588         ORG     00F4CH
  0F4C 21AD01      1589         LXI     H,PB
  0F4F             1590         ORG     00F4FH
  0F4F 71          1591         MOV     M,C
  0F50             1592         ORG     00F50H
  0F50 01CC00      1593         LXI     B,PBUFFLENGTH
  0F53             1594         ORG     00F53H


ISIS-II 8080/8085 MACRO ASSEMBLER, V4.1         EDGEN    PAGE   30


  LOC  OBJ         LINE        SOURCE STATEMENT

  0F53 11F500      1595         LXI     D,PNDEST
  0F56             1596         ORG     00F56H
  0F56 CD0000      1597         CALL    QP0098
  0F59             1598         ORG     00F59H
  0F59 DA0000      1599         JC      @27
  0F5C             1600         ORG     00F5CH
  0F5C CD4E14      1601         CALL    PWRITEDEST
  0F5F             1602         ORG     00F5FH
  0F5F 2AF500      1603         LHLD    PNDEST
  0F62             1604         ORG     00F62H
  0F62 EB          1605         XCHG
  0F63             1606         ORG     00F63H
  0F63 2A0000      1607         LHLD    PDBUFFADR
  0F66             1608         ORG     00F66H
  0F66 19          1609         DAD     D
  0F67             1610         ORG     00F67H
  0F67 3AAD01      1611         LDA     PB
  0F6A             1612         ORG     00F6AH
  0F6A 77          1613         MOV     M,A
  0F6B             1614         ORG     00F6BH
  0F6B 2AF500      1615         LHLD    PNDEST
  0F6E             1616         ORG     00F6EH
  0F6E 23          1617         INX     H
  0F6F             1618         ORG     00F6FH
  0F6F 22F500      1619         SHLD    PNDEST
  0F72             1620         ORG     00F72H
  0F72 C9          1621         RET
  0F73             1622         ORG     00F73H
  0F73 210301      1623         LXI     H,PC
  0F76             1624         ORG     00F76H
  0F76 71          1625         MOV     M,C
  0F77             1626         ORG     00F77H
  0F77 3AC900      1627         LDA     PXBP
  0F7A             1628         ORG     00F7AH
  0F7A FE80        1629         CPI     80H
  0F7C             1630         ORG     00F7CH
  0F7C DA0000      1631         JC      @28
  0F7F             1632         ORG     00F7FH
  0F7F CD3F0D      1633         CALL    PSETXDMA
  0F82             1634         ORG     00F82H
  0F82 012800      1635         LXI     B,PXFCB
  0F85             1636         ORG     00F85H
  0F85 CD670B      1637         CALL    PDISKWRITE
  0F88             1638         ORG     00F88H
  0F88 FE00        1639         CPI     0H
  0F8A             1640         ORG     00F8AH
  0F8A CA0000      1641         JZ      @29
  0F8D             1642         ORG     00F8DH
  0F8D CD0F0C      1643         CALL    PFERR
  0F90             1644         ORG     00F90H
  0F90 21C900      1645         LXI     H,PXBP
  0F93             1646         ORG     00F93H
  0F93 3600        1647         MVI     M,0H
  0F95             1648         ORG     00F95H
  0F95 2AC900      1649         LHLD    PXBP


ISIS-II 8080/8085 MACRO ASSEMBLER, V4.1         EDGEN    PAGE   31


  LOC  OBJ         LINE        SOURCE STATEMENT

  0F98             1650         ORG     00F98H
  0F98 2600        1651         MVI     H,0
  0F9A             1652         ORG     00F9AH
  0F9A 014900      1653         LXI     B,PXBUFF
  0F9D             1654         ORG     00F9DH
  0F9D 09          1655         DAD     B
  0F9E             1656         ORG     00F9EH
  0F9E 3A0301      1657         LDA     PC
  0FA1             1658         ORG     00FA1H
  0FA1 77          1659         MOV     M,A
  0FA2             1660         ORG     00FA2H
  0FA2 21C900      1661         LXI     H,PXBP
  0FA5             1662         ORG     00FA5H
  0FA5 34          1663         INR     M
  0FA6             1664         ORG     00FA6H
  0FA6 C9          1665         RET
  1018             1666         ORG     01018H
  1018 2E10        1667         MVI     L,10H
  101A             1668         ORG     0101AH
  101A 11E000      1669         LXI     D,PDFCB+10H
  101D             1670         ORG     0101DH
  101D 01D000      1671         LXI     B,PDFCB
  1020             1672         ORG     01020H
  1020 2C          1673         INR     L
  1021             1674         ORG     01021H
  1021 C32810      1675         JMP     $+7H
  1024             1676         ORG     01024H
  1024 0A          1677         LDAX    B
  1025             1678         ORG     01025H
  1025 12          1679         STAX    D
  1026             1680         ORG     01026H
  1026 03          1681         INX     B
  1027             1682         ORG     01027H
  1027 13          1683         INX     D
  1028             1684         ORG     01028H
  1028 2D          1685         DCR     L
  1029             1686         ORG     01029H
  1029 C22410      1687         JNZ     $-5H
  102C             1688         ORG     0102CH
  102C C9          1689         RET
  0FA7             1690         ORG     00FA7H
  0FA7 21DD00      1691         LXI     H,PDFUB
  0FAA             1692         ORG     00FAAH
  0FAA 3600        1693         MVI     M,0H
  0FAC             1694         ORG     00FACH
  0FAC 2AF500      1695         LHLD    PNDEST
  0FAF             1696         ORG     00FAFH
  0FAF 7D          1697         MOV     A,L
  0FB0             1698         ORG     00FB0H
  0FB0 E67F        1699         ANI     7FH
  0FB2             1700         ORG     00FB2H
  0FB2 FE00        1701         CPI     0H
  0FB4             1702         ORG     00FB4H
  0FB4 CA0000      1703         JZ      @234
  0FB7             1704         ORG     00FB7H


ISIS-II 8080/8085 MACRO ASSEMBLER, V4.1         EDGEN    PAGE   32


  LOC  OBJ         LINE        SOURCE STATEMENT

  0FB7 21DD00      1705         LXI     H,PDFUB
  0FBA             1706         ORG     00FBAH
  0FBA 34          1707         INR     M
  0FBB             1708         ORG     00FBBH
  0FBB 0E1A        1709         MVI     C,1AH
  0FBD             1710         ORG     00FBDH
  0FBD CD4C0E      1711         CALL    PPUTDEST
  0FC0             1712         ORG     00FC0H
  0FC0 C30000      1713         JMP     @233
  0FC3             1714         ORG     00FC3H
  0FC3 CD4E14      1715         CALL    PWRITEDEST
  0FC6             1716         ORG     00FC6H
  0FC6 01D000      1717         LXI     B,PDFCB
  0FC9             1718         ORG     00FC9H
  0FC9 CD210B      1719         CALL    PCLOSE
  0FCC             1720         ORG     00FCCH
  0FCC 3A0B01      1721         LDA     PDCNT
  0FCF             1722         ORG     00FCFH
  0FCF FEFF        1723         CPI     0FFH
  0FD1             1724         ORG     00FD1H
  0FD1 C20000      1725         JNZ     @30
  0FD4             1726         ORG     00FD4H
  0FD4 CD0F0C      1727         CALL    PFERR
  0FD7             1728         ORG     00FD7H
  0FD7 019A01      1729         LXI     B,$-0E3DH
  0FDA             1730         ORG     00FDAH
  0FDA CD1C0C      1731         CALL    PSETTYPE
  0FDD             1732         ORG     00FDDH
  0FDD CD180F      1733         CALL    PMOVEUP
  0FE0             1734         ORG     00FE0H
  0FE0 2AF700      1735         LHLD    PSDISK
  0FE3             1736         ORG     00FE3H
  0FE3 4D          1737         MOV     C,L
  0FE4             1738         ORG     00FE4H
  0FE4 CDC90B      1739         CALL    PSELECT
  0FE7             1740         ORG     00FE7H
  0FE7 2E10        1741         MVI     L,10H
  0FE9             1742         ORG     00FE9H
  0FE9 11D000      1743         LXI     D,PDFCB
  0FEC             1744         ORG     00FECH
  0FEC 010000      1745         LXI     B,PFCB
  0FEF             1746         ORG     00FEFH
  0FEF 2C          1747         INR     L
  0FF0             1748         ORG     00FF0H
  0FF0 C3F70F      1749         JMP     $+7H
  0FF3             1750         ORG     00FF3H
  0FF3 0A          1751         LDAX    B
  0FF4             1752         ORG     00FF4H
  0FF4 12          1753         STAX    D
  0FF5             1754         ORG     00FF5H
  0FF5 03          1755         INX     B
  0FF6             1756         ORG     00FF6H
  0FF6 13          1757         INX     D
  0FF7             1758         ORG     00FF7H
  0FF7 2D          1759         DCR     L


ISIS-II 8080/8085 MACRO ASSEMBLER, V4.1         EDGEN    PAGE   33


  LOC  OBJ         LINE        SOURCE STATEMENT

  0FF8             1760         ORG     00FF8H
  0FF8 C2F30F      1761         JNZ     $-5H
  0FFB             1762         ORG     00FFBH
  0FFB 01D000      1763         LXI     B,PDFCB
  0FFE             1764         ORG     00FFEH
  0FFE CD8A0B      1765         CALL    PRENAME
  1001             1766         ORG     01001H
  1001 CD180F      1767         CALL    PMOVEUP
  1004             1768         ORG     01004H
  1004 019D01      1769         LXI     B,$-0E67H
  1007             1770         ORG     01007H
  1007 CD1C0C      1771         CALL    PSETTYPE
  100A             1772         ORG     0100AH
  100A 2AF800      1773         LHLD    PDDISK
  100D             1774         ORG     0100DH
  100D 4D          1775         MOV     C,L
  100E             1776         ORG     0100EH
  100E CDC90B      1777         CALL    PSELECT
  1011             1778         ORG     01011H
  1011 01D000      1779         LXI     B,PDFCB
  1014             1780         ORG     01014H
  1014 CD8A0B      1781         CALL    PRENAME
  1017             1782         ORG     01017H
  1017 C9          1783         RET
  102D             1784         ORG     0102DH
  102D 21FA00      1785         LXI     H,PCHAR
  1030             1786         ORG     01030H
  1030 71          1787         MOV     M,C
  1031             1788         ORG     01031H
  1031 3A9A02      1789         LDA     PMP
  1034             1790         ORG     01034H
  1034 FE00        1791         CPI     0H
  1036             1792         ORG     01036H
  1036 CA0000      1793         JZ      @31
  1039             1794         ORG     01039H
  1039 C9          1795         RET
  103A             1796         ORG     0103AH
  103A 2AFA00      1797         LHLD    PCHAR
  103D             1798         ORG     0103DH
  103D 4D          1799         MOV     C,L
  103E             1800         ORG     0103EH
  103E CD0C16      1801         CALL    PPRINTC
  1041             1802         ORG     01041H
  1041 C9          1803         RET
  1042             1804         ORG     01042H
  1042 210301      1805         LXI     H,PC
  1045             1806         ORG     01045H
  1045 71          1807         MOV     M,C
  1046             1808         ORG     01046H
  1046 3A0301      1809         LDA     PC
  1049             1810         ORG     01049H
  1049 D661        1811         SUI     61H
  104B             1812         ORG     0104BH
  104B 9F          1813         SBB     A
  104C             1814         ORG     0104CH


ISIS-II 8080/8085 MACRO ASSEMBLER, V4.1         EDGEN    PAGE   34


  LOC  OBJ         LINE        SOURCE STATEMENT

  104C 2F          1815         CMA
  104D             1816         ORG     0104DH
  104D F5          1817         PUSH    PSW     ; 1
  104E             1818         ORG     0104EH
  104E 3E7A        1819         MVI     A,7AH
  1050             1820         ORG     01050H
  1050 210301      1821         LXI     H,PC
  1053             1822         ORG     01053H
  1053 96          1823         SUB     M
  1054             1824         ORG     01054H
  1054 9F          1825         SBB     A
  1055             1826         ORG     01055H
  1055 2F          1827         CMA
  1056             1828         ORG     01056H
  1056 C1          1829         POP     B       ; 1
  1057             1830         ORG     01057H
  1057 48          1831         MOV     C,B
  1058             1832         ORG     01058H
  1058 A1          1833         ANA     C
  1059             1834         ORG     01059H
  1059 C9          1835         RET
  105A             1836         ORG     0105AH
  105A 210301      1837         LXI     H,PC
  105D             1838         ORG     0105DH
  105D 71          1839         MOV     M,C
  105E             1840         ORG     0105EH
  105E 2A0301      1841         LHLD    PC
  1061             1842         ORG     01061H
  1061 4D          1843         MOV     C,L
  1062             1844         ORG     01062H
  1062 CD420F      1845         CALL    PLOWERCASE
  1065             1846         ORG     01065H
  1065 1F          1847         RAR
  1066             1848         ORG     01066H
  1066 D20000      1849         JNC     @32
  1069             1850         ORG     01069H
  1069 3A0301      1851         LDA     PC
  106C             1852         ORG     0106CH
  106C E65F        1853         ANI     5FH
  106E             1854         ORG     0106EH
  106E C9          1855         RET
  106F             1856         ORG     0106FH
  106F 3A0301      1857         LDA     PC
  1072             1858         ORG     01072H
  1072 C9          1859         RET
  1073             1860         ORG     01073H
  1073 210301      1861         LXI     H,PC
  1076             1862         ORG     01076H
  1076 71          1863         MOV     M,C
  1077             1864         ORG     01077H
  1077 3AA202      1865         LDA     PTRANSLATE
  107A             1866         ORG     0107AH
  107A 1F          1867         RAR
  107B             1868         ORG     0107BH
  107B D20000      1869         JNC     @33


ISIS-II 8080/8085 MACRO ASSEMBLER, V4.1         EDGEN    PAGE   35


  LOC  OBJ         LINE        SOURCE STATEMENT

  107E             1870         ORG     0107EH
  107E 2A0301      1871         LHLD    PC
  1081             1872         ORG     01081H
  1081 4D          1873         MOV     C,L
  1082             1874         ORG     01082H
  1082 CD5A0F      1875         CALL    PUCASE
  1085             1876         ORG     01085H
  1085 C9          1877         RET
  1086             1878         ORG     01086H
  1086 3A0301      1879         LDA     PC
  1089             1880         ORG     01089H
  1089 C9          1881         RET
  108A             1882         ORG     0108AH
  108A 21A802      1883         LXI     H,PV+1H
  108D             1884         ORG     0108DH
  108D 70          1885         MOV     M,B
  108E             1886         ORG     0108EH
  108E 2B          1887         DCX     H
  108F             1888         ORG     0108FH
  108F 71          1889         MOV     M,C
  1090             1890         ORG     01090H
  1090 211027      1891         LXI     H,2710H
  1093             1892         ORG     01093H
  1093 22AB02      1893         SHLD    PK
  1096             1894         ORG     01096H
  1096 21AA02      1895         LXI     H,PZERO
  1099             1896         ORG     01099H
  1099 3600        1897         MVI     M,0H
  109B             1898         ORG     0109BH
  109B 3E00        1899         MVI     A,0H
  109D             1900         ORG     0109DH
  109D 11AB02      1901         LXI     D,PK
  10A0             1902         ORG     010A0H
  10A0 CD0000      1903         CALL    QP0101
  10A3             1904         ORG     010A3H
  10A3 B5          1905         ORA     L
  10A4             1906         ORG     010A4H
  10A4 CA0000      1907         JZ      @236
  10A7             1908         ORG     010A7H
  10A7 2AA702      1909         LHLD    PV
  10AA             1910         ORG     010AAH
  10AA EB          1911         XCHG
  10AB             1912         ORG     010ABH
  10AB 2AAB02      1913         LHLD    PK
  10AE             1914         ORG     010AEH
  10AE CD0000      1915         CALL    QP0029
  10B1             1916         ORG     010B1H
  10B1 7B          1917         MOV     A,E
  10B2             1918         ORG     010B2H
  10B2 32A902      1919         STA     PD
  10B5             1920         ORG     010B5H
  10B5 2AA702      1921         LHLD    PV
  10B8             1922         ORG     010B8H
  10B8 EB          1923         XCHG
  10B9             1924         ORG     010B9H


ISIS-II 8080/8085 MACRO ASSEMBLER, V4.1         EDGEN    PAGE   36


  LOC  OBJ         LINE        SOURCE STATEMENT

  10B9 CD0000      1925         CALL    QP0030
  10BC             1926         ORG     010BCH
  10BC 22A702      1927         SHLD    PV
  10BF             1928         ORG     010BFH
  10BF 50          1929         MOV     D,B
  10C0             1930         ORG     010C0H
  10C0 59          1931         MOV     E,C
  10C1             1932         ORG     010C1H
  10C1 210A00      1933         LXI     H,0AH
  10C4             1934         ORG     010C4H
  10C4 CD0000      1935         CALL    QP0029
  10C7             1936         ORG     010C7H
  10C7 EB          1937         XCHG
  10C8             1938         ORG     010C8H
  10C8 22AB02      1939         SHLD    PK
  10CB             1940         ORG     010CBH
  10CB 3AA902      1941         LDA     PD
  10CE             1942         ORG     010CEH
  10CE D600        1943         SUI     0H
  10D0             1944         ORG     010D0H
  10D0 C6FF        1945         ADI     255
  10D2             1946         ORG     010D2H
  10D2 9F          1947         SBB     A
  10D3             1948         ORG     010D3H
  10D3 21AA02      1949         LXI     H,PZERO
  10D6             1950         ORG     010D6H
  10D6 B6          1951         ORA     M
  10D7             1952         ORG     010D7H
  10D7 1F          1953         RAR
  10D8             1954         ORG     010D8H
  10D8 D20000      1955         JNC     @34
  10DB             1956         ORG     010DBH
  10DB 21AA02      1957         LXI     H,PZERO
  10DE             1958         ORG     010DEH
  10DE 3601        1959         MVI     M,1H
  10E0             1960         ORG     010E0H
  10E0 3AA902      1961         LDA     PD
  10E3             1962         ORG     010E3H
  10E3 C630        1963         ADI     30H
  10E5             1964         ORG     010E5H
  10E5 4F          1965         MOV     C,A
  10E6             1966         ORG     010E6H
  10E6 CD0C16      1967         CALL    PPRINTC
  10E9             1968         ORG     010E9H
  10E9 C30000      1969         JMP     @35
  10EC             1970         ORG     010ECH
  10EC 0E20        1971         MVI     C,20H
  10EE             1972         ORG     010EEH
  10EE CD0C16      1973         CALL    PPRINTC
  10F1             1974         ORG     010F1H
  10F1 C30000      1975         JMP     @235
  10F4             1976         ORG     010F4H
  10F4 C9          1977         RET
  10F5             1978         ORG     010F5H
  10F5 21A802      1979         LXI     H,PV+1H


ISIS-II 8080/8085 MACRO ASSEMBLER, V4.1         EDGEN    PAGE   37


  LOC  OBJ         LINE        SOURCE STATEMENT

  10F8             1980         ORG     010F8H
  10F8 70          1981         MOV     M,B
  10F9             1982         ORG     010F9H
  10F9 2B          1983         DCX     H
  10FA             1984         ORG     010FAH
  10FA 71          1985         MOV     M,C
  10FB             1986         ORG     010FBH
  10FB 3AA701      1987         LDA     PLINESET
  10FE             1988         ORG     010FEH
  10FE 1F          1989         RAR
  10FF             1990         ORG     010FFH
  10FF DA0000      1991         JC      @36
  1102             1992         ORG     01102H
  1102 C9          1993         RET
  1103             1994         ORG     01103H
  1103 2AA702      1995         LHLD    PV
  1106             1996         ORG     01106H
  1106 44          1997         MOV     B,H
  1107             1998         ORG     01107H
  1107 4D          1999         MOV     C,L
  1108             2000         ORG     01108H
  1108 CD0C16      2001         CALL    PPRINTVALUE
  110B             2002         ORG     0110BH
  110B 0E3A        2003         MVI     C,3AH
  110D             2004         ORG     0110DH
  110D CD0C16      2005         CALL    PPRINTC
  1110             2006         ORG     01110H
  1110 0E20        2007         MVI     C,20H
  1112             2008         ORG     01112H
  1112 CD0C16      2009         CALL    PPRINTC
  1115             2010         ORG     01115H
  1115 3AB114      2011         LDA     PINSERTING
  1118             2012         ORG     01118H
  1118 1F          2013         RAR
  1119             2014         ORG     01119H
  1119 D20000      2015         JNC     @37
  111C             2016         ORG     0111CH
  111C 0E20        2017         MVI     C,20H
  111E             2018         ORG     0111EH
  111E CD0C16      2019         CALL    PPRINTC
  1121             2020         ORG     01121H
  1121 C30000      2021         JMP     @38
  1124             2022         ORG     01124H
  1124 0E2A        2023         MVI     C,2AH
  1126             2024         ORG     01126H
  1126 CD0C16      2025         CALL    PPRINTC
  1129             2026         ORG     01129H
  1129 C9          2027         RET
  112A             2028         ORG     0112AH
  112A 2AA301      2029         LHLD    PBASELINE
  112D             2030         ORG     0112DH
  112D 44          2031         MOV     B,H
  112E             2032         ORG     0112EH
  112E 4D          2033         MOV     C,L
  112F             2034         ORG     0112FH


ISIS-II 8080/8085 MACRO ASSEMBLER, V4.1         EDGEN    PAGE   38


  LOC  OBJ         LINE        SOURCE STATEMENT

  112F CD0C16      2035         CALL    PPRINTLINE
  1132             2036         ORG     01132H
  1132 C9          2037         RET
  1133             2038         ORG     01133H
  1133 3A9A02      2039         LDA     PMP
  1136             2040         ORG     01136H
  1136 FE00        2041         CPI     0H
  1138             2042         ORG     01138H
  1138 CA0000      2043         JZ      @39
  113B             2044         ORG     0113BH
  113B C9          2045         RET
  113C             2046         ORG     0113CH
  113C CD0C16      2047         CALL    PPRINTBASE
  113F             2048         ORG     0113FH
  113F C9          2049         RET
  1140             2050         ORG     01140H
  1140 3E00        2051         MVI     A,0H
  1142             2052         ORG     01142H
  1142 219A02      2053         LXI     H,PMP
  1145             2054         ORG     01145H
  1145 BE          2055         CMP     M
  1146             2056         ORG     01146H
  1146 D20000      2057         JNC     @40
  1149             2058         ORG     01149H
  1149 CDA60B      2059         CALL    PBREAKKEY
  114C             2060         ORG     0114CH
  114C 1F          2061         RAR
  114D             2062         ORG     0114DH
  114D D20000      2063         JNC     @41
  1150             2064         ORG     01150H
  1150 C3C301      2065         JMP     POVERCOUNT
  1153             2066         ORG     01153H
  1153 219A02      2067         LXI     H,PMP
  1156             2068         ORG     01156H
  1156 3A9C02      2069         LDA     PXP
  1159             2070         ORG     01159H
  1159 BE          2071         CMP     M
  115A             2072         ORG     0115AH
  115A DA0000      2073         JC      @42
  115D             2074         ORG     0115DH
  115D 3E00        2075         MVI     A,0H
  115F             2076         ORG     0115FH
  115F 119D02      2077         LXI     D,PMT
  1162             2078         ORG     01162H
  1162 CD0000      2079         CALL    QP0101
  1165             2080         ORG     01165H
  1165 B5          2081         ORA     L
  1166             2082         ORG     01166H
  1166 CA0000      2083         JZ      @43
  1169             2084         ORG     01169H
  1169 2A9D02      2085         LHLD    PMT
  116C             2086         ORG     0116CH
  116C 2B          2087         DCX     H
  116D             2088         ORG     0116DH
  116D 229D02      2089         SHLD    PMT


ISIS-II 8080/8085 MACRO ASSEMBLER, V4.1         EDGEN    PAGE   39


  LOC  OBJ         LINE        SOURCE STATEMENT

  1170             2090         ORG     01170H
  1170 3E00        2091         MVI     A,0H
  1172             2092         ORG     01172H
  1172 CD0000      2093         CALL    QP0094
  1175             2094         ORG     01175H
  1175 B5          2095         ORA     L
  1176             2096         ORG     01176H
  1176 C20000      2097         JNZ     @44
  1179             2098         ORG     01179H
  1179 C3C301      2099         JMP     POVERCOUNT
  117C             2100         ORG     0117CH
  117C 219C02      2101         LXI     H,PXP
  117F             2102         ORG     0117FH
  117F 3600        2103         MVI     M,0H
  1181             2104         ORG     01181H
  1181 3A9C02      2105         LDA     PXP
  1184             2106         ORG     01184H
  1184 3C          2107         INR     A
  1185             2108         ORG     01185H
  1185 329C02      2109         STA     PXP
  1188             2110         ORG     01188H
  1188 3D          2111         DCR     A
  1189             2112         ORG     01189H
  1189 4F          2113         MOV     C,A
  118A             2114         ORG     0118AH
  118A 0600        2115         MVI     B,0
  118C             2116         ORG     0118CH
  118C 21B201      2117         LXI     H,PMACRO
  118F             2118         ORG     0118FH
  118F 09          2119         DAD     B
  1190             2120         ORG     01190H
  1190 4E          2121         MOV     C,M
  1191             2122         ORG     01191H
  1191 CD730F      2123         CALL    PUTRAN
  1194             2124         ORG     01194H
  1194 C9          2125         RET
  1195             2126         ORG     01195H
  1195 3AB114      2127         LDA     PINSERTING
  1198             2128         ORG     01198H
  1198 1F          2129         RAR
  1199             2130         ORG     01199H
  1199 D20000      2131         JNC     @45
  119C             2132         ORG     0119CH
  119C CD9717      2133         CALL    PREADCHAR
  119F             2134         ORG     0119FH
  119F 4F          2135         MOV     C,A
  11A0             2136         ORG     011A0H
  11A0 CD730F      2137         CALL    PUTRAN
  11A3             2138         ORG     011A3H
  11A3 C9          2139         RET
  11A4             2140         ORG     011A4H
  11A4 3AA002      2141         LDA     PREADBUFF
  11A7             2142         ORG     011A7H
  11A7 1F          2143         RAR
  11A8             2144         ORG     011A8H


ISIS-II 8080/8085 MACRO ASSEMBLER, V4.1         EDGEN    PAGE   40


  LOC  OBJ         LINE        SOURCE STATEMENT

  11A8 D20000      2145         JNC     @46
  11AB             2146         ORG     011ABH
  11AB 21A002      2147         LXI     H,PREADBUFF
  11AE             2148         ORG     011AEH
  11AE 3600        2149         MVI     M,0H
  11B0             2150         ORG     011B0H
  11B0 3AFB00      2151         LDA     PCOLUMN
  11B3             2152         ORG     011B3H
  11B3 D600        2153         SUI     0H
  11B5             2154         ORG     011B5H
  11B5 D601        2155         SUI     1
  11B7             2156         ORG     011B7H
  11B7 9F          2157         SBB     A
  11B8             2158         ORG     011B8H
  11B8 21A701      2159         LXI     H,PLINESET
  11BB             2160         ORG     011BBH
  11BB A6          2161         ANA     M
  11BC             2162         ORG     011BCH
  11BC 1F          2163         RAR
  11BD             2164         ORG     011BDH
  11BD D20000      2165         JNC     @47
  11C0             2166         ORG     011C0H
  11C0 010200      2167         LXI     B,PMAXM
  11C3             2168         ORG     011C3H
  11C3 11B702      2169         LXI     D,PBACK
  11C6             2170         ORG     011C6H
  11C6 CD0000      2171         CALL    QP0098
  11C9             2172         ORG     011C9H
  11C9 DA0000      2173         JC      @48
  11CC             2174         ORG     011CCH
  11CC 010000      2175         LXI     B,0H
  11CF             2176         ORG     011CFH
  11CF CD0C16      2177         CALL    PPRINTLINE
  11D2             2178         ORG     011D2H
  11D2 C30000      2179         JMP     @49
  11D5             2180         ORG     011D5H
  11D5 CD0C16      2181         CALL    PPRINTBASE
  11D8             2182         ORG     011D8H
  11D8 C30000      2183         JMP     @50
  11DB             2184         ORG     011DBH
  11DB 0E2A        2185         MVI     C,2AH
  11DD             2186         ORG     011DDH
  11DD CD0C16      2187         CALL    PPRINTC
  11E0             2188         ORG     011E0H
  11E0 CD9717      2189         CALL    PREADCOM
  11E3             2190         ORG     011E3H
  11E3 219F01      2191         LXI     H,PCBP
  11E6             2192         ORG     011E6H
  11E6 3600        2193         MVI     M,0H
  11E8             2194         ORG     011E8H
  11E8 0E0A        2195         MVI     C,0AH
  11EA             2196         ORG     011EAH
  11EA CD0C16      2197         CALL    PPRINTC
  11ED             2198         ORG     011EDH
  11ED 21FB00      2199         LXI     H,PCOLUMN


ISIS-II 8080/8085 MACRO ASSEMBLER, V4.1         EDGEN    PAGE   41


  LOC  OBJ         LINE        SOURCE STATEMENT

  11F0             2200         ORG     011F0H
  11F0 3600        2201         MVI     M,0H
  11F2             2202         ORG     011F2H
  11F2 211D01      2203         LXI     H,PCOMLEN
  11F5             2204         ORG     011F5H
  11F5 3A9F01      2205         LDA     PCBP
  11F8             2206         ORG     011F8H
  11F8 96          2207         SUB     M
  11F9             2208         ORG     011F9H
  11F9 D601        2209         SUI     1
  11FB             2210         ORG     011FBH
  11FB 9F          2211         SBB     A
  11FC             2212         ORG     011FCH
  11FC 32A002      2213         STA     PREADBUFF
  11FF             2214         ORG     011FFH
  11FF 1F          2215         RAR
  1200             2216         ORG     01200H
  1200 D20000      2217         JNC     @51
  1203             2218         ORG     01203H
  1203 2A9F01      2219         LHLD    PCBP
  1206             2220         ORG     01206H
  1206 2600        2221         MVI     H,0
  1208             2222         ORG     01208H
  1208 011E01      2223         LXI     B,PCOMBUFF
  120B             2224         ORG     0120BH
  120B 09          2225         DAD     B
  120C             2226         ORG     0120CH
  120C 360D        2227         MVI     M,0DH
  120E             2228         ORG     0120EH
  120E 3A9F01      2229         LDA     PCBP
  1211             2230         ORG     01211H
  1211 3C          2231         INR     A
  1212             2232         ORG     01212H
  1212 329F01      2233         STA     PCBP
  1215             2234         ORG     01215H
  1215 3D          2235         DCR     A
  1216             2236         ORG     01216H
  1216 4F          2237         MOV     C,A
  1217             2238         ORG     01217H
  1217 0600        2239         MVI     B,0
  1219             2240         ORG     01219H
  1219 211E01      2241         LXI     H,PCOMBUFF
  121C             2242         ORG     0121CH
  121C 09          2243         DAD     B
  121D             2244         ORG     0121DH
  121D 4E          2245         MOV     C,M
  121E             2246         ORG     0121EH
  121E CD730F      2247         CALL    PUTRAN
  1221             2248         ORG     01221H
  1221 C9          2249         RET
  1222             2250         ORG     01222H
  1222 2AF700      2251         LHLD    PSDISK
  1225             2252         ORG     01225H
  1225 4D          2253         MOV     C,L
  1226             2254         ORG     01226H


ISIS-II 8080/8085 MACRO ASSEMBLER, V4.1         EDGEN    PAGE   42


  LOC  OBJ         LINE        SOURCE STATEMENT

  1226 CDC90B      2255         CALL    PSELECT
  1229             2256         ORG     01229H
  1229 010000      2257         LXI     B,PBUFF
  122C             2258         ORG     0122CH
  122C CDD90B      2259         CALL    PSETDMA
  122F             2260         ORG     0122FH
  122F C9          2261         RET
  1230             2262         ORG     01230H
  1230 3A2700      2263         LDA     PRBP
  1233             2264         ORG     01233H
  1233 FE80        2265         CPI     80H
  1235             2266         ORG     01235H
  1235 DA0000      2267         JC      @52
  1238             2268         ORG     01238H
  1238 CD2211      2269         CALL    PSETRDMA
  123B             2270         ORG     0123BH
  123B 010600      2271         LXI     B,PRFCB
  123E             2272         ORG     0123EH
  123E CD570B      2273         CALL    PDISKREAD
  1241             2274         ORG     01241H
  1241 FE00        2275         CPI     0H
  1243             2276         ORG     01243H
  1243 CA0000      2277         JZ      @53
  1246             2278         ORG     01246H
  1246 3E1A        2279         MVI     A,1AH
  1248             2280         ORG     01248H
  1248 C9          2281         RET
  1249             2282         ORG     01249H
  1249 212700      2283         LXI     H,PRBP
  124C             2284         ORG     0124CH
  124C 3600        2285         MVI     M,0H
  124E             2286         ORG     0124EH
  124E 3A2700      2287         LDA     PRBP
  1251             2288         ORG     01251H
  1251 3C          2289         INR     A
  1252             2290         ORG     01252H
  1252 322700      2291         STA     PRBP
  1255             2292         ORG     01255H
  1255 3D          2293         DCR     A
  1256             2294         ORG     01256H
  1256 4F          2295         MOV     C,A
  1257             2296         ORG     01257H
  1257 0600        2297         MVI     B,0
  1259             2298         ORG     01259H
  1259 210000      2299         LXI     H,PBUFF
  125C             2300         ORG     0125CH
  125C 09          2301         DAD     B
  125D             2302         ORG     0125DH
  125D 4E          2303         MOV     C,M
  125E             2304         ORG     0125EH
  125E CD730F      2305         CALL    PUTRAN
  1261             2306         ORG     01261H
  1261 C9          2307         RET
  1262             2308         ORG     01262H
  1262 21FFFF      2309         LXI     H,0FFFFH


ISIS-II 8080/8085 MACRO ASSEMBLER, V4.1         EDGEN    PAGE   43


  LOC  OBJ         LINE        SOURCE STATEMENT

  1265             2310         ORG     01265H
  1265 22AF02      2311         SHLD    PDISTANCE
  1268             2312         ORG     01268H
  1268 C9          2313         RET
  1269             2314         ORG     01269H
  1269 3E00        2315         MVI     A,0H
  126B             2316         ORG     0126BH
  126B 11AF02      2317         LXI     D,PDISTANCE
  126E             2318         ORG     0126EH
  126E CD0000      2319         CALL    QP0101
  1271             2320         ORG     01271H
  1271 B5          2321         ORA     L
  1272             2322         ORG     01272H
  1272 D601        2323         SUI     1
  1274             2324         ORG     01274H
  1274 9F          2325         SBB     A
  1275             2326         ORG     01275H
  1275 C9          2327         RET
  1276             2328         ORG     01276H
  1276 210000      2329         LXI     H,0H
  1279             2330         ORG     01279H
  1279 22AF02      2331         SHLD    PDISTANCE
  127C             2332         ORG     0127CH
  127C C9          2333         RET
  127D             2334         ORG     0127DH
  127D CD6911      2335         CALL    PDISTZERO
  1280             2336         ORG     01280H
  1280 1F          2337         RAR
  1281             2338         ORG     01281H
  1281 DA0000      2339         JC      @54
  1284             2340         ORG     01284H
  1284 2AAF02      2341         LHLD    PDISTANCE
  1287             2342         ORG     01287H
  1287 2B          2343         DCX     H
  1288             2344         ORG     01288H
  1288 22AF02      2345         SHLD    PDISTANCE
  128B             2346         ORG     0128BH
  128B 3E01        2347         MVI     A,1H
  128D             2348         ORG     0128DH
  128D C9          2349         RET
  128E             2350         ORG     0128EH
  128E 3E00        2351         MVI     A,0H
  1290             2352         ORG     01290H
  1290 C9          2353         RET
  1291             2354         ORG     01291H
  1291 210100      2355         LXI     H,1H
  1294             2356         ORG     01294H
  1294 22A501      2357         SHLD    PRELLINE
  1297             2358         ORG     01297H
  1297 3AB302      2359         LDA     PDIRECTION
  129A             2360         ORG     0129AH
  129A FE00        2361         CPI     0H
  129C             2362         ORG     0129CH
  129C C20000      2363         JNZ     @55
  129F             2364         ORG     0129FH


ISIS-II 8080/8085 MACRO ASSEMBLER, V4.1         EDGEN    PAGE   44


  LOC  OBJ         LINE        SOURCE STATEMENT

  129F 2AAF02      2365         LHLD    PDISTANCE
  12A2             2366         ORG     012A2H
  12A2 23          2367         INX     H
  12A3             2368         ORG     012A3H
  12A3 22AF02      2369         SHLD    PDISTANCE
  12A6             2370         ORG     012A6H
  12A6 2AB502      2371         LHLD    PFRONT
  12A9             2372         ORG     012A9H
  12A9 220101      2373         SHLD    PI
  12AC             2374         ORG     012ACH
  12AC 210000      2375         LXI     H,0H
  12AF             2376         ORG     012AFH
  12AF 22C102      2377         SHLD    PL
  12B2             2378         ORG     012B2H
  12B2 2B          2379         DCX     H
  12B3             2380         ORG     012B3H
  12B3 22AB02      2381         SHLD    PK
  12B6             2382         ORG     012B6H
  12B6 C30000      2383         JMP     @56
  12B9             2384         ORG     012B9H
  12B9 2AB702      2385         LHLD    PBACK
  12BC             2386         ORG     012BCH
  12BC 220101      2387         SHLD    PI
  12BF             2388         ORG     012BFH
  12BF 2A0200      2389         LHLD    PMAXM
  12C2             2390         ORG     012C2H
  12C2 22C102      2391         SHLD    PL
  12C5             2392         ORG     012C5H
  12C5 210100      2393         LXI     H,1H
  12C8             2394         ORG     012C8H
  12C8 22AB02      2395         SHLD    PK
  12CB             2396         ORG     012CBH
  12CB 21C602      2397         LXI     H,PLOOPING
  12CE             2398         ORG     012CEH
  12CE 3601        2399         MVI     M,1H
  12D0             2400         ORG     012D0H
  12D0 3AC602      2401         LDA     PLOOPING
  12D3             2402         ORG     012D3H
  12D3 1F          2403         RAR
  12D4             2404         ORG     012D4H
  12D4 D20000      2405         JNC     @238
  12D7             2406         ORG     012D7H
  12D7 01C102      2407         LXI     B,PL
  12DA             2408         ORG     012DAH
  12DA 110101      2409         LXI     D,PI
  12DD             2410         ORG     012DDH
  12DD CD0000      2411         CALL    QP0098
  12E0             2412         ORG     012E0H
  12E0 B5          2413         ORA     L
  12E1             2414         ORG     012E1H
  12E1 C6FF        2415         ADI     255
  12E3             2416         ORG     012E3H
  12E3 9F          2417         SBB     A
  12E4             2418         ORG     012E4H
  12E4 32C502      2419         STA     PMIDDLE


ISIS-II 8080/8085 MACRO ASSEMBLER, V4.1         EDGEN    PAGE   45


  LOC  OBJ         LINE        SOURCE STATEMENT

  12E7             2420         ORG     012E7H
  12E7 2AAB02      2421         LHLD    PK
  12EA             2422         ORG     012EAH
  12EA 1B          2423         DCX     D
  12EB             2424         ORG     012EBH
  12EB F5          2425         PUSH    PSW     ; 1
  12EC             2426         ORG     012ECH
  12EC CD0000      2427         CALL    QP0017
  12EF             2428         ORG     012EFH
  12EF 22C302      2429         SHLD    PM
  12F2             2430         ORG     012F2H
  12F2 010000      2431         LXI     B,PMEMORY
  12F5             2432         ORG     012F5H
  12F5 09          2433         DAD     B
  12F6             2434         ORG     012F6H
  12F6 7E          2435         MOV     A,M
  12F7             2436         ORG     012F7H
  12F7 D60A        2437         SUI     0AH
  12F9             2438         ORG     012F9H
  12F9 C6FF        2439         ADI     255
  12FB             2440         ORG     012FBH
  12FB 9F          2441         SBB     A
  12FC             2442         ORG     012FCH
  12FC C1          2443         POP     B       ; 1
  12FD             2444         ORG     012FDH
  12FD 48          2445         MOV     C,B
  12FE             2446         ORG     012FEH
  12FE A1          2447         ANA     C
  12FF             2448         ORG     012FFH
  12FF 1F          2449         RAR
  1300             2450         ORG     01300H
  1300 D20000      2451         JNC     @240
  1303             2452         ORG     01303H
  1303 2AC302      2453         LHLD    PM
  1306             2454         ORG     01306H
  1306 220101      2455         SHLD    PI
  1309             2456         ORG     01309H
  1309 C30000      2457         JMP     @239
  130C             2458         ORG     0130CH
  130C 2AA501      2459         LHLD    PRELLINE
  130F             2460         ORG     0130FH
  130F 2B          2461         DCX     H
  1310             2462         ORG     01310H
  1310 22A501      2463         SHLD    PRELLINE
  1313             2464         ORG     01313H
  1313 2AAF02      2465         LHLD    PDISTANCE
  1316             2466         ORG     01316H
  1316 2B          2467         DCX     H
  1317             2468         ORG     01317H
  1317 22AF02      2469         SHLD    PDISTANCE
  131A             2470         ORG     0131AH
  131A 3E00        2471         MVI     A,0H
  131C             2472         ORG     0131CH
  131C CD0000      2473         CALL    QP0094
  131F             2474         ORG     0131FH


ISIS-II 8080/8085 MACRO ASSEMBLER, V4.1         EDGEN    PAGE   46


  LOC  OBJ         LINE        SOURCE STATEMENT

  131F B5          2475         ORA     L
  1320             2476         ORG     01320H
  1320 C6FF        2477         ADI     255
  1322             2478         ORG     01322H
  1322 9F          2479         SBB     A
  1323             2480         ORG     01323H
  1323 32C602      2481         STA     PLOOPING
  1326             2482         ORG     01326H
  1326 3AC502      2483         LDA     PMIDDLE
  1329             2484         ORG     01329H
  1329 1F          2485         RAR
  132A             2486         ORG     0132AH
  132A DA0000      2487         JC      @57
  132D             2488         ORG     0132DH
  132D 21C602      2489         LXI     H,PLOOPING
  1330             2490         ORG     01330H
  1330 3600        2491         MVI     M,0H
  1332             2492         ORG     01332H
  1332 01AB02      2493         LXI     B,PK
  1335             2494         ORG     01335H
  1335 110101      2495         LXI     D,PI
  1338             2496         ORG     01338H
  1338 CD0000      2497         CALL    QP0098
  133B             2498         ORG     0133BH
  133B EB          2499         XCHG
  133C             2500         ORG     0133CH
  133C 2B          2501         DCX     H
  133D             2502         ORG     0133DH
  133D 73          2503         MOV     M,E
  133E             2504         ORG     0133EH
  133E 23          2505         INX     H
  133F             2506         ORG     0133FH
  133F 72          2507         MOV     M,D
  1340             2508         ORG     01340H
  1340 C30000      2509         JMP     @58
  1343             2510         ORG     01343H
  1343 3AC602      2511         LDA     PLOOPING
  1346             2512         ORG     01346H
  1346 1F          2513         RAR
  1347             2514         ORG     01347H
  1347 D20000      2515         JNC     @59
  134A             2516         ORG     0134AH
  134A 2AC302      2517         LHLD    PM
  134D             2518         ORG     0134DH
  134D 220101      2519         SHLD    PI
  1350             2520         ORG     01350H
  1350 C30000      2521         JMP     @237
  1353             2522         ORG     01353H
  1353 3AB302      2523         LDA     PDIRECTION
  1356             2524         ORG     01356H
  1356 FE00        2525         CPI     0H
  1358             2526         ORG     01358H
  1358 C20000      2527         JNZ     @60
  135B             2528         ORG     0135BH
  135B 2A0101      2529         LHLD    PI


ISIS-II 8080/8085 MACRO ASSEMBLER, V4.1         EDGEN    PAGE   47


  LOC  OBJ         LINE        SOURCE STATEMENT

  135E             2530         ORG     0135EH
  135E 22B902      2531         SHLD    PFIRST
  1361             2532         ORG     01361H
  1361 2AB502      2533         LHLD    PFRONT
  1364             2534         ORG     01364H
  1364 2B          2535         DCX     H
  1365             2536         ORG     01365H
  1365 22BB02      2537         SHLD    PLAST
  1368             2538         ORG     01368H
  1368 C30000      2539         JMP     @61
  136B             2540         ORG     0136BH
  136B 2AB702      2541         LHLD    PBACK
  136E             2542         ORG     0136EH
  136E 23          2543         INX     H
  136F             2544         ORG     0136FH
  136F 22B902      2545         SHLD    PFIRST
  1372             2546         ORG     01372H
  1372 2A0101      2547         LHLD    PI
  1375             2548         ORG     01375H
  1375 23          2549         INX     H
  1376             2550         ORG     01376H
  1376 22BB02      2551         SHLD    PLAST
  1379             2552         ORG     01379H
  1379 C9          2553         RET
  137A             2554         ORG     0137AH
  137A 2AB502      2555         LHLD    PFRONT
  137D             2556         ORG     0137DH
  137D 23          2557         INX     H
  137E             2558         ORG     0137EH
  137E 22B502      2559         SHLD    PFRONT
  1381             2560         ORG     01381H
  1381 C9          2561         RET
  1382             2562         ORG     01382H
  1382 2AB702      2563         LHLD    PBACK
  1385             2564         ORG     01385H
  1385 23          2565         INX     H
  1386             2566         ORG     01386H
  1386 22B702      2567         SHLD    PBACK
  1389             2568         ORG     01389H
  1389 C9          2569         RET
  138A             2570         ORG     0138AH
  138A 2AB502      2571         LHLD    PFRONT
  138D             2572         ORG     0138DH
  138D 2B          2573         DCX     H
  138E             2574         ORG     0138EH
  138E 22B502      2575         SHLD    PFRONT
  1391             2576         ORG     01391H
  1391 C9          2577         RET
  1392             2578         ORG     01392H
  1392 2AB702      2579         LHLD    PBACK
  1395             2580         ORG     01395H
  1395 2B          2581         DCX     H
  1396             2582         ORG     01396H
  1396 22B702      2583         SHLD    PBACK
  1399             2584         ORG     01399H


ISIS-II 8080/8085 MACRO ASSEMBLER, V4.1         EDGEN    PAGE   48


  LOC  OBJ         LINE        SOURCE STATEMENT

  1399 C9          2585         RET
  139A             2586         ORG     0139AH
  139A 2AA301      2587         LHLD    PBASELINE
  139D             2588         ORG     0139DH
  139D 23          2589         INX     H
  139E             2590         ORG     0139EH
  139E 22A301      2591         SHLD    PBASELINE
  13A1             2592         ORG     013A1H
  13A1 C9          2593         RET
  13A2             2594         ORG     013A2H
  13A2 21C702      2595         LXI     H,PMOVEFLAG
  13A5             2596         ORG     013A5H
  13A5 71          2597         MOV     M,C
  13A6             2598         ORG     013A6H
  13A6 3AB302      2599         LDA     PDIRECTION
  13A9             2600         ORG     013A9H
  13A9 FE01        2601         CPI     1H
  13AB             2602         ORG     013ABH
  13AB C20000      2603         JNZ     @62
  13AE             2604         ORG     013AEH
  13AE 01BB02      2605         LXI     B,PLAST
  13B1             2606         ORG     013B1H
  13B1 11B702      2607         LXI     D,PBACK
  13B4             2608         ORG     013B4H
  13B4 CD0000      2609         CALL    QP0098
  13B7             2610         ORG     013B7H
  13B7 D20000      2611         JNC     @242
  13BA             2612         ORG     013BAH
  13BA CD9A12      2613         CALL    PINCBACK
  13BD             2614         ORG     013BDH
  13BD 3AC702      2615         LDA     PMOVEFLAG
  13C0             2616         ORG     013C0H
  13C0 1F          2617         RAR
  13C1             2618         ORG     013C1H
  13C1 D20000      2619         JNC     @63
  13C4             2620         ORG     013C4H
  13C4 2AB702      2621         LHLD    PBACK
  13C7             2622         ORG     013C7H
  13C7 010000      2623         LXI     B,PMEMORY
  13CA             2624         ORG     013CAH
  13CA 09          2625         DAD     B
  13CB             2626         ORG     013CBH
  13CB 7E          2627         MOV     A,M
  13CC             2628         ORG     013CCH
  13CC 320301      2629         STA     PC
  13CF             2630         ORG     013CFH
  13CF FE0A        2631         CPI     0AH
  13D1             2632         ORG     013D1H
  13D1 C20000      2633         JNZ     @64
  13D4             2634         ORG     013D4H
  13D4 CD9A12      2635         CALL    PINCBASE
  13D7             2636         ORG     013D7H
  13D7 2AB502      2637         LHLD    PFRONT
  13DA             2638         ORG     013DAH
  13DA 010000      2639         LXI     B,PMEMORY


ISIS-II 8080/8085 MACRO ASSEMBLER, V4.1         EDGEN    PAGE   49


  LOC  OBJ         LINE        SOURCE STATEMENT

  13DD             2640         ORG     013DDH
  13DD 09          2641         DAD     B
  13DE             2642         ORG     013DEH
  13DE 3A0301      2643         LDA     PC
  13E1             2644         ORG     013E1H
  13E1 77          2645         MOV     M,A
  13E2             2646         ORG     013E2H
  13E2 CD7A12      2647         CALL    PINCFRONT
  13E5             2648         ORG     013E5H
  13E5 C30000      2649         JMP     @241
  13E8             2650         ORG     013E8H
  13E8 C30000      2651         JMP     @65
  13EB             2652         ORG     013EBH
  13EB 11B902      2653         LXI     D,PFIRST
  13EE             2654         ORG     013EEH
  13EE 01B502      2655         LXI     B,PFRONT
  13F1             2656         ORG     013F1H
  13F1 CD0000      2657         CALL    QP0098
  13F4             2658         ORG     013F4H
  13F4 D20000      2659         JNC     @244
  13F7             2660         ORG     013F7H
  13F7 CD8A12      2661         CALL    PDECFRONT
  13FA             2662         ORG     013FAH
  13FA 2AB502      2663         LHLD    PFRONT
  13FD             2664         ORG     013FDH
  13FD 010000      2665         LXI     B,PMEMORY
  1400             2666         ORG     01400H
  1400 09          2667         DAD     B
  1401             2668         ORG     01401H
  1401 7E          2669         MOV     A,M
  1402             2670         ORG     01402H
  1402 320301      2671         STA     PC
  1405             2672         ORG     01405H
  1405 FE0A        2673         CPI     0AH
  1407             2674         ORG     01407H
  1407 C20000      2675         JNZ     @66
  140A             2676         ORG     0140AH
  140A 2AA301      2677         LHLD    PBASELINE
  140D             2678         ORG     0140DH
  140D 2B          2679         DCX     H
  140E             2680         ORG     0140EH
  140E 22A301      2681         SHLD    PBASELINE
  1411             2682         ORG     01411H
  1411 3AC702      2683         LDA     PMOVEFLAG
  1414             2684         ORG     01414H
  1414 1F          2685         RAR
  1415             2686         ORG     01415H
  1415 D20000      2687         JNC     @67
  1418             2688         ORG     01418H
  1418 2AB702      2689         LHLD    PBACK
  141B             2690         ORG     0141BH
  141B 010000      2691         LXI     B,PMEMORY
  141E             2692         ORG     0141EH
  141E 09          2693         DAD     B
  141F             2694         ORG     0141FH


ISIS-II 8080/8085 MACRO ASSEMBLER, V4.1         EDGEN    PAGE   50


  LOC  OBJ         LINE        SOURCE STATEMENT

  141F 3A0301      2695         LDA     PC
  1422             2696         ORG     01422H
  1422 77          2697         MOV     M,A
  1423             2698         ORG     01423H
  1423 CD9212      2699         CALL    PDECBACK
  1426             2700         ORG     01426H
  1426 C30000      2701         JMP     @243
  1429             2702         ORG     01429H
  1429 C9          2703         RET
  142A             2704         ORG     0142AH
  142A 0E01        2705         MVI     C,1H
  142C             2706         ORG     0142CH
  142C CDA212      2707         CALL    PMEMMOVE
  142F             2708         ORG     0142FH
  142F C9          2709         RET
  1430             2710         ORG     01430H
  1430 0E00        2711         MVI     C,0H
  1432             2712         ORG     01432H
  1432 CDA212      2713         CALL    PMEMMOVE
  1435             2714         ORG     01435H
  1435 C9          2715         RET
  1436             2716         ORG     01436H
  1436 CD9111      2717         CALL    PSETLIMITS
  1439             2718         ORG     01439H
  1439 CD2A13      2719         CALL    PMOVER
  143C             2720         ORG     0143CH
  143C C9          2721         RET
  143D             2722         ORG     0143DH
  143D 3AB302      2723         LDA     PDIRECTION
  1440             2724         ORG     01440H
  1440 FE00        2725         CPI     0H
  1442             2726         ORG     01442H
  1442 C20000      2727         JNZ     @68
  1445             2728         ORG     01445H
  1445 2AB702      2729         LHLD    PBACK
  1448             2730         ORG     01448H
  1448 22BB02      2731         SHLD    PLAST
  144B             2732         ORG     0144BH
  144B 11B502      2733         LXI     D,PFRONT
  144E             2734         ORG     0144EH
  144E 01AF02      2735         LXI     B,PDISTANCE
  1451             2736         ORG     01451H
  1451 CD0000      2737         CALL    QP0098
  1454             2738         ORG     01454H
  1454 D20000      2739         JNC     @69
  1457             2740         ORG     01457H
  1457 210100      2741         LXI     H,1H
  145A             2742         ORG     0145AH
  145A 22B902      2743         SHLD    PFIRST
  145D             2744         ORG     0145DH
  145D C30000      2745         JMP     @70
  1460             2746         ORG     01460H
  1460 01AF02      2747         LXI     B,PDISTANCE
  1463             2748         ORG     01463H
  1463 11B502      2749         LXI     D,PFRONT


ISIS-II 8080/8085 MACRO ASSEMBLER, V4.1         EDGEN    PAGE   51


  LOC  OBJ         LINE        SOURCE STATEMENT

  1466             2750         ORG     01466H
  1466 CD0000      2751         CALL    QP0098
  1469             2752         ORG     01469H
  1469 22B902      2753         SHLD    PFIRST
  146C             2754         ORG     0146CH
  146C C30000      2755         JMP     @71
  146F             2756         ORG     0146FH
  146F 2AB502      2757         LHLD    PFRONT
  1472             2758         ORG     01472H
  1472 22B902      2759         SHLD    PFIRST
  1475             2760         ORG     01475H
  1475 01B702      2761         LXI     B,PBACK
  1478             2762         ORG     01478H
  1478 110000      2763         LXI     D,PMAX
  147B             2764         ORG     0147BH
  147B CD0000      2765         CALL    QP0098
  147E             2766         ORG     0147EH
  147E 11AF02      2767         LXI     D,PDISTANCE
  1481             2768         ORG     01481H
  1481 CD0000      2769         CALL    QP0102
  1484             2770         ORG     01484H
  1484 DA0000      2771         JC      @72
  1487             2772         ORG     01487H
  1487 2A0200      2773         LHLD    PMAXM
  148A             2774         ORG     0148AH
  148A 22BB02      2775         SHLD    PLAST
  148D             2776         ORG     0148DH
  148D C30000      2777         JMP     @73
  1490             2778         ORG     01490H
  1490 2AAF02      2779         LHLD    PDISTANCE
  1493             2780         ORG     01493H
  1493 EB          2781         XCHG
  1494             2782         ORG     01494H
  1494 2AB702      2783         LHLD    PBACK
  1497             2784         ORG     01497H
  1497 19          2785         DAD     D
  1498             2786         ORG     01498H
  1498 22BB02      2787         SHLD    PLAST
  149B             2788         ORG     0149BH
  149B C9          2789         RET
  14DC             2790         ORG     014DCH
  14DC 21AD01      2791         LXI     H,PB
  14DF             2792         ORG     014DFH
  14DF 71          2793         MOV     M,C
  14E0             2794         ORG     014E0H
  14E0 3AA302      2795         LDA     PUPPER
  14E3             2796         ORG     014E3H
  14E3 1F          2797         RAR
  14E4             2798         ORG     014E4H
  14E4 D20000      2799         JNC     @74
  14E7             2800         ORG     014E7H
  14E7 2AAD01      2801         LHLD    PB
  14EA             2802         ORG     014EAH
  14EA 4D          2803         MOV     C,L
  14EB             2804         ORG     014EBH


ISIS-II 8080/8085 MACRO ASSEMBLER, V4.1         EDGEN    PAGE   52


  LOC  OBJ         LINE        SOURCE STATEMENT

  14EB CD730F      2805         CALL    PUTRAN
  14EE             2806         ORG     014EEH
  14EE C9          2807         RET
  14EF             2808         ORG     014EFH
  14EF 3AAD01      2809         LDA     PB
  14F2             2810         ORG     014F2H
  14F2 C9          2811         RET
  149C             2812         ORG     0149CH
  149C 01B702      2813         LXI     B,PBACK
  149F             2814         ORG     0149FH
  149F 11B502      2815         LXI     D,PFRONT
  14A2             2816         ORG     014A2H
  14A2 CD0000      2817         CALL    QP0098
  14A5             2818         ORG     014A5H
  14A5 DA0000      2819         JC      @75
  14A8             2820         ORG     014A8H
  14A8 C3D901      2821         JMP     POVERFLOW
  14AB             2822         ORG     014ABH
  14AB CDBC0D      2823         CALL    PGETSOURCE
  14AE             2824         ORG     014AEH
  14AE 4F          2825         MOV     C,A
  14AF             2826         ORG     014AFH
  14AF CDDC13      2827         CALL    PCTRAN
  14B2             2828         ORG     014B2H
  14B2 32AD01      2829         STA     PB
  14B5             2830         ORG     014B5H
  14B5 FE1A        2831         CPI     1AH
  14B7             2832         ORG     014B7H
  14B7 C20000      2833         JNZ     @76
  14BA             2834         ORG     014BAH
  14BA CD7611      2835         CALL    PZERODIST
  14BD             2836         ORG     014BDH
  14BD C9          2837         RET
  14BE             2838         ORG     014BEH
  14BE 2AB502      2839         LHLD    PFRONT
  14C1             2840         ORG     014C1H
  14C1 010000      2841         LXI     B,PMEMORY
  14C4             2842         ORG     014C4H
  14C4 09          2843         DAD     B
  14C5             2844         ORG     014C5H
  14C5 3AAD01      2845         LDA     PB
  14C8             2846         ORG     014C8H
  14C8 77          2847         MOV     M,A
  14C9             2848         ORG     014C9H
  14C9 CD7A12      2849         CALL    PINCFRONT
  14CC             2850         ORG     014CCH
  14CC 3AAD01      2851         LDA     PB
  14CF             2852         ORG     014CFH
  14CF FE0A        2853         CPI     0AH
  14D1             2854         ORG     014D1H
  14D1 C20000      2855         JNZ     @77
  14D4             2856         ORG     014D4H
  14D4 CD9A12      2857         CALL    PINCBASE
  14D7             2858         ORG     014D7H
  14D7 C9          2859         RET


ISIS-II 8080/8085 MACRO ASSEMBLER, V4.1         EDGEN    PAGE   53


  LOC  OBJ         LINE        SOURCE STATEMENT

  14D8             2860         ORG     014D8H
  14D8 C30000      2861         JMP     @245
  14DB             2862         ORG     014DBH
  14DB C9          2863         RET
  14F3             2864         ORG     014F3H
  14F3 010200      2865         LXI     B,PMAXM
  14F6             2866         ORG     014F6H
  14F6 11B702      2867         LXI     D,PBACK
  14F9             2868         ORG     014F9H
  14F9 CD0000      2869         CALL    QP0098
  14FC             2870         ORG     014FCH
  14FC DA0000      2871         JC      @78
  14FF             2872         ORG     014FFH
  14FF CD7611      2873         CALL    PZERODIST
  1502             2874         ORG     01502H
  1502 C9          2875         RET
  1503             2876         ORG     01503H
  1503 CD9A12      2877         CALL    PINCBACK
  1506             2878         ORG     01506H
  1506 2AB702      2879         LHLD    PBACK
  1509             2880         ORG     01509H
  1509 010000      2881         LXI     B,PMEMORY
  150C             2882         ORG     0150CH
  150C 09          2883         DAD     B
  150D             2884         ORG     0150DH
  150D 7E          2885         MOV     A,M
  150E             2886         ORG     0150EH
  150E 32AD01      2887         STA     PB
  1511             2888         ORG     01511H
  1511 4F          2889         MOV     C,A
  1512             2890         ORG     01512H
  1512 CD4C0E      2891         CALL    PPUTDEST
  1515             2892         ORG     01515H
  1515 3AAD01      2893         LDA     PB
  1518             2894         ORG     01518H
  1518 FE0A        2895         CPI     0AH
  151A             2896         ORG     0151AH
  151A C20000      2897         JNZ     @79
  151D             2898         ORG     0151DH
  151D CD9A12      2899         CALL    PINCBASE
  1520             2900         ORG     01520H
  1520 C9          2901         RET
  1521             2902         ORG     01521H
  1521 C30000      2903         JMP     @247
  1524             2904         ORG     01524H
  1524 C9          2905         RET
  1525             2906         ORG     01525H
  1525 CD6211      2907         CALL    PSETFF
  1528             2908         ORG     01528H
  1528 CD7D11      2909         CALL    PDISTNZERO
  152B             2910         ORG     0152BH
  152B 1F          2911         RAR
  152C             2912         ORG     0152CH
  152C D20000      2913         JNC     @250
  152F             2914         ORG     0152FH


ISIS-II 8080/8085 MACRO ASSEMBLER, V4.1         EDGEN    PAGE   54


  LOC  OBJ         LINE        SOURCE STATEMENT

  152F 01B702      2915         LXI     B,PBACK
  1532             2916         ORG     01532H
  1532 110200      2917         LXI     D,PMAXM
  1535             2918         ORG     01535H
  1535 CD0000      2919         CALL    QP0098
  1538             2920         ORG     01538H
  1538 110400      2921         LXI     D,PHMAX
  153B             2922         ORG     0153BH
  153B CD0000      2923         CALL    QP0102
  153E             2924         ORG     0153EH
  153E DA0000      2925         JC      @80
  1541             2926         ORG     01541H
  1541 CD7611      2927         CALL    PZERODIST
  1544             2928         ORG     01544H
  1544 C30000      2929         JMP     @81
  1547             2930         ORG     01547H
  1547 CD4E14      2931         CALL    PWRITELINE
  154A             2932         ORG     0154AH
  154A C30000      2933         JMP     @249
  154D             2934         ORG     0154DH
  154D C9          2935         RET
  154E             2936         ORG     0154EH
  154E 21B302      2937         LXI     H,PDIRECTION
  1551             2938         ORG     01551H
  1551 3600        2939         MVI     M,0H
  1553             2940         ORG     01553H
  1553 210100      2941         LXI     H,1H
  1556             2942         ORG     01556H
  1556 22B902      2943         SHLD    PFIRST
  1559             2944         ORG     01559H
  1559 2AB702      2945         LHLD    PBACK
  155C             2946         ORG     0155CH
  155C 22BB02      2947         SHLD    PLAST
  155F             2948         ORG     0155FH
  155F CD2A13      2949         CALL    PMOVER
  1562             2950         ORG     01562H
  1562 CD6911      2951         CALL    PDISTZERO
  1565             2952         ORG     01565H
  1565 1F          2953         RAR
  1566             2954         ORG     01566H
  1566 D20000      2955         JNC     @82
  1569             2956         ORG     01569H
  1569 CD2514      2957         CALL    PWRHALF
  156C             2958         ORG     0156CH
  156C CD7D11      2959         CALL    PDISTNZERO
  156F             2960         ORG     0156FH
  156F 1F          2961         RAR
  1570             2962         ORG     01570H
  1570 D20000      2963         JNC     @252
  1573             2964         ORG     01573H
  1573 CD4E14      2965         CALL    PWRITELINE
  1576             2966         ORG     01576H
  1576 C30000      2967         JMP     @251
  1579             2968         ORG     01579H
  1579 01BB02      2969         LXI     B,PLAST


ISIS-II 8080/8085 MACRO ASSEMBLER, V4.1         EDGEN    PAGE   55


  LOC  OBJ         LINE        SOURCE STATEMENT

  157C             2970         ORG     0157CH
  157C 11B702      2971         LXI     D,PBACK
  157F             2972         ORG     0157FH
  157F CD0000      2973         CALL    QP0098
  1582             2974         ORG     01582H
  1582 D20000      2975         JNC     @83
  1585             2976         ORG     01585H
  1585 21B302      2977         LXI     H,PDIRECTION
  1588             2978         ORG     01588H
  1588 3601        2979         MVI     M,1H
  158A             2980         ORG     0158AH
  158A CD2A13      2981         CALL    PMOVER
  158D             2982         ORG     0158DH
  158D C9          2983         RET
  158E             2984         ORG     0158EH
  158E CD6211      2985         CALL    PSETFF
  1591             2986         ORG     01591H
  1591 CD4E14      2987         CALL    PWRITEOUT
  1594             2988         ORG     01594H
  1594 C9          2989         RET
  1595             2990         ORG     01595H
  1595 CD8E14      2991         CALL    PCLEARMEM
  1598             2992         ORG     01598H
  1598 CDBC0D      2993         CALL    PGETSOURCE
  159B             2994         ORG     0159BH
  159B 32FA00      2995         STA     PCHAR
  159E             2996         ORG     0159EH
  159E FE1A        2997         CPI     1AH
  15A0             2998         ORG     015A0H
  15A0 CA0000      2999         JZ      @254
  15A3             3000         ORG     015A3H
  15A3 2AFA00      3001         LHLD    PCHAR
  15A6             3002         ORG     015A6H
  15A6 4D          3003         MOV     C,L
  15A7             3004         ORG     015A7H
  15A7 CD4C0E      3005         CALL    PPUTDEST
  15AA             3006         ORG     015AAH
  15AA C30000      3007         JMP     @253
  15AD             3008         ORG     015ADH
  15AD CDA70E      3009         CALL    PFINIS
  15B0             3010         ORG     015B0H
  15B0 C9          3011         RET
  15B1             3012         ORG     015B1H
  15B1 01B702      3013         LXI     B,PBACK
  15B4             3014         ORG     015B4H
  15B4 11B502      3015         LXI     D,PFRONT
  15B7             3016         ORG     015B7H
  15B7 CD0000      3017         CALL    QP0098
  15BA             3018         ORG     015BAH
  15BA B5          3019         ORA     L
  15BB             3020         ORG     015BBH
  15BB C20000      3021         JNZ     @84
  15BE             3022         ORG     015BEH
  15BE C3D901      3023         JMP     POVERFLOW
  15C1             3024         ORG     015C1H


ISIS-II 8080/8085 MACRO ASSEMBLER, V4.1         EDGEN    PAGE   56


  LOC  OBJ         LINE        SOURCE STATEMENT

  15C1 2AB502      3025         LHLD    PFRONT
  15C4             3026         ORG     015C4H
  15C4 010000      3027         LXI     B,PMEMORY
  15C7             3028         ORG     015C7H
  15C7 09          3029         DAD     B
  15C8             3030         ORG     015C8H
  15C8 3AFA00      3031         LDA     PCHAR
  15CB             3032         ORG     015CBH
  15CB 77          3033         MOV     M,A
  15CC             3034         ORG     015CCH
  15CC CD7A12      3035         CALL    PINCFRONT
  15CF             3036         ORG     015CFH
  15CF 3AFA00      3037         LDA     PCHAR
  15D2             3038         ORG     015D2H
  15D2 FE0A        3039         CPI     0AH
  15D4             3040         ORG     015D4H
  15D4 C20000      3041         JNZ     @85
  15D7             3042         ORG     015D7H
  15D7 CD9A12      3043         CALL    PINCBASE
  15DA             3044         ORG     015DAH
  15DA C9          3045         RET
  15DB             3046         ORG     015DBH
  15DB CD9717      3047         CALL    PREADC
  15DE             3048         ORG     015DEH
  15DE 32FA00      3049         STA     PCHAR
  15E1             3050         ORG     015E1H
  15E1 D61A        3051         SUI     1AH
  15E3             3052         ORG     015E3H
  15E3 D601        3053         SUI     1
  15E5             3054         ORG     015E5H
  15E5 9F          3055         SBB     A
  15E6             3056         ORG     015E6H
  15E6 F5          3057         PUSH    PSW     ; 1
  15E7             3058         ORG     015E7H
  15E7 3AFA00      3059         LDA     PCHAR
  15EA             3060         ORG     015EAH
  15EA D60D        3061         SUI     0DH
  15EC             3062         ORG     015ECH
  15EC D601        3063         SUI     1
  15EE             3064         ORG     015EEH
  15EE 9F          3065         SBB     A
  15EF             3066         ORG     015EFH
  15EF F5          3067         PUSH    PSW     ; 2
  15F0             3068         ORG     015F0H
  15F0 3AB114      3069         LDA     PINSERTING
  15F3             3070         ORG     015F3H
  15F3 2F          3071         CMA
  15F4             3072         ORG     015F4H
  15F4 C1          3073         POP     B       ; 2
  15F5             3074         ORG     015F5H
  15F5 48          3075         MOV     C,B
  15F6             3076         ORG     015F6H
  15F6 A1          3077         ANA     C
  15F7             3078         ORG     015F7H
  15F7 C1          3079         POP     B       ; 1


ISIS-II 8080/8085 MACRO ASSEMBLER, V4.1         EDGEN    PAGE   57


  LOC  OBJ         LINE        SOURCE STATEMENT

  15F8             3080         ORG     015F8H
  15F8 48          3081         MOV     C,B
  15F9             3082         ORG     015F9H
  15F9 B1          3083         ORA     C
  15FA             3084         ORG     015FAH
  15FA 2F          3085         CMA
  15FB             3086         ORG     015FBH
  15FB C9          3087         RET
  162A             3088         ORG     0162AH
  162A 2A9702      3089         LHLD    PWBE
  162D             3090         ORG     0162DH
  162D 2600        3091         MVI     H,0
  162F             3092         ORG     0162FH
  162F 013202      3093         LXI     B,PSCRATCH
  1632             3094         ORG     01632H
  1632 09          3095         DAD     B
  1633             3096         ORG     01633H
  1633 3AFA00      3097         LDA     PCHAR
  1636             3098         ORG     01636H
  1636 77          3099         MOV     M,A
  1637             3100         ORG     01637H
  1637 3A9702      3101         LDA     PWBE
  163A             3102         ORG     0163AH
  163A 3C          3103         INR     A
  163B             3104         ORG     0163BH
  163B 329702      3105         STA     PWBE
  163E             3106         ORG     0163EH
  163E FE64        3107         CPI     64H
  1640             3108         ORG     01640H
  1640 DA0000      3109         JC      @86
  1643             3110         ORG     01643H
  1643 C3D901      3111         JMP     POVERFLOW
  1646             3112         ORG     01646H
  1646 C9          3113         RET
  15FC             3114         ORG     015FCH
  15FC CDDB14      3115         CALL    PSCANNING
  15FF             3116         ORG     015FFH
  15FF 1F          3117         RAR
  1600             3118         ORG     01600H
  1600 D20000      3119         JNC     @256
  1603             3120         ORG     01603H
  1603 3AFA00      3121         LDA     PCHAR
  1606             3122         ORG     01606H
  1606 FE0C        3123         CPI     0CH
  1608             3124         ORG     01608H
  1608 C20000      3125         JNZ     @87
  160B             3126         ORG     0160BH
  160B 21FA00      3127         LXI     H,PCHAR
  160E             3128         ORG     0160EH
  160E 360D        3129         MVI     M,0DH
  1610             3130         ORG     01610H
  1610 CD2A15      3131         CALL    PSETSCR
  1613             3132         ORG     01613H
  1613 21FA00      3133         LXI     H,PCHAR
  1616             3134         ORG     01616H


ISIS-II 8080/8085 MACRO ASSEMBLER, V4.1         EDGEN    PAGE   58


  LOC  OBJ         LINE        SOURCE STATEMENT

  1616 360A        3135         MVI     M,0AH
  1618             3136         ORG     01618H
  1618 3AFA00      3137         LDA     PCHAR
  161B             3138         ORG     0161BH
  161B FE00        3139         CPI     0H
  161D             3140         ORG     0161DH
  161D C20000      3141         JNZ     @88
  1620             3142         ORG     01620H
  1620 C3CE01      3143         JMP     PBADCOM
  1623             3144         ORG     01623H
  1623 CD2A15      3145         CALL    PSETSCR
  1626             3146         ORG     01626H
  1626 C30000      3147         JMP     @255
  1629             3148         ORG     01629H
  1629 C9          3149         RET
  1647             3150         ORG     01647H
  1647 21CD02      3151         LXI     H,PPB
  164A             3152         ORG     0164AH
  164A 73          3153         MOV     M,E
  164B             3154         ORG     0164BH
  164B 2B          3155         DCX     H
  164C             3156         ORG     0164CH
  164C 71          3157         MOV     M,C
  164D             3158         ORG     0164DH
  164D 2AB702      3159         LHLD    PBACK
  1650             3160         ORG     01650H
  1650 220201      3161         SHLD    PJ
  1653             3162         ORG     01653H
  1653 21D102      3163         LXI     H,PMATCH
  1656             3164         ORG     01656H
  1656 3600        3165         MVI     M,0H
  1658             3166         ORG     01658H
  1658 3AD102      3167         LDA     PMATCH
  165B             3168         ORG     0165BH
  165B 2F          3169         CMA
  165C             3170         ORG     0165CH
  165C 110201      3171         LXI     D,PJ
  165F             3172         ORG     0165FH
  165F 010200      3173         LXI     B,PMAXM
  1662             3174         ORG     01662H
  1662 F5          3175         PUSH    PSW     ; 1
  1663             3176         ORG     01663H
  1663 CD0000      3177         CALL    QP0098
  1666             3178         ORG     01666H
  1666 9F          3179         SBB     A
  1667             3180         ORG     01667H
  1667 C1          3181         POP     B       ; 1
  1668             3182         ORG     01668H
  1668 48          3183         MOV     C,B
  1669             3184         ORG     01669H
  1669 A1          3185         ANA     C
  166A             3186         ORG     0166AH
  166A 1F          3187         RAR
  166B             3188         ORG     0166BH
  166B D20000      3189         JNC     @258


ISIS-II 8080/8085 MACRO ASSEMBLER, V4.1         EDGEN    PAGE   59


  LOC  OBJ         LINE        SOURCE STATEMENT

  166E             3190         ORG     0166EH
  166E 2A0201      3191         LHLD    PJ
  1671             3192         ORG     01671H
  1671 23          3193         INX     H
  1672             3194         ORG     01672H
  1672 22BB02      3195         SHLD    PLAST
  1675             3196         ORG     01675H
  1675 220201      3197         SHLD    PJ
  1678             3198         ORG     01678H
  1678 3ACC02      3199         LDA     PPA
  167B             3200         ORG     0167BH
  167B 32AB02      3201         STA     PK
  167E             3202         ORG     0167EH
  167E 2AAB02      3203         LHLD    PK
  1681             3204         ORG     01681H
  1681 2600        3205         MVI     H,0
  1683             3206         ORG     01683H
  1683 013202      3207         LXI     B,PSCRATCH
  1686             3208         ORG     01686H
  1686 09          3209         DAD     B
  1687             3210         ORG     01687H
  1687 E5          3211         PUSH    H       ; 1
  1688             3212         ORG     01688H
  1688 2ABB02      3213         LHLD    PLAST
  168B             3214         ORG     0168BH
  168B 010000      3215         LXI     B,PMEMORY
  168E             3216         ORG     0168EH
  168E 09          3217         DAD     B
  168F             3218         ORG     0168FH
  168F D1          3219         POP     D       ; 1
  1690             3220         ORG     01690H
  1690 1A          3221         LDAX    D
  1691             3222         ORG     01691H
  1691 96          3223         SUB     M
  1692             3224         ORG     01692H
  1692 D601        3225         SUI     1
  1694             3226         ORG     01694H
  1694 9F          3227         SBB     A
  1695             3228         ORG     01695H
  1695 21CD02      3229         LXI     H,PPB
  1698             3230         ORG     01698H
  1698 F5          3231         PUSH    PSW     ; 1
  1699             3232         ORG     01699H
  1699 3AAB02      3233         LDA     PK
  169C             3234         ORG     0169CH
  169C 96          3235         SUB     M
  169D             3236         ORG     0169DH
  169D D601        3237         SUI     1
  169F             3238         ORG     0169FH
  169F 9F          3239         SBB     A
  16A0             3240         ORG     016A0H
  16A0 32D102      3241         STA     PMATCH
  16A3             3242         ORG     016A3H
  16A3 2F          3243         CMA
  16A4             3244         ORG     016A4H


ISIS-II 8080/8085 MACRO ASSEMBLER, V4.1         EDGEN    PAGE   60


  LOC  OBJ         LINE        SOURCE STATEMENT

  16A4 C1          3245         POP     B       ; 1
  16A5             3246         ORG     016A5H
  16A5 48          3247         MOV     C,B
  16A6             3248         ORG     016A6H
  16A6 A1          3249         ANA     C
  16A7             3250         ORG     016A7H
  16A7 1F          3251         RAR
  16A8             3252         ORG     016A8H
  16A8 D20000      3253         JNC     @260
  16AB             3254         ORG     016ABH
  16AB 21AB02      3255         LXI     H,PK
  16AE             3256         ORG     016AEH
  16AE 34          3257         INR     M
  16AF             3258         ORG     016AFH
  16AF 2ABB02      3259         LHLD    PLAST
  16B2             3260         ORG     016B2H
  16B2 23          3261         INX     H
  16B3             3262         ORG     016B3H
  16B3 22BB02      3263         SHLD    PLAST
  16B6             3264         ORG     016B6H
  16B6 C30000      3265         JMP     @259
  16B9             3266         ORG     016B9H
  16B9 C30000      3267         JMP     @257
  16BC             3268         ORG     016BCH
  16BC 3AD102      3269         LDA     PMATCH
  16BF             3270         ORG     016BFH
  16BF 1F          3271         RAR
  16C0             3272         ORG     016C0H
  16C0 D20000      3273         JNC     @89
  16C3             3274         ORG     016C3H
  16C3 2ABB02      3275         LHLD    PLAST
  16C6             3276         ORG     016C6H
  16C6 2B          3277         DCX     H
  16C7             3278         ORG     016C7H
  16C7 22BB02      3279         SHLD    PLAST
  16CA             3280         ORG     016CAH
  16CA CD2A13      3281         CALL    PMOVER
  16CD             3282         ORG     016CDH
  16CD 3AD102      3283         LDA     PMATCH
  16D0             3284         ORG     016D0H
  16D0 C9          3285         RET
  16D1             3286         ORG     016D1H
  16D1 219702      3287         LXI     H,PWBE
  16D4             3288         ORG     016D4H
  16D4 3600        3289         MVI     M,0H
  16D6             3290         ORG     016D6H
  16D6 CDFC14      3291         CALL    PCOLLECT
  16D9             3292         ORG     016D9H
  16D9 3A9702      3293         LDA     PWBE
  16DC             3294         ORG     016DCH
  16DC 329602      3295         STA     PWBP
  16DF             3296         ORG     016DFH
  16DF C9          3297         RET
  16E0             3298         ORG     016E0H
  16E0 2A9602      3299         LHLD    PWBP


ISIS-II 8080/8085 MACRO ASSEMBLER, V4.1         EDGEN    PAGE   61


  LOC  OBJ         LINE        SOURCE STATEMENT

  16E3             3300         ORG     016E3H
  16E3 EB          3301         XCHG
  16E4             3302         ORG     016E4H
  16E4 0E00        3303         MVI     C,0H
  16E6             3304         ORG     016E6H
  16E6 CD4715      3305         CALL    PFIND
  16E9             3306         ORG     016E9H
  16E9 1F          3307         RAR
  16EA             3308         ORG     016EAH
  16EA DA0000      3309         JC      @90
  16ED             3310         ORG     016EDH
  16ED C3C301      3311         JMP     POVERCOUNT
  16F0             3312         ORG     016F0H
  16F0 C9          3313         RET
  16F1             3314         ORG     016F1H
  16F1 2AFA00      3315         LHLD    PCHAR
  16F4             3316         ORG     016F4H
  16F4 4D          3317         MOV     C,L
  16F5             3318         ORG     016F5H
  16F5 CD5A0F      3319         CALL    PUCASE
  16F8             3320         ORG     016F8H
  16F8 F5          3321         PUSH    PSW     ; 1
  16F9             3322         ORG     016F9H
  16F9 3A2700      3323         LDA     PRBP
  16FC             3324         ORG     016FCH
  16FC 3C          3325         INR     A
  16FD             3326         ORG     016FDH
  16FD 322700      3327         STA     PRBP
  1700             3328         ORG     01700H
  1700 3D          3329         DCR     A
  1701             3330         ORG     01701H
  1701 4F          3331         MOV     C,A
  1702             3332         ORG     01702H
  1702 0600        3333         MVI     B,0
  1704             3334         ORG     01704H
  1704 210600      3335         LXI     H,PRFCB
  1707             3336         ORG     01707H
  1707 09          3337         DAD     B
  1708             3338         ORG     01708H
  1708 C1          3339         POP     B       ; 1
  1709             3340         ORG     01709H
  1709 48          3341         MOV     C,B
  170A             3342         ORG     0170AH
  170A 71          3343         MOV     M,C
  170B             3344         ORG     0170BH
  170B C9          3345         RET
  170C             3346         ORG     0170CH
  170C 2AA501      3347         LHLD    PRELLINE
  170F             3348         ORG     0170FH
  170F EB          3349         XCHG
  1710             3350         ORG     01710H
  1710 2AA301      3351         LHLD    PBASELINE
  1713             3352         ORG     01713H
  1713 19          3353         DAD     D
  1714             3354         ORG     01714H


ISIS-II 8080/8085 MACRO ASSEMBLER, V4.1         EDGEN    PAGE   62


  LOC  OBJ         LINE        SOURCE STATEMENT

  1714 44          3355         MOV     B,H
  1715             3356         ORG     01715H
  1715 4D          3357         MOV     C,L
  1716             3358         ORG     01716H
  1716 CD0C16      3359         CALL    PPRINTLINE
  1719             3360         ORG     01719H
  1719 C9          3361         RET
  171A             3362         ORG     0171AH
  171A CD9111      3363         CALL    PSETLIMITS
  171D             3364         ORG     0171DH
  171D 21B114      3365         LXI     H,PINSERTING
  1720             3366         ORG     01720H
  1720 3601        3367         MVI     M,1H
  1722             3368         ORG     01722H
  1722 3AB302      3369         LDA     PDIRECTION
  1725             3370         ORG     01725H
  1725 FE01        3371         CPI     1H
  1727             3372         ORG     01727H
  1727 C20000      3373         JNZ     @91
  172A             3374         ORG     0172AH
  172A 210000      3375         LXI     H,0H
  172D             3376         ORG     0172DH
  172D 22A501      3377         SHLD    PRELLINE
  1730             3378         ORG     01730H
  1730 2AB502      3379         LHLD    PFRONT
  1733             3380         ORG     01733H
  1733 220101      3381         SHLD    PI
  1736             3382         ORG     01736H
  1736 C30000      3383         JMP     @92
  1739             3384         ORG     01739H
  1739 2AB902      3385         LHLD    PFIRST
  173C             3386         ORG     0173CH
  173C 220101      3387         SHLD    PI
  173F             3388         ORG     0173FH
  173F 2A0101      3389         LHLD    PI
  1742             3390         ORG     01742H
  1742 2B          3391         DCX     H
  1743             3392         ORG     01743H
  1743 010000      3393         LXI     B,PMEMORY
  1746             3394         ORG     01746H
  1746 09          3395         DAD     B
  1747             3396         ORG     01747H
  1747 7E          3397         MOV     A,M
  1748             3398         ORG     01748H
  1748 320301      3399         STA     PC
  174B             3400         ORG     0174BH
  174B D60A        3401         SUI     0AH
  174D             3402         ORG     0174DH
  174D D601        3403         SUI     1
  174F             3404         ORG     0174FH
  174F 9F          3405         SBB     A
  1750             3406         ORG     01750H
  1750 F5          3407         PUSH    PSW     ; 1
  1751             3408         ORG     01751H
  1751 3AFB00      3409         LDA     PCOLUMN


ISIS-II 8080/8085 MACRO ASSEMBLER, V4.1         EDGEN    PAGE   63


  LOC  OBJ         LINE        SOURCE STATEMENT

  1754             3410         ORG     01754H
  1754 D600        3411         SUI     0H
  1756             3412         ORG     01756H
  1756 C6FF        3413         ADI     255
  1758             3414         ORG     01758H
  1758 9F          3415         SBB     A
  1759             3416         ORG     01759H
  1759 C1          3417         POP     B       ; 1
  175A             3418         ORG     0175AH
  175A 48          3419         MOV     C,B
  175B             3420         ORG     0175BH
  175B A1          3421         ANA     C
  175C             3422         ORG     0175CH
  175C 1F          3423         RAR
  175D             3424         ORG     0175DH
  175D D20000      3425         JNC     @93
  1760             3426         ORG     01760H
  1760 CDD10A      3427         CALL    PCRLF
  1763             3428         ORG     01763H
  1763 2AB902      3429         LHLD    PFIRST
  1766             3430         ORG     01766H
  1766 220101      3431         SHLD    PI
  1769             3432         ORG     01769H
  1769 11BB02      3433         LXI     D,PLAST
  176C             3434         ORG     0176CH
  176C 010101      3435         LXI     B,PI
  176F             3436         ORG     0176FH
  176F CD0000      3437         CALL    QP0098
  1772             3438         ORG     01772H
  1772 DA0000      3439         JC      @262
  1775             3440         ORG     01775H
  1775 3A0301      3441         LDA     PC
  1778             3442         ORG     01778H
  1778 FE0A        3443         CPI     0AH
  177A             3444         ORG     0177AH
  177A C20000      3445         JNZ     @94
  177D             3446         ORG     0177DH
  177D CD0C16      3447         CALL    PPRINTREL
  1780             3448         ORG     01780H
  1780 2AA501      3449         LHLD    PRELLINE
  1783             3450         ORG     01783H
  1783 23          3451         INX     H
  1784             3452         ORG     01784H
  1784 22A501      3453         SHLD    PRELLINE
  1787             3454         ORG     01787H
  1787 CDA60B      3455         CALL    PBREAKKEY
  178A             3456         ORG     0178AH
  178A 1F          3457         RAR
  178B             3458         ORG     0178BH
  178B D20000      3459         JNC     @95
  178E             3460         ORG     0178EH
  178E C3C301      3461         JMP     POVERCOUNT
  1791             3462         ORG     01791H
  1791 2A0101      3463         LHLD    PI
  1794             3464         ORG     01794H


ISIS-II 8080/8085 MACRO ASSEMBLER, V4.1         EDGEN    PAGE   64


  LOC  OBJ         LINE        SOURCE STATEMENT

  1794 010000      3465         LXI     B,PMEMORY
  1797             3466         ORG     01797H
  1797 09          3467         DAD     B
  1798             3468         ORG     01798H
  1798 7E          3469         MOV     A,M
  1799             3470         ORG     01799H
  1799 320301      3471         STA     PC
  179C             3472         ORG     0179CH
  179C 4F          3473         MOV     C,A
  179D             3474         ORG     0179DH
  179D CD0C16      3475         CALL    PPRINTC
  17A0             3476         ORG     017A0H
  17A0 110100      3477         LXI     D,1H
  17A3             3478         ORG     017A3H
  17A3 2A0101      3479         LHLD    PI
  17A6             3480         ORG     017A6H
  17A6 19          3481         DAD     D
  17A7             3482         ORG     017A7H
  17A7 220101      3483         SHLD    PI
  17AA             3484         ORG     017AAH
  17AA D20000      3485         JNC     @261
  17AD             3486         ORG     017ADH
  17AD C9          3487         RET
  17AE             3488         ORG     017AEH
  17AE 211700      3489         LXI     H,17H
  17B1             3490         ORG     017B1H
  17B1 22AF02      3491         SHLD    PDISTANCE
  17B4             3492         ORG     017B4H
  17B4 C9          3493         RET
  17B5             3494         ORG     017B5H
  17B5 2AAF02      3495         LHLD    PDISTANCE
  17B8             3496         ORG     017B8H
  17B8 22B102      3497         SHLD    PTDIST
  17BB             3498         ORG     017BBH
  17BB C9          3499         RET
  17BC             3500         ORG     017BCH
  17BC 2AB102      3501         LHLD    PTDIST
  17BF             3502         ORG     017BFH
  17BF 22AF02      3503         SHLD    PDISTANCE
  17C2             3504         ORG     017C2H
  17C2 C9          3505         RET
  17C3             3506         ORG     017C3H
  17C3 CDB516      3507         CALL    PSAVEDIST
  17C6             3508         ORG     017C6H
  17C6 CDAE16      3509         CALL    PSETLPP
  17C9             3510         ORG     017C9H
  17C9 CD3613      3511         CALL    PMOVELINES
  17CC             3512         ORG     017CCH
  17CC 3AB302      3513         LDA     PDIRECTION
  17CF             3514         ORG     017CFH
  17CF 320101      3515         STA     PI
  17D2             3516         ORG     017D2H
  17D2 21B302      3517         LXI     H,PDIRECTION
  17D5             3518         ORG     017D5H
  17D5 3601        3519         MVI     M,1H


ISIS-II 8080/8085 MACRO ASSEMBLER, V4.1         EDGEN    PAGE   65


  LOC  OBJ         LINE        SOURCE STATEMENT

  17D7             3520         ORG     017D7H
  17D7 CDAE16      3521         CALL    PSETLPP
  17DA             3522         ORG     017DAH
  17DA CD1A16      3523         CALL    PTYPELINES
  17DD             3524         ORG     017DDH
  17DD 3A0101      3525         LDA     PI
  17E0             3526         ORG     017E0H
  17E0 32B302      3527         STA     PDIRECTION
  17E3             3528         ORG     017E3H
  17E3 010200      3529         LXI     B,PMAXM
  17E6             3530         ORG     017E6H
  17E6 11BB02      3531         LXI     D,PLAST
  17E9             3532         ORG     017E9H
  17E9 CD0000      3533         CALL    QP0098
  17EC             3534         ORG     017ECH
  17EC B5          3535         ORA     L
  17ED             3536         ORG     017EDH
  17ED D601        3537         SUI     1
  17EF             3538         ORG     017EFH
  17EF 9F          3539         SBB     A
  17F0             3540         ORG     017F0H
  17F0 F5          3541         PUSH    PSW     ; 1
  17F1             3542         ORG     017F1H
  17F1 3E01        3543         MVI     A,1H
  17F3             3544         ORG     017F3H
  17F3 11B902      3545         LXI     D,PFIRST
  17F6             3546         ORG     017F6H
  17F6 CD0000      3547         CALL    QP0101
  17F9             3548         ORG     017F9H
  17F9 B5          3549         ORA     L
  17FA             3550         ORG     017FAH
  17FA D601        3551         SUI     1
  17FC             3552         ORG     017FCH
  17FC 9F          3553         SBB     A
  17FD             3554         ORG     017FDH
  17FD C1          3555         POP     B       ; 1
  17FE             3556         ORG     017FEH
  17FE 48          3557         MOV     C,B
  17FF             3558         ORG     017FFH
  17FF B1          3559         ORA     C
  1800             3560         ORG     01800H
  1800 1F          3561         RAR
  1801             3562         ORG     01801H
  1801 D20000      3563         JNC     @96
  1804             3564         ORG     01804H
  1804 CD7611      3565         CALL    PZERODIST
  1807             3566         ORG     01807H
  1807 C30000      3567         JMP     @97
  180A             3568         ORG     0180AH
  180A CDBC16      3569         CALL    PRESTDIST
  180D             3570         ORG     0180DH
  180D C9          3571         RET
  180E             3572         ORG     0180EH
  180E 210101      3573         LXI     H,PI
  1811             3574         ORG     01811H


ISIS-II 8080/8085 MACRO ASSEMBLER, V4.1         EDGEN    PAGE   66


  LOC  OBJ         LINE        SOURCE STATEMENT

  1811 3600        3575         MVI     M,0H
  1813             3576         ORG     01813H
  1813 3E13        3577         MVI     A,13H
  1815             3578         ORG     01815H
  1815 210101      3579         LXI     H,PI
  1818             3580         ORG     01818H
  1818 BE          3581         CMP     M
  1819             3582         ORG     01819H
  1819 DA0000      3583         JC      @264
  181C             3584         ORG     0181CH
  181C CDA60B      3585         CALL    PBREAKKEY
  181F             3586         ORG     0181FH
  181F 1F          3587         RAR
  1820             3588         ORG     01820H
  1820 D20000      3589         JNC     @98
  1823             3590         ORG     01823H
  1823 C3E101      3591         JMP     PRESET
  1826             3592         ORG     01826H
  1826 3EFA        3593         MVI     A,0FAH
  1828             3594         ORG     01828H
  1828 CD0000      3595         CALL    QP0105
  182B             3596         ORG     0182BH
  182B 210101      3597         LXI     H,PI
  182E             3598         ORG     0182EH
  182E 34          3599         INR     M
  182F             3600         ORG     0182FH
  182F C20000      3601         JNZ     @263
  1832             3602         ORG     01832H
  1832 C9          3603         RET
  1833             3604         ORG     01833H
  1833 21B302      3605         LXI     H,PDIRECTION
  1836             3606         ORG     01836H
  1836 3601        3607         MVI     M,1H
  1838             3608         ORG     01838H
  1838 210100      3609         LXI     H,1H
  183B             3610         ORG     0183BH
  183B 22AF02      3611         SHLD    PDISTANCE
  183E             3612         ORG     0183EH
  183E C9          3613         RET
  183F             3614         ORG     0183FH
  183F CD6211      3615         CALL    PSETFF
  1842             3616         ORG     01842H
  1842 CD7D11      3617         CALL    PDISTNZERO
  1845             3618         ORG     01845H
  1845 1F          3619         RAR
  1846             3620         ORG     01846H
  1846 D20000      3621         JNC     @267
  1849             3622         ORG     01849H
  1849 010400      3623         LXI     B,PHMAX
  184C             3624         ORG     0184CH
  184C 11B502      3625         LXI     D,PFRONT
  184F             3626         ORG     0184FH
  184F CD0000      3627         CALL    QP0098
  1852             3628         ORG     01852H
  1852 DA0000      3629         JC      @99


ISIS-II 8080/8085 MACRO ASSEMBLER, V4.1         EDGEN    PAGE   67


  LOC  OBJ         LINE        SOURCE STATEMENT

  1855             3630         ORG     01855H
  1855 CD7611      3631         CALL    PZERODIST
  1858             3632         ORG     01858H
  1858 C30000      3633         JMP     @100
  185B             3634         ORG     0185BH
  185B CD9C13      3635         CALL    PREADLINE
  185E             3636         ORG     0185EH
  185E C30000      3637         JMP     @266
  1861             3638         ORG     01861H
  1861 C9          3639         RET
  1862             3640         ORG     01862H
  1862 21FA00      3641         LXI     H,PCHAR
  1865             3642         ORG     01865H
  1865 360D        3643         MVI     M,0DH
  1867             3644         ORG     01867H
  1867 CDB114      3645         CALL    PINSERT
  186A             3646         ORG     0186AH
  186A 21FA00      3647         LXI     H,PCHAR
  186D             3648         ORG     0186DH
  186D 360A        3649         MVI     M,0AH
  186F             3650         ORG     0186FH
  186F CDB114      3651         CALL    PINSERT
  1872             3652         ORG     01872H
  1872 C9          3653         RET
  1873             3654         ORG     01873H
  1873 21A202      3655         LXI     H,PTRANSLATE
  1876             3656         ORG     01876H
  1876 3601        3657         MVI     M,1H
  1878             3658         ORG     01878H
  1878 2AFA00      3659         LHLD    PCHAR
  187B             3660         ORG     0187BH
  187B 4D          3661         MOV     C,L
  187C             3662         ORG     0187CH
  187C CD420F      3663         CALL    PLOWERCASE
  187F             3664         ORG     0187FH
  187F 32D702      3665         STA     PT
  1882             3666         ORG     01882H
  1882 2AFA00      3667         LHLD    PCHAR
  1885             3668         ORG     01885H
  1885 4D          3669         MOV     C,L
  1886             3670         ORG     01886H
  1886 CD730F      3671         CALL    PUTRAN
  1889             3672         ORG     01889H
  1889 32FA00      3673         STA     PCHAR
  188C             3674         ORG     0188CH
  188C 3AD702      3675         LDA     PT
  188F             3676         ORG     0188FH
  188F 2F          3677         CMA
  1890             3678         ORG     01890H
  1890 21A302      3679         LXI     H,PUPPER
  1893             3680         ORG     01893H
  1893 B6          3681         ORA     M
  1894             3682         ORG     01894H
  1894 2B          3683         DCX     H
  1895             3684         ORG     01895H


ISIS-II 8080/8085 MACRO ASSEMBLER, V4.1         EDGEN    PAGE   68


  LOC  OBJ         LINE        SOURCE STATEMENT

  1895 77          3685         MOV     M,A
  1896             3686         ORG     01896H
  1896 C9          3687         RET
  1897             3688         ORG     01897H
  1897 21A202      3689         LXI     H,PTRANSLATE
  189A             3690         ORG     0189AH
  189A 3600        3691         MVI     M,0H
  189C             3692         ORG     0189CH
  189C CD9717      3693         CALL    PREADC
  189F             3694         ORG     0189FH
  189F 32FA00      3695         STA     PCHAR
  18A2             3696         ORG     018A2H
  18A2 CD7317      3697         CALL    PTESTCASE
  18A5             3698         ORG     018A5H
  18A5 C9          3699         RET
  18A6             3700         ORG     018A6H
  18A6 210301      3701         LXI     H,PC
  18A9             3702         ORG     018A9H
  18A9 71          3703         MOV     M,C
  18AA             3704         ORG     018AAH
  18AA 210301      3705         LXI     H,PC
  18AD             3706         ORG     018ADH
  18AD 3AFA00      3707         LDA     PCHAR
  18B0             3708         ORG     018B0H
  18B0 96          3709         SUB     M
  18B1             3710         ORG     018B1H
  18B1 D601        3711         SUI     1
  18B3             3712         ORG     018B3H
  18B3 9F          3713         SBB     A
  18B4             3714         ORG     018B4H
  18B4 F5          3715         PUSH    PSW     ; 1
  18B5             3716         ORG     018B5H
  18B5 3A1D01      3717         LDA     PCOMLEN
  18B8             3718         ORG     018B8H
  18B8 D601        3719         SUI     1H
  18BA             3720         ORG     018BAH
  18BA D601        3721         SUI     1
  18BC             3722         ORG     018BCH
  18BC 9F          3723         SBB     A
  18BD             3724         ORG     018BDH
  18BD C1          3725         POP     B       ; 1
  18BE             3726         ORG     018BEH
  18BE 48          3727         MOV     C,B
  18BF             3728         ORG     018BFH
  18BF A1          3729         ANA     C
  18C0             3730         ORG     018C0H
  18C0 F5          3731         PUSH    PSW     ; 1
  18C1             3732         ORG     018C1H
  18C1 3A9A02      3733         LDA     PMP
  18C4             3734         ORG     018C4H
  18C4 D600        3735         SUI     0H
  18C6             3736         ORG     018C6H
  18C6 D601        3737         SUI     1
  18C8             3738         ORG     018C8H
  18C8 9F          3739         SBB     A


ISIS-II 8080/8085 MACRO ASSEMBLER, V4.1         EDGEN    PAGE   69


  LOC  OBJ         LINE        SOURCE STATEMENT

  18C9             3740         ORG     018C9H
  18C9 C1          3741         POP     B       ; 1
  18CA             3742         ORG     018CAH
  18CA 48          3743         MOV     C,B
  18CB             3744         ORG     018CBH
  18CB A1          3745         ANA     C
  18CC             3746         ORG     018CCH
  18CC C9          3747         RET
  18CD             3748         ORG     018CDH
  18CD 210301      3749         LXI     H,PC
  18D0             3750         ORG     018D0H
  18D0 71          3751         MOV     M,C
  18D1             3752         ORG     018D1H
  18D1 2A0301      3753         LHLD    PC
  18D4             3754         ORG     018D4H
  18D4 4D          3755         MOV     C,L
  18D5             3756         ORG     018D5H
  18D5 CDCD17      3757         CALL    PSINGLECOM
  18D8             3758         ORG     018D8H
  18D8 1F          3759         RAR
  18D9             3760         ORG     018D9H
  18D9 D20000      3761         JNC     @101
  18DC             3762         ORG     018DCH
  18DC CDD10A      3763         CALL    PCRLF
  18DF             3764         ORG     018DFH
  18DF 2A0301      3765         LHLD    PC
  18E2             3766         ORG     018E2H
  18E2 4D          3767         MOV     C,L
  18E3             3768         ORG     018E3H
  18E3 CD0C16      3769         CALL    PPRINTCHAR
  18E6             3770         ORG     018E6H
  18E6 11A001      3771         LXI     D,$-1746H
  18E9             3772         ORG     018E9H
  18E9 0E09        3773         MVI     C,9H
  18EB             3774         ORG     018EBH
  18EB CD0500      3775         CALL    PMON1
  18EE             3776         ORG     018EEH
  18EE CD9717      3777         CALL    PREADCHAR
  18F1             3778         ORG     018F1H
  18F1 4F          3779         MOV     C,A
  18F2             3780         ORG     018F2H
  18F2 CD5A0F      3781         CALL    PUCASE
  18F5             3782         ORG     018F5H
  18F5 320301      3783         STA     PC
  18F8             3784         ORG     018F8H
  18F8 CDD10A      3785         CALL    PCRLF
  18FB             3786         ORG     018FBH
  18FB 3A0301      3787         LDA     PC
  18FE             3788         ORG     018FEH
  18FE FE59        3789         CPI     59H
  1900             3790         ORG     01900H
  1900 CA0000      3791         JZ      @102
  1903             3792         ORG     01903H
  1903 C30602      3793         JMP     PSTART
  1906             3794         ORG     01906H


ISIS-II 8080/8085 MACRO ASSEMBLER, V4.1         EDGEN    PAGE   70


  LOC  OBJ         LINE        SOURCE STATEMENT

  1906 3E01        3795         MVI     A,1H
  1908             3796         ORG     01908H
  1908 C9          3797         RET
  1909             3798         ORG     01909H
  1909 3E00        3799         MVI     A,0H
  190B             3800         ORG     0190BH
  190B C9          3801         RET
  01C0             3802         ORG     001C0H
  01C0 310000      3803         LXI     SP,QSTACKORIGIN
  01C3             3804         ORG     001C3H
  01C3 010000      3805         LXI     B,PMEMORY
  01C6             3806         ORG     001C6H
  01C6 110000      3807         LXI     D,PMAXB
  01C9             3808         ORG     001C9H
  01C9 CD0000      3809         CALL    QP0100
  01CC             3810         ORG     001CCH
  01CC 220000      3811         SHLD    PMAX
  01CF             3812         ORG     001CFH
  01CF 0E0A        3813         MVI     C,0AH
  01D1             3814         ORG     001D1H
  01D1 CD0000      3815         CALL    QP0093
  01D4             3816         ORG     001D4H
  01D4 2B          3817         DCX     H
  01D5             3818         ORG     001D5H
  01D5 EB          3819         XCHG
  01D6             3820         ORG     001D6H
  01D6 21CB00      3821         LXI     H,PNBUF
  01D9             3822         ORG     001D9H
  01D9 73          3823         MOV     M,E
  01DA             3824         ORG     001DAH
  01DA 1C          3825         INR     E
  01DB             3826         ORG     001DBH
  01DB 1600        3827         MVI     D,0
  01DD             3828         ORG     001DDH
  01DD 0E08        3829         MVI     C,8H
  01DF             3830         ORG     001DFH
  01DF CD0000      3831         CALL    QP0087
  01E2             3832         ORG     001E2H
  01E2 EB          3833         XCHG
  01E3             3834         ORG     001E3H
  01E3 23          3835         INX     H
  01E4             3836         ORG     001E4H
  01E4 73          3837         MOV     M,E
  01E5             3838         ORG     001E5H
  01E5 23          3839         INX     H
  01E6             3840         ORG     001E6H
  01E6 72          3841         MOV     M,D
  01E7             3842         ORG     001E7H
  01E7 210004      3843         LXI     H,400H
  01EA             3844         ORG     001EAH
  01EA 19          3845         DAD     D
  01EB             3846         ORG     001EBH
  01EB 110000      3847         LXI     D,PMAX
  01EE             3848         ORG     001EEH
  01EE CD0000      3849         CALL    QP0102


ISIS-II 8080/8085 MACRO ASSEMBLER, V4.1         EDGEN    PAGE   71


  LOC  OBJ         LINE        SOURCE STATEMENT

  01F1             3850         ORG     001F1H
  01F1 D20000      3851         JNC     @103
  01F4             3852         ORG     001F4H
  01F4 01A801      3853         LXI     B,$-4CH
  01F7             3854         ORG     001F7H
  01F7 CD0C16      3855         CALL    PPRINT
  01FA             3856         ORG     001FAH
  01FA CD0000      3857         CALL    PBOOT
  01FD             3858         ORG     001FDH
  01FD 01CC00      3859         LXI     B,PBUFFLENGTH
  0200             3860         ORG     00200H
  0200 110000      3861         LXI     D,PMAX
  0203             3862         ORG     00203H
  0203 CD0000      3863         CALL    QP0098
  0206             3864         ORG     00206H
  0206 2B          3865         DCX     H
  0207             3866         ORG     00207H
  0207 EB          3867         XCHG
  0208             3868         ORG     00208H
  0208 2B          3869         DCX     H
  0209             3870         ORG     00209H
  0209 73          3871         MOV     M,E
  020A             3872         ORG     0020AH
  020A 23          3873         INX     H
  020B             3874         ORG     0020BH
  020B 72          3875         MOV     M,D
  020C             3876         ORG     0020CH
  020C 0E01        3877         MVI     C,1H
  020E             3878         ORG     0020EH
  020E 21CC00      3879         LXI     H,PBUFFLENGTH
  0211             3880         ORG     00211H
  0211 CD0000      3881         CALL    QP0091
  0214             3882         ORG     00214H
  0214 EB          3883         XCHG
  0215             3884         ORG     00215H
  0215 2B          3885         DCX     H
  0216             3886         ORG     00216H
  0216 73          3887         MOV     M,E
  0217             3888         ORG     00217H
  0217 23          3889         INX     H
  0218             3890         ORG     00218H
  0218 72          3891         MOV     M,D
  0219             3892         ORG     00219H
  0219 EB          3893         XCHG
  021A             3894         ORG     0021AH
  021A 110000      3895         LXI     D,PMAXB
  021D             3896         ORG     0021DH
  021D CD0000      3897         CALL    QP0102
  0220             3898         ORG     00220H
  0220 220000      3899         SHLD    PSBUFFADR
  0223             3900         ORG     00223H
  0223 EB          3901         XCHG
  0224             3902         ORG     00224H
  0224 2ACC00      3903         LHLD    PBUFFLENGTH
  0227             3904         ORG     00227H


ISIS-II 8080/8085 MACRO ASSEMBLER, V4.1         EDGEN    PAGE   72


  LOC  OBJ         LINE        SOURCE STATEMENT

  0227 CD0000      3905         CALL    QP0095
  022A             3906         ORG     0022AH
  022A 220000      3907         SHLD    PDBUFFADR
  022D             3908         ORG     0022DH
  022D 2A0000      3909         LHLD    PMAX
  0230             3910         ORG     00230H
  0230 010000      3911         LXI     B,PMEMORY
  0233             3912         ORG     00233H
  0233 09          3913         DAD     B
  0234             3914         ORG     00234H
  0234 3600        3915         MVI     M,0H
  0236             3916         ORG     00236H
  0236 2A0000      3917         LHLD    PMAX
  0239             3918         ORG     00239H
  0239 2B          3919         DCX     H
  023A             3920         ORG     0023AH
  023A 220200      3921         SHLD    PMAXM
  023D             3922         ORG     0023DH
  023D 0E01        3923         MVI     C,1H
  023F             3924         ORG     0023FH
  023F CD0000      3925         CALL    QP0093
  0242             3926         ORG     00242H
  0242 220400      3927         SHLD    PHMAX
  0245             3928         ORG     00245H
  0245 21A302      3929         LXI     H,PUPPER
  0248             3930         ORG     00248H
  0248 3600        3931         MVI     M,0H
  024A             3932         ORG     0024AH
  024A 210C16      3933         LXI     H,PPRINTSUPPRESS
  024D             3934         ORG     0024DH
  024D 3600        3935         MVI     M,0H
  024F             3936         ORG     0024FH
  024F 21A701      3937         LXI     H,PLINESET
  0252             3938         ORG     00252H
  0252 3601        3939         MVI     M,1H
  0254             3940         ORG     00254H
  0254 3A0100      3941         LDA     PFCB+1H
  0257             3942         ORG     00257H
  0257 D620        3943         SUI     20H
  0259             3944         ORG     00259H
  0259 D601        3945         SUI     1
  025B             3946         ORG     0025BH
  025B 9F          3947         SBB     A
  025C             3948         ORG     0025CH
  025C F5          3949         PUSH    PSW     ; 1
  025D             3950         ORG     0025DH
  025D 3A1100      3951         LDA     PFCB+11H
  0260             3952         ORG     00260H
  0260 D620        3953         SUI     20H
  0262             3954         ORG     00262H
  0262 C6FF        3955         ADI     255
  0264             3956         ORG     00264H
  0264 9F          3957         SBB     A
  0265             3958         ORG     00265H
  0265 C1          3959         POP     B       ; 1


ISIS-II 8080/8085 MACRO ASSEMBLER, V4.1         EDGEN    PAGE   73


  LOC  OBJ         LINE        SOURCE STATEMENT

  0266             3960         ORG     00266H
  0266 48          3961         MOV     C,B
  0267             3962         ORG     00267H
  0267 B1          3963         ORA     C
  0268             3964         ORG     00268H
  0268 1F          3965         RAR
  0269             3966         ORG     00269H
  0269 D20000      3967         JNC     @104
  026C             3968         ORG     0026CH
  026C CD0F0C      3969         CALL    PFERR
  026F             3970         ORG     0026FH
  026F 3A0000      3971         LDA     PFCB
  0272             3972         ORG     00272H
  0272 32F700      3973         STA     PSDISK
  0275             3974         ORG     00275H
  0275 FE00        3975         CPI     0H
  0277             3976         ORG     00277H
  0277 C20000      3977         JNZ     @105
  027A             3978         ORG     0027AH
  027A CDC00B      3979         CALL    PCSELECT
  027D             3980         ORG     0027DH
  027D 32F700      3981         STA     PSDISK
  0280             3982         ORG     00280H
  0280 C30000      3983         JMP     @106
  0283             3984         ORG     00283H
  0283 21F700      3985         LXI     H,PSDISK
  0286             3986         ORG     00286H
  0286 35          3987         DCR     M
  0287             3988         ORG     00287H
  0287 210000      3989         LXI     H,PFCB
  028A             3990         ORG     0028AH
  028A 3600        3991         MVI     M,0H
  028C             3992         ORG     0028CH
  028C 3A1000      3993         LDA     PFCB+10H
  028F             3994         ORG     0028FH
  028F 32F800      3995         STA     PDDISK
  0292             3996         ORG     00292H
  0292 FE00        3997         CPI     0H
  0294             3998         ORG     00294H
  0294 C20000      3999         JNZ     @107
  0297             4000         ORG     00297H
  0297 3AF700      4001         LDA     PSDISK
  029A             4002         ORG     0029AH
  029A 32F800      4003         STA     PDDISK
  029D             4004         ORG     0029DH
  029D C30000      4005         JMP     @108
  02A0             4006         ORG     002A0H
  02A0 21F800      4007         LXI     H,PDDISK
  02A3             4008         ORG     002A3H
  02A3 35          4009         DCR     M
  02A4             4010         ORG     002A4H
  02A4 CD2A0D      4011         CALL    PXCLEAR
  02A7             4012         ORG     002A7H
  02A7 CD3B0C      4013         CALL    PSETUP
  02AA             4014         ORG     002AAH


ISIS-II 8080/8085 MACRO ASSEMBLER, V4.1         EDGEN    PAGE   74


  LOC  OBJ         LINE        SOURCE STATEMENT

  02AA 210000      4015         LXI     H,PMEMORY
  02AD             4016         ORG     002ADH
  02AD 360A        4017         MVI     M,0AH
  02AF             4018         ORG     002AFH
  02AF 210100      4019         LXI     H,1H
  02B2             4020         ORG     002B2H
  02B2 22B502      4021         SHLD    PFRONT
  02B5             4022         ORG     002B5H
  02B5 2A0200      4023         LHLD    PMAXM
  02B8             4024         ORG     002B8H
  02B8 22B702      4025         SHLD    PBACK
  02BB             4026         ORG     002BBH
  02BB 21FB00      4027         LXI     H,PCOLUMN
  02BE             4028         ORG     002BEH
  02BE 3600        4029         MVI     M,0H
  02C0             4030         ORG     002C0H
  02C0 C30602      4031         JMP     PSTART
  02C3             4032         ORG     002C3H
  02C3 310000      4033         LXI     SP,QSTACKORIGIN
  02C6             4034         ORG     002C6H
  02C6 219902      4035         LXI     H,PFLAG
  02C9             4036         ORG     002C9H
  02C9 3623        4037         MVI     M,23H
  02CB             4038         ORG     002CBH
  02CB C3E101      4039         JMP     PRESET
  02CE             4040         ORG     002CEH
  02CE 310000      4041         LXI     SP,QSTACKORIGIN
  02D1             4042         ORG     002D1H
  02D1 219902      4043         LXI     H,PFLAG
  02D4             4044         ORG     002D4H
  02D4 363F        4045         MVI     M,3FH
  02D6             4046         ORG     002D6H
  02D6 C3E101      4047         JMP     PRESET
  02D9             4048         ORG     002D9H
  02D9 310000      4049         LXI     SP,QSTACKORIGIN
  02DC             4050         ORG     002DCH
  02DC 219902      4051         LXI     H,PFLAG
  02DF             4052         ORG     002DFH
  02DF 363E        4053         MVI     M,3EH
  02E1             4054         ORG     002E1H
  02E1 310000      4055         LXI     SP,QSTACKORIGIN
  02E4             4056         ORG     002E4H
  02E4 210C16      4057         LXI     H,PPRINTSUPPRESS
  02E7             4058         ORG     002E7H
  02E7 3600        4059         MVI     M,0H
  02E9             4060         ORG     002E9H
  02E9 01B201      4061         LXI     B,$-137H
  02EC             4062         ORG     002ECH
  02EC CD0C16      4063         CALL    PPRINT
  02EF             4064         ORG     002EFH
  02EF 2A9902      4065         LHLD    PFLAG
  02F2             4066         ORG     002F2H
  02F2 4D          4067         MOV     C,L
  02F3             4068         ORG     002F3H
  02F3 CD0C16      4069         CALL    PPRINTC


ISIS-II 8080/8085 MACRO ASSEMBLER, V4.1         EDGEN    PAGE   75


  LOC  OBJ         LINE        SOURCE STATEMENT

  02F6             4070         ORG     002F6H
  02F6 01BA01      4071         LXI     B,$-13CH
  02F9             4072         ORG     002F9H
  02F9 CD0C16      4073         CALL    PPRINTM
  02FC             4074         ORG     002FCH
  02FC 2AFA00      4075         LHLD    PCHAR
  02FF             4076         ORG     002FFH
  02FF 4D          4077         MOV     C,L
  0300             4078         ORG     00300H
  0300 CD0C16      4079         CALL    PPRINTC
  0303             4080         ORG     00303H
  0303 CDD10A      4081         CALL    PCRLF
  0306             4082         ORG     00306H
  0306 310000      4083         LXI     SP,QSTACKORIGIN
  0309             4084         ORG     00309H
  0309 21A002      4085         LXI     H,PREADBUFF
  030C             4086         ORG     0030CH
  030C 3601        4087         MVI     M,1H
  030E             4088         ORG     0030EH
  030E 219A02      4089         LXI     H,PMP
  0311             4090         ORG     00311H
  0311 3600        4091         MVI     M,0H
  0313             4092         ORG     00313H
  0313 21B114      4093         LXI     H,PINSERTING
  0316             4094         ORG     00316H
  0316 3600        4095         MVI     M,0H
  0318             4096         ORG     00318H
  0318 CD9717      4097         CALL    PREADCTRAN
  031B             4098         ORG     0031BH
  031B 3A9F01      4099         LDA     PCBP
  031E             4100         ORG     0031EH
  031E 329B02      4101         STA     PMI
  0321             4102         ORG     00321H
  0321 0E45        4103         MVI     C,45H
  0323             4104         ORG     00323H
  0323 CDCD17      4105         CALL    PSINGLECOM
  0326             4106         ORG     00326H
  0326 1F          4107         RAR
  0327             4108         ORG     00327H
  0327 D20000      4109         JNC     @109
  032A             4110         ORG     0032AH
  032A CD9514      4111         CALL    PTERMINATE
  032D             4112         ORG     0032DH
  032D 21F800      4113         LXI     H,PDDISK
  0330             4114         ORG     00330H
  0330 3AF700      4115         LDA     PSDISK
  0333             4116         ORG     00333H
  0333 BE          4117         CMP     M
  0334             4118         ORG     00334H
  0334 CA0000      4119         JZ      @110
  0337             4120         ORG     00337H
  0337 3A0000      4121         LDA     PBDISK
  033A             4122         ORG     0033AH
  033A E6F0        4123         ANI     0F0H
  033C             4124         ORG     0033CH


ISIS-II 8080/8085 MACRO ASSEMBLER, V4.1         EDGEN    PAGE   76


  LOC  OBJ         LINE        SOURCE STATEMENT

  033C F5          4125         PUSH    PSW     ; 1
  033D             4126         ORG     0033DH
  033D 3AF800      4127         LDA     PDDISK
  0340             4128         ORG     00340H
  0340 E60F        4129         ANI     0FH
  0342             4130         ORG     00342H
  0342 C1          4131         POP     B       ; 1
  0343             4132         ORG     00343H
  0343 48          4133         MOV     C,B
  0344             4134         ORG     00344H
  0344 B1          4135         ORA     C
  0345             4136         ORG     00345H
  0345 320000      4137         STA     PBDISK
  0348             4138         ORG     00348H
  0348 CDE90B      4139         CALL    PREBOOT
  034B             4140         ORG     0034BH
  034B C30000      4141         JMP     @111
  034E             4142         ORG     0034EH
  034E 0E48        4143         MVI     C,48H
  0350             4144         ORG     00350H
  0350 CDCD17      4145         CALL    PSINGLECOM
  0353             4146         ORG     00353H
  0353 1F          4147         RAR
  0354             4148         ORG     00354H
  0354 D20000      4149         JNC     @112
  0357             4150         ORG     00357H
  0357 CD9514      4151         CALL    PTERMINATE
  035A             4152         ORG     0035AH
  035A 3AF800      4153         LDA     PDDISK
  035D             4154         ORG     0035DH
  035D 32FA00      4155         STA     PCHAR
  0360             4156         ORG     00360H
  0360 3AF700      4157         LDA     PSDISK
  0363             4158         ORG     00363H
  0363 32F800      4159         STA     PDDISK
  0366             4160         ORG     00366H
  0366 3AFA00      4161         LDA     PCHAR
  0369             4162         ORG     00369H
  0369 32F700      4163         STA     PSDISK
  036C             4164         ORG     0036CH
  036C C3A701      4165         JMP     PRESTART
  036F             4166         ORG     0036FH
  036F C30000      4167         JMP     @113
  0372             4168         ORG     00372H
  0372 3AFA00      4169         LDA     PCHAR
  0375             4170         ORG     00375H
  0375 FE49        4171         CPI     49H
  0377             4172         ORG     00377H
  0377 C20000      4173         JNZ     @114
  037A             4174         ORG     0037AH
  037A 211D01      4175         LXI     H,PCOMLEN
  037D             4176         ORG     0037DH
  037D 3A9F01      4177         LDA     PCBP
  0380             4178         ORG     00380H
  0380 96          4179         SUB     M


ISIS-II 8080/8085 MACRO ASSEMBLER, V4.1         EDGEN    PAGE   77


  LOC  OBJ         LINE        SOURCE STATEMENT

  0381             4180         ORG     00381H
  0381 D601        4181         SUI     1
  0383             4182         ORG     00383H
  0383 9F          4183         SBB     A
  0384             4184         ORG     00384H
  0384 F5          4185         PUSH    PSW     ; 1
  0385             4186         ORG     00385H
  0385 3A9A02      4187         LDA     PMP
  0388             4188         ORG     00388H
  0388 D600        4189         SUI     0H
  038A             4190         ORG     0038AH
  038A D601        4191         SUI     1
  038C             4192         ORG     0038CH
  038C 9F          4193         SBB     A
  038D             4194         ORG     0038DH
  038D C1          4195         POP     B       ; 1
  038E             4196         ORG     0038EH
  038E 48          4197         MOV     C,B
  038F             4198         ORG     0038FH
  038F A1          4199         ANA     C
  0390             4200         ORG     00390H
  0390 32B114      4201         STA     PINSERTING
  0393             4202         ORG     00393H
  0393 1F          4203         RAR
  0394             4204         ORG     00394H
  0394 D20000      4205         JNC     @115
  0397             4206         ORG     00397H
  0397 CD0C16      4207         CALL    PPRINTNMBASE
  039A             4208         ORG     0039AH
  039A 3AFB00      4209         LDA     PCOLUMN
  039D             4210         ORG     0039DH
  039D 32FC00      4211         STA     PSCOLUMN
  03A0             4212         ORG     003A0H
  03A0 CDDB14      4213         CALL    PSCANNING
  03A3             4214         ORG     003A3H
  03A3 1F          4215         RAR
  03A4             4216         ORG     003A4H
  03A4 D20000      4217         JNC     @271
  03A7             4218         ORG     003A7H
  03A7 3AFA00      4219         LDA     PCHAR
  03AA             4220         ORG     003AAH
  03AA FE00        4221         CPI     0H
  03AC             4222         ORG     003ACH
  03AC CA0000      4223         JZ      @273
  03AF             4224         ORG     003AFH
  03AF 3AFA00      4225         LDA     PCHAR
  03B2             4226         ORG     003B2H
  03B2 D615        4227         SUI     15H
  03B4             4228         ORG     003B4H
  03B4 D601        4229         SUI     1
  03B6             4230         ORG     003B6H
  03B6 9F          4231         SBB     A
  03B7             4232         ORG     003B7H
  03B7 F5          4233         PUSH    PSW     ; 1
  03B8             4234         ORG     003B8H


ISIS-II 8080/8085 MACRO ASSEMBLER, V4.1         EDGEN    PAGE   78


  LOC  OBJ         LINE        SOURCE STATEMENT

  03B8 3AFA00      4235         LDA     PCHAR
  03BB             4236         ORG     003BBH
  03BB D618        4237         SUI     18H
  03BD             4238         ORG     003BDH
  03BD D601        4239         SUI     1
  03BF             4240         ORG     003BFH
  03BF 9F          4241         SBB     A
  03C0             4242         ORG     003C0H
  03C0 C1          4243         POP     B       ; 1
  03C1             4244         ORG     003C1H
  03C1 48          4245         MOV     C,B
  03C2             4246         ORG     003C2H
  03C2 B1          4247         ORA     C
  03C3             4248         ORG     003C3H
  03C3 F5          4249         PUSH    PSW     ; 1
  03C4             4250         ORG     003C4H
  03C4 3AFA00      4251         LDA     PCHAR
  03C7             4252         ORG     003C7H
  03C7 D612        4253         SUI     12H
  03C9             4254         ORG     003C9H
  03C9 D601        4255         SUI     1
  03CB             4256         ORG     003CBH
  03CB 9F          4257         SBB     A
  03CC             4258         ORG     003CCH
  03CC C1          4259         POP     B       ; 1
  03CD             4260         ORG     003CDH
  03CD 48          4261         MOV     C,B
  03CE             4262         ORG     003CEH
  03CE B1          4263         ORA     C
  03CF             4264         ORG     003CFH
  03CF 1F          4265         RAR
  03D0             4266         ORG     003D0H
  03D0 D20000      4267         JNC     @116
  03D3             4268         ORG     003D3H
  03D3 210000      4269         LXI     H,0H
  03D6             4270         ORG     003D6H
  03D6 22AF02      4271         SHLD    PDISTANCE
  03D9             4272         ORG     003D9H
  03D9 7D          4273         MOV     A,L
  03DA             4274         ORG     003DAH
  03DA 32B302      4275         STA     PDIRECTION
  03DD             4276         ORG     003DDH
  03DD 3AFA00      4277         LDA     PCHAR
  03E0             4278         ORG     003E0H
  03E0 FE12        4279         CPI     12H
  03E2             4280         ORG     003E2H
  03E2 C20000      4281         JNZ     @117
  03E5             4282         ORG     003E5H
  03E5 CDD10A      4283         CALL    PCRLF
  03E8             4284         ORG     003E8H
  03E8 CD1A16      4285         CALL    PTYPELINES
  03EB             4286         ORG     003EBH
  03EB C30000      4287         JMP     @118
  03EE             4288         ORG     003EEH
  03EE CD9111      4289         CALL    PSETLIMITS


ISIS-II 8080/8085 MACRO ASSEMBLER, V4.1         EDGEN    PAGE   79


  LOC  OBJ         LINE        SOURCE STATEMENT

  03F1             4290         ORG     003F1H
  03F1 CD3013      4291         CALL    PSETPTRS
  03F4             4292         ORG     003F4H
  03F4 3AFA00      4293         LDA     PCHAR
  03F7             4294         ORG     003F7H
  03F7 FE15        4295         CPI     15H
  03F9             4296         ORG     003F9H
  03F9 C20000      4297         JNZ     @119
  03FC             4298         ORG     003FCH
  03FC CDD10A      4299         CALL    PCRLF
  03FF             4300         ORG     003FFH
  03FF CD0C16      4301         CALL    PPRINTNMBASE
  0402             4302         ORG     00402H
  0402 C30000      4303         JMP     @120
  0405             4304         ORG     00405H
  0405 3AFC00      4305         LDA     PSCOLUMN
  0408             4306         ORG     00408H
  0408 21FB00      4307         LXI     H,PCOLUMN
  040B             4308         ORG     0040BH
  040B BE          4309         CMP     M
  040C             4310         ORG     0040CH
  040C D20000      4311         JNC     @275
  040F             4312         ORG     0040FH
  040F CD1B0A      4313         CALL    PBACKSPACE
  0412             4314         ORG     00412H
  0412 C30000      4315         JMP     @274
  0415             4316         ORG     00415H
  0415 C30000      4317         JMP     @121
  0418             4318         ORG     00418H
  0418 3AFA00      4319         LDA     PCHAR
  041B             4320         ORG     0041BH
  041B FE08        4321         CPI     8H
  041D             4322         ORG     0041DH
  041D C20000      4323         JNZ     @122
  0420             4324         ORG     00420H
  0420 3AFB00      4325         LDA     PCOLUMN
  0423             4326         ORG     00423H
  0423 32FD00      4327         STA     PTCOLUMN
  0426             4328         ORG     00426H
  0426 4F          4329         MOV     C,A
  0427             4330         ORG     00427H
  0427 3E00        4331         MVI     A,0H
  0429             4332         ORG     00429H
  0429 B9          4333         CMP     C
  042A             4334         ORG     0042AH
  042A D20000      4335         JNC     @123
  042D             4336         ORG     0042DH
  042D 0E20        4337         MVI     C,20H
  042F             4338         ORG     0042FH
  042F CD0C16      4339         CALL    PPRINTNMAC
  0432             4340         ORG     00432H
  0432 3E01        4341         MVI     A,1H
  0434             4342         ORG     00434H
  0434 21B502      4343         LXI     H,PFRONT
  0437             4344         ORG     00437H


ISIS-II 8080/8085 MACRO ASSEMBLER, V4.1         EDGEN    PAGE   80


  LOC  OBJ         LINE        SOURCE STATEMENT

  0437 CD0000      4345         CALL    QP0103
  043A             4346         ORG     0043AH
  043A 9F          4347         SBB     A
  043B             4348         ORG     0043BH
  043B F5          4349         PUSH    PSW     ; 1
  043C             4350         ORG     0043CH
  043C 3AFC00      4351         LDA     PSCOLUMN
  043F             4352         ORG     0043FH
  043F 21FD00      4353         LXI     H,PTCOLUMN
  0442             4354         ORG     00442H
  0442 96          4355         SUB     M
  0443             4356         ORG     00443H
  0443 9F          4357         SBB     A
  0444             4358         ORG     00444H
  0444 C1          4359         POP     B       ; 1
  0445             4360         ORG     00445H
  0445 48          4361         MOV     C,B
  0446             4362         ORG     00446H
  0446 A1          4363         ANA     C
  0447             4364         ORG     00447H
  0447 1F          4365         RAR
  0448             4366         ORG     00448H
  0448 D20000      4367         JNC     @124
  044B             4368         ORG     0044BH
  044B 2AB502      4369         LHLD    PFRONT
  044E             4370         ORG     0044EH
  044E 2B          4371         DCX     H
  044F             4372         ORG     0044FH
  044F 010000      4373         LXI     B,PMEMORY
  0452             4374         ORG     00452H
  0452 09          4375         DAD     B
  0453             4376         ORG     00453H
  0453 7E          4377         MOV     A,M
  0454             4378         ORG     00454H
  0454 FE0A        4379         CPI     0AH
  0456             4380         ORG     00456H
  0456 CA0000      4381         JZ      @125
  0459             4382         ORG     00459H
  0459 CD8A12      4383         CALL    PDECFRONT
  045C             4384         ORG     0045CH
  045C 210C16      4385         LXI     H,PPRINTSUPPRESS
  045F             4386         ORG     0045FH
  045F 3601        4387         MVI     M,1H
  0461             4388         ORG     00461H
  0461 21FB00      4389         LXI     H,PCOLUMN
  0464             4390         ORG     00464H
  0464 3600        4391         MVI     M,0H
  0466             4392         ORG     00466H
  0466 210000      4393         LXI     H,0H
  0469             4394         ORG     00469H
  0469 22AF02      4395         SHLD    PDISTANCE
  046C             4396         ORG     0046CH
  046C 7D          4397         MOV     A,L
  046D             4398         ORG     0046DH
  046D 32B302      4399         STA     PDIRECTION


ISIS-II 8080/8085 MACRO ASSEMBLER, V4.1         EDGEN    PAGE   81


  LOC  OBJ         LINE        SOURCE STATEMENT

  0470             4400         ORG     00470H
  0470 CD1A16      4401         CALL    PTYPELINES
  0473             4402         ORG     00473H
  0473 210C16      4403         LXI     H,PPRINTSUPPRESS
  0476             4404         ORG     00476H
  0476 3600        4405         MVI     M,0H
  0478             4406         ORG     00478H
  0478 3AFB00      4407         LDA     PCOLUMN
  047B             4408         ORG     0047BH
  047B 32FE00      4409         STA     PQCOLUMN
  047E             4410         ORG     0047EH
  047E 21FC00      4411         LXI     H,PSCOLUMN
  0481             4412         ORG     00481H
  0481 BE          4413         CMP     M
  0482             4414         ORG     00482H
  0482 D20000      4415         JNC     @126
  0485             4416         ORG     00485H
  0485 3AFC00      4417         LDA     PSCOLUMN
  0488             4418         ORG     00488H
  0488 32FE00      4419         STA     PQCOLUMN
  048B             4420         ORG     0048BH
  048B 3AFD00      4421         LDA     PTCOLUMN
  048E             4422         ORG     0048EH
  048E 32FB00      4423         STA     PCOLUMN
  0491             4424         ORG     00491H
  0491 3AFE00      4425         LDA     PQCOLUMN
  0494             4426         ORG     00494H
  0494 21FB00      4427         LXI     H,PCOLUMN
  0497             4428         ORG     00497H
  0497 BE          4429         CMP     M
  0498             4430         ORG     00498H
  0498 D20000      4431         JNC     @277
  049B             4432         ORG     0049BH
  049B CD1B0A      4433         CALL    PBACKSPACE
  049E             4434         ORG     0049EH
  049E C30000      4435         JMP     @276
  04A1             4436         ORG     004A1H
  04A1 3AFB00      4437         LDA     PCOLUMN
  04A4             4438         ORG     004A4H
  04A4 32FD00      4439         STA     PTCOLUMN
  04A7             4440         ORG     004A7H
  04A7 21FA00      4441         LXI     H,PCHAR
  04AA             4442         ORG     004AAH
  04AA 3600        4443         MVI     M,0H
  04AC             4444         ORG     004ACH
  04AC 3AFD00      4445         LDA     PTCOLUMN
  04AF             4446         ORG     004AFH
  04AF 32FB00      4447         STA     PCOLUMN
  04B2             4448         ORG     004B2H
  04B2 C30000      4449         JMP     @127
  04B5             4450         ORG     004B5H
  04B5 3AFA00      4451         LDA     PCHAR
  04B8             4452         ORG     004B8H
  04B8 FE7F        4453         CPI     7FH
  04BA             4454         ORG     004BAH


ISIS-II 8080/8085 MACRO ASSEMBLER, V4.1         EDGEN    PAGE   82


  LOC  OBJ         LINE        SOURCE STATEMENT

  04BA C20000      4455         JNZ     @128
  04BD             4456         ORG     004BDH
  04BD 3E01        4457         MVI     A,1H
  04BF             4458         ORG     004BFH
  04BF 11B502      4459         LXI     D,PFRONT
  04C2             4460         ORG     004C2H
  04C2 CD0000      4461         CALL    QP0101
  04C5             4462         ORG     004C5H
  04C5 B5          4463         ORA     L
  04C6             4464         ORG     004C6H
  04C6 C20000      4465         JNZ     @129
  04C9             4466         ORG     004C9H
  04C9 C3E101      4467         JMP     PRESET
  04CC             4468         ORG     004CCH
  04CC CD8A12      4469         CALL    PDECFRONT
  04CF             4470         ORG     004CFH
  04CF 2AB502      4471         LHLD    PFRONT
  04D2             4472         ORG     004D2H
  04D2 010000      4473         LXI     B,PMEMORY
  04D5             4474         ORG     004D5H
  04D5 09          4475         DAD     B
  04D6             4476         ORG     004D6H
  04D6 7E          4477         MOV     A,M
  04D7             4478         ORG     004D7H
  04D7 32FA00      4479         STA     PCHAR
  04DA             4480         ORG     004DAH
  04DA 4F          4481         MOV     C,A
  04DB             4482         ORG     004DBH
  04DB CD0C16      4483         CALL    PPRINTC
  04DE             4484         ORG     004DEH
  04DE 3AFA00      4485         LDA     PCHAR
  04E1             4486         ORG     004E1H
  04E1 FE0A        4487         CPI     0AH
  04E3             4488         ORG     004E3H
  04E3 C20000      4489         JNZ     @130
  04E6             4490         ORG     004E6H
  04E6 2AA301      4491         LHLD    PBASELINE
  04E9             4492         ORG     004E9H
  04E9 2B          4493         DCX     H
  04EA             4494         ORG     004EAH
  04EA 22A301      4495         SHLD    PBASELINE
  04ED             4496         ORG     004EDH
  04ED 21FA00      4497         LXI     H,PCHAR
  04F0             4498         ORG     004F0H
  04F0 3600        4499         MVI     M,0H
  04F2             4500         ORG     004F2H
  04F2 C30000      4501         JMP     @131
  04F5             4502         ORG     004F5H
  04F5 2AFA00      4503         LHLD    PCHAR
  04F8             4504         ORG     004F8H
  04F8 4D          4505         MOV     C,L
  04F9             4506         ORG     004F9H
  04F9 CD7D0A      4507         CALL    PGRAPHIC
  04FC             4508         ORG     004FCH
  04FC 1F          4509         RAR


ISIS-II 8080/8085 MACRO ASSEMBLER, V4.1         EDGEN    PAGE   83


  LOC  OBJ         LINE        SOURCE STATEMENT

  04FD             4510         ORG     004FDH
  04FD DA0000      4511         JC      @132
  0500             4512         ORG     00500H
  0500 0E5E        4513         MVI     C,5EH
  0502             4514         ORG     00502H
  0502 CD0C16      4515         CALL    PPRINTNMAC
  0505             4516         ORG     00505H
  0505 3AFA00      4517         LDA     PCHAR
  0508             4518         ORG     00508H
  0508 C640        4519         ADI     40H
  050A             4520         ORG     0050AH
  050A 4F          4521         MOV     C,A
  050B             4522         ORG     0050BH
  050B CD0C16      4523         CALL    PPRINTNMAC
  050E             4524         ORG     0050EH
  050E 3AFA00      4525         LDA     PCHAR
  0511             4526         ORG     00511H
  0511 FE0C        4527         CPI     0CH
  0513             4528         ORG     00513H
  0513 C20000      4529         JNZ     @133
  0516             4530         ORG     00516H
  0516 CD6217      4531         CALL    PINSCRLF
  0519             4532         ORG     00519H
  0519 C30000      4533         JMP     @134
  051C             4534         ORG     0051CH
  051C 3A9A02      4535         LDA     PMP
  051F             4536         ORG     0051FH
  051F FE00        4537         CPI     0H
  0521             4538         ORG     00521H
  0521 C20000      4539         JNZ     @135
  0524             4540         ORG     00524H
  0524 3AFA00      4541         LDA     PCHAR
  0527             4542         ORG     00527H
  0527 FE20        4543         CPI     20H
  0529             4544         ORG     00529H
  0529 DA0000      4545         JC      @136
  052C             4546         ORG     0052CH
  052C 21FB00      4547         LXI     H,PCOLUMN
  052F             4548         ORG     0052FH
  052F 34          4549         INR     M
  0530             4550         ORG     00530H
  0530 C30000      4551         JMP     @137
  0533             4552         ORG     00533H
  0533 3AFA00      4553         LDA     PCHAR
  0536             4554         ORG     00536H
  0536 FE09        4555         CPI     9H
  0538             4556         ORG     00538H
  0538 C20000      4557         JNZ     @138
  053B             4558         ORG     0053BH
  053B 3AFB00      4559         LDA     PCOLUMN
  053E             4560         ORG     0053EH
  053E E607        4561         ANI     7H
  0540             4562         ORG     00540H
  0540 4F          4563         MOV     C,A
  0541             4564         ORG     00541H


ISIS-II 8080/8085 MACRO ASSEMBLER, V4.1         EDGEN    PAGE   84


  LOC  OBJ         LINE        SOURCE STATEMENT

  0541 3E08        4565         MVI     A,8H
  0543             4566         ORG     00543H
  0543 91          4567         SUB     C
  0544             4568         ORG     00544H
  0544 21FB00      4569         LXI     H,PCOLUMN
  0547             4570         ORG     00547H
  0547 86          4571         ADD     M
  0548             4572         ORG     00548H
  0548 77          4573         MOV     M,A
  0549             4574         ORG     00549H
  0549 CDB114      4575         CALL    PINSERT
  054C             4576         ORG     0054CH
  054C 3AFA00      4577         LDA     PCHAR
  054F             4578         ORG     0054FH
  054F FE0A        4579         CPI     0AH
  0551             4580         ORG     00551H
  0551 C20000      4581         JNZ     @139
  0554             4582         ORG     00554H
  0554 CD0C16      4583         CALL    PPRINTNMBASE
  0557             4584         ORG     00557H
  0557 3AFA00      4585         LDA     PCHAR
  055A             4586         ORG     0055AH
  055A FE0D        4587         CPI     0DH
  055C             4588         ORG     0055CH
  055C C20000      4589         JNZ     @140
  055F             4590         ORG     0055FH
  055F 21FA00      4591         LXI     H,PCHAR
  0562             4592         ORG     00562H
  0562 360A        4593         MVI     M,0AH
  0564             4594         ORG     00564H
  0564 0E0A        4595         MVI     C,0AH
  0566             4596         ORG     00566H
  0566 CD0C16      4597         CALL    PPRINTNMAC
  0569             4598         ORG     00569H
  0569 C30000      4599         JMP     @141
  056C             4600         ORG     0056CH
  056C 21FA00      4601         LXI     H,PCHAR
  056F             4602         ORG     0056FH
  056F 3600        4603         MVI     M,0H
  0571             4604         ORG     00571H
  0571 C30000      4605         JMP     @272
  0574             4606         ORG     00574H
  0574 C30000      4607         JMP     @270
  0577             4608         ORG     00577H
  0577 3AFA00      4609         LDA     PCHAR
  057A             4610         ORG     0057AH
  057A FE1A        4611         CPI     1AH
  057C             4612         ORG     0057CH
  057C CA0000      4613         JZ      @142
  057F             4614         ORG     0057FH
  057F CD6217      4615         CALL    PINSCRLF
  0582             4616         ORG     00582H
  0582 3AA701      4617         LDA     PLINESET
  0585             4618         ORG     00585H
  0585 21B114      4619         LXI     H,PINSERTING


ISIS-II 8080/8085 MACRO ASSEMBLER, V4.1         EDGEN    PAGE   85


  LOC  OBJ         LINE        SOURCE STATEMENT

  0588             4620         ORG     00588H
  0588 A6          4621         ANA     M
  0589             4622         ORG     00589H
  0589 1F          4623         RAR
  058A             4624         ORG     0058AH
  058A D20000      4625         JNC     @143
  058D             4626         ORG     0058DH
  058D CDD10A      4627         CALL    PCRLF
  0590             4628         ORG     00590H
  0590 C30000      4629         JMP     @144
  0593             4630         ORG     00593H
  0593 0E4F        4631         MVI     C,4FH
  0595             4632         ORG     00595H
  0595 CDCD17      4633         CALL    PSINGLERCOM
  0598             4634         ORG     00598H
  0598 1F          4635         RAR
  0599             4636         ORG     00599H
  0599 D20000      4637         JNC     @145
  059C             4638         ORG     0059CH
  059C C3A701      4639         JMP     PRESTART
  059F             4640         ORG     0059FH
  059F 3AFA00      4641         LDA     PCHAR
  05A2             4642         ORG     005A2H
  05A2 FE52        4643         CPI     52H
  05A4             4644         ORG     005A4H
  05A4 C20000      4645         JNZ     @147
  05A7             4646         ORG     005A7H
  05A7 212700      4647         LXI     H,PRBP
  05AA             4648         ORG     005AAH
  05AA 3601        4649         MVI     M,1H
  05AC             4650         ORG     005ACH
  05AC CD2211      4651         CALL    PSETRDMA
  05AF             4652         ORG     005AFH
  05AF CDDB14      4653         CALL    PSCANNING
  05B2             4654         ORG     005B2H
  05B2 1F          4655         RAR
  05B3             4656         ORG     005B3H
  05B3 D20000      4657         JNC     @279
  05B6             4658         ORG     005B6H
  05B6 3E08        4659         MVI     A,8H
  05B8             4660         ORG     005B8H
  05B8 212700      4661         LXI     H,PRBP
  05BB             4662         ORG     005BBH
  05BB BE          4663         CMP     M
  05BC             4664         ORG     005BCH
  05BC D20000      4665         JNC     @148
  05BF             4666         ORG     005BFH
  05BF C3C301      4667         JMP     POVERCOUNT
  05C2             4668         ORG     005C2H
  05C2 CDF115      4669         CALL    PSETRFCB
  05C5             4670         ORG     005C5H
  05C5 C30000      4671         JMP     @278
  05C8             4672         ORG     005C8H
  05C8 21FA00      4673         LXI     H,PCHAR
  05CB             4674         ORG     005CBH


ISIS-II 8080/8085 MACRO ASSEMBLER, V4.1         EDGEN    PAGE   86


  LOC  OBJ         LINE        SOURCE STATEMENT

  05CB 3620        4675         MVI     M,20H
  05CD             4676         ORG     005CDH
  05CD 3A2700      4677         LDA     PRBP
  05D0             4678         ORG     005D0H
  05D0 D601        4679         SUI     1H
  05D2             4680         ORG     005D2H
  05D2 D601        4681         SUI     1
  05D4             4682         ORG     005D4H
  05D4 9F          4683         SBB     A
  05D5             4684         ORG     005D5H
  05D5 329902      4685         STA     PFLAG
  05D8             4686         ORG     005D8H
  05D8 1F          4687         RAR
  05D9             4688         ORG     005D9H
  05D9 D20000      4689         JNC     @149
  05DC             4690         ORG     005DCH
  05DC 2E08        4691         MVI     L,8H
  05DE             4692         ORG     005DEH
  05DE 110700      4693         LXI     D,PRFCB+1H
  05E1             4694         ORG     005E1H
  05E1 012900      4695         LXI     B,PXFCB+1H
  05E4             4696         ORG     005E4H
  05E4 2C          4697         INR     L
  05E5             4698         ORG     005E5H
  05E5 C3EC05      4699         JMP     $+7H
  05E8             4700         ORG     005E8H
  05E8 0A          4701         LDAX    B
  05E9             4702         ORG     005E9H
  05E9 12          4703         STAX    D
  05EA             4704         ORG     005EAH
  05EA 03          4705         INX     B
  05EB             4706         ORG     005EBH
  05EB 13          4707         INX     D
  05EC             4708         ORG     005ECH
  05EC 2D          4709         DCR     L
  05ED             4710         ORG     005EDH
  05ED C2E805      4711         JNZ     $-5H
  05F0             4712         ORG     005F0H
  05F0 012800      4713         LXI     B,PXFCB
  05F3             4714         ORG     005F3H
  05F3 CD210B      4715         CALL    PCLOSE
  05F6             4716         ORG     005F6H
  05F6 C30000      4717         JMP     @150
  05F9             4718         ORG     005F9H
  05F9 3E08        4719         MVI     A,8H
  05FB             4720         ORG     005FBH
  05FB 212700      4721         LXI     H,PRBP
  05FE             4722         ORG     005FEH
  05FE BE          4723         CMP     M
  05FF             4724         ORG     005FFH
  05FF DA0000      4725         JC      @281
  0602             4726         ORG     00602H
  0602 CDF115      4727         CALL    PSETRFCB
  0605             4728         ORG     00605H
  0605 C30000      4729         JMP     @280


ISIS-II 8080/8085 MACRO ASSEMBLER, V4.1         EDGEN    PAGE   87


  LOC  OBJ         LINE        SOURCE STATEMENT

  0608             4730         ORG     00608H
  0608 211200      4731         LXI     H,PRFCB+0CH
  060B             4732         ORG     0060BH
  060B 3600        4733         MVI     M,0H
  060D             4734         ORG     0060DH
  060D 212600      4735         LXI     H,PRFCB+20H
  0610             4736         ORG     00610H
  0610 3600        4737         MVI     M,0H
  0612             4738         ORG     00612H
  0612 010600      4739         LXI     B,PRFCB
  0615             4740         ORG     00615H
  0615 CD0E0B      4741         CALL    POPEN
  0618             4742         ORG     00618H
  0618 212700      4743         LXI     H,PRBP
  061B             4744         ORG     0061BH
  061B 3680        4745         MVI     M,80H
  061D             4746         ORG     0061DH
  061D 3A0B01      4747         LDA     PDCNT
  0620             4748         ORG     00620H
  0620 FEFF        4749         CPI     0FFH
  0622             4750         ORG     00622H
  0622 C20000      4751         JNZ     @151
  0625             4752         ORG     00625H
  0625 219902      4753         LXI     H,PFLAG
  0628             4754         ORG     00628H
  0628 364F        4755         MVI     M,4FH
  062A             4756         ORG     0062AH
  062A C3E101      4757         JMP     PRESET
  062D             4758         ORG     0062DH
  062D CD3011      4759         CALL    PREADFILE
  0630             4760         ORG     00630H
  0630 32FA00      4761         STA     PCHAR
  0633             4762         ORG     00633H
  0633 FE1A        4763         CPI     1AH
  0635             4764         ORG     00635H
  0635 CA0000      4765         JZ      @283
  0638             4766         ORG     00638H
  0638 CDB114      4767         CALL    PINSERT
  063B             4768         ORG     0063BH
  063B C30000      4769         JMP     @282
  063E             4770         ORG     0063EH
  063E 210101      4771         LXI     H,PI
  0641             4772         ORG     00641H
  0641 3600        4773         MVI     M,0H
  0643             4774         ORG     00643H
  0643 3A9902      4775         LDA     PFLAG
  0646             4776         ORG     00646H
  0646 1F          4777         RAR
  0647             4778         ORG     00647H
  0647 D20000      4779         JNC     @152
  064A             4780         ORG     0064AH
  064A 21C900      4781         LXI     H,PXBP
  064D             4782         ORG     0064DH
  064D 3A0101      4783         LDA     PI
  0650             4784         ORG     00650H


ISIS-II 8080/8085 MACRO ASSEMBLER, V4.1         EDGEN    PAGE   88


  LOC  OBJ         LINE        SOURCE STATEMENT

  0650 BE          4785         CMP     M
  0651             4786         ORG     00651H
  0651 D20000      4787         JNC     @285
  0654             4788         ORG     00654H
  0654 2A0101      4789         LHLD    PI
  0657             4790         ORG     00657H
  0657 2600        4791         MVI     H,0
  0659             4792         ORG     00659H
  0659 014900      4793         LXI     B,PXBUFF
  065C             4794         ORG     0065CH
  065C 09          4795         DAD     B
  065D             4796         ORG     0065DH
  065D 7E          4797         MOV     A,M
  065E             4798         ORG     0065EH
  065E 32FA00      4799         STA     PCHAR
  0661             4800         ORG     00661H
  0661 210101      4801         LXI     H,PI
  0664             4802         ORG     00664H
  0664 34          4803         INR     M
  0665             4804         ORG     00665H
  0665 CDB114      4805         CALL    PINSERT
  0668             4806         ORG     00668H
  0668 C30000      4807         JMP     @284
  066B             4808         ORG     0066BH
  066B C30000      4809         JMP     @153
  066E             4810         ORG     0066EH
  066E 0E51        4811         MVI     C,51H
  0670             4812         ORG     00670H
  0670 CDCD17      4813         CALL    PSINGLERCOM
  0673             4814         ORG     00673H
  0673 1F          4815         RAR
  0674             4816         ORG     00674H
  0674 D20000      4817         JNC     @154
  0677             4818         ORG     00677H
  0677 01D000      4819         LXI     B,PDFCB
  067A             4820         ORG     0067AH
  067A CD470B      4821         CALL    PDELETE
  067D             4822         ORG     0067DH
  067D CDE90B      4823         CALL    PREBOOT
  0680             4824         ORG     00680H
  0680 C30000      4825         JMP     @155
  190C             4826         ORG     0190CH
  190C 3AFA00      4827         LDA     PCHAR
  190F             4828         ORG     0190FH
  190F D630        4829         SUI     30H
  1911             4830         ORG     01911H
  1911 320101      4831         STA     PI
  1914             4832         ORG     01914H
  1914 4F          4833         MOV     C,A
  1915             4834         ORG     01915H
  1915 3E09        4835         MVI     A,9H
  1917             4836         ORG     01917H
  1917 91          4837         SUB     C
  1918             4838         ORG     01918H
  1918 9F          4839         SBB     A


ISIS-II 8080/8085 MACRO ASSEMBLER, V4.1         EDGEN    PAGE   89


  LOC  OBJ         LINE        SOURCE STATEMENT

  1919             4840         ORG     01919H
  1919 2F          4841         CMA
  191A             4842         ORG     0191AH
  191A C9          4843         RET
  191B             4844         ORG     0191BH
  191B 210000      4845         LXI     H,0H
  191E             4846         ORG     0191EH
  191E 22AF02      4847         SHLD    PDISTANCE
  1921             4848         ORG     01921H
  1921 CD0C18      4849         CALL    PDIGIT
  1924             4850         ORG     01924H
  1924 1F          4851         RAR
  1925             4852         ORG     01925H
  1925 D20000      4853         JNC     @287
  1928             4854         ORG     01928H
  1928 2AAF02      4855         LHLD    PDISTANCE
  192B             4856         ORG     0192BH
  192B 29          4857         DAD     H
  192C             4858         ORG     0192CH
  192C 29          4859         DAD     H
  192D             4860         ORG     0192DH
  192D 29          4861         DAD     H
  192E             4862         ORG     0192EH
  192E E5          4863         PUSH    H       ; 1
  192F             4864         ORG     0192FH
  192F 2AAF02      4865         LHLD    PDISTANCE
  1932             4866         ORG     01932H
  1932 29          4867         DAD     H
  1933             4868         ORG     01933H
  1933 C1          4869         POP     B       ; 1
  1934             4870         ORG     01934H
  1934 09          4871         DAD     B
  1935             4872         ORG     01935H
  1935 E5          4873         PUSH    H       ; 1
  1936             4874         ORG     01936H
  1936 2A0101      4875         LHLD    PI
  1939             4876         ORG     01939H
  1939 2600        4877         MVI     H,0
  193B             4878         ORG     0193BH
  193B C1          4879         POP     B       ; 1
  193C             4880         ORG     0193CH
  193C 09          4881         DAD     B
  193D             4882         ORG     0193DH
  193D 22AF02      4883         SHLD    PDISTANCE
  1940             4884         ORG     01940H
  1940 CD9717      4885         CALL    PREADCTRAN
  1943             4886         ORG     01943H
  1943 C30000      4887         JMP     @286
  1946             4888         ORG     01946H
  1946 C9          4889         RET
  1947             4890         ORG     01947H
  1947 11A301      4891         LXI     D,PBASELINE
  194A             4892         ORG     0194AH
  194A 01AF02      4893         LXI     B,PDISTANCE
  194D             4894         ORG     0194DH


ISIS-II 8080/8085 MACRO ASSEMBLER, V4.1         EDGEN    PAGE   90


  LOC  OBJ         LINE        SOURCE STATEMENT

  194D CD0000      4895         CALL    QP0098
  1950             4896         ORG     01950H
  1950 D20000      4897         JNC     @156
  1953             4898         ORG     01953H
  1953 21B302      4899         LXI     H,PDIRECTION
  1956             4900         ORG     01956H
  1956 3601        4901         MVI     M,1H
  1958             4902         ORG     01958H
  1958 01A301      4903         LXI     B,PBASELINE
  195B             4904         ORG     0195BH
  195B 11AF02      4905         LXI     D,PDISTANCE
  195E             4906         ORG     0195EH
  195E CD0000      4907         CALL    QP0098
  1961             4908         ORG     01961H
  1961 EB          4909         XCHG
  1962             4910         ORG     01962H
  1962 2B          4911         DCX     H
  1963             4912         ORG     01963H
  1963 73          4913         MOV     M,E
  1964             4914         ORG     01964H
  1964 23          4915         INX     H
  1965             4916         ORG     01965H
  1965 72          4917         MOV     M,D
  1966             4918         ORG     01966H
  1966 C30000      4919         JMP     @157
  1969             4920         ORG     01969H
  1969 21B302      4921         LXI     H,PDIRECTION
  196C             4922         ORG     0196CH
  196C 3600        4923         MVI     M,0H
  196E             4924         ORG     0196EH
  196E 01AF02      4925         LXI     B,PDISTANCE
  1971             4926         ORG     01971H
  1971 11A301      4927         LXI     D,PBASELINE
  1974             4928         ORG     01974H
  1974 CD0000      4929         CALL    QP0098
  1977             4930         ORG     01977H
  1977 22AF02      4931         SHLD    PDISTANCE
  197A             4932         ORG     0197AH
  197A C9          4933         RET
  0683             4934         ORG     00683H
  0683 CD3317      4935         CALL    PSETFORWARD
  0686             4936         ORG     00686H
  0686 3AFA00      4937         LDA     PCHAR
  0689             4938         ORG     00689H
  0689 FE2D        4939         CPI     2DH
  068B             4940         ORG     0068BH
  068B C20000      4941         JNZ     @158
  068E             4942         ORG     0068EH
  068E CD9717      4943         CALL    PREADCTRAN
  0691             4944         ORG     00691H
  0691 21B302      4945         LXI     H,PDIRECTION
  0694             4946         ORG     00694H
  0694 3600        4947         MVI     M,0H
  0696             4948         ORG     00696H
  0696 3AFA00      4949         LDA     PCHAR


ISIS-II 8080/8085 MACRO ASSEMBLER, V4.1         EDGEN    PAGE   91


  LOC  OBJ         LINE        SOURCE STATEMENT

  0699             4950         ORG     00699H
  0699 FE23        4951         CPI     23H
  069B             4952         ORG     0069BH
  069B C20000      4953         JNZ     @159
  069E             4954         ORG     0069EH
  069E CD6211      4955         CALL    PSETFF
  06A1             4956         ORG     006A1H
  06A1 CD9717      4957         CALL    PREADCTRAN
  06A4             4958         ORG     006A4H
  06A4 C30000      4959         JMP     @160
  06A7             4960         ORG     006A7H
  06A7 CD0C18      4961         CALL    PDIGIT
  06AA             4962         ORG     006AAH
  06AA 1F          4963         RAR
  06AB             4964         ORG     006ABH
  06AB D20000      4965         JNC     @161
  06AE             4966         ORG     006AEH
  06AE CD1B18      4967         CALL    PNUMBER
  06B1             4968         ORG     006B1H
  06B1 3AFA00      4969         LDA     PCHAR
  06B4             4970         ORG     006B4H
  06B4 FE3A        4971         CPI     3AH
  06B6             4972         ORG     006B6H
  06B6 C20000      4973         JNZ     @162
  06B9             4974         ORG     006B9H
  06B9 21FA00      4975         LXI     H,PCHAR
  06BC             4976         ORG     006BCH
  06BC 364C        4977         MVI     M,4CH
  06BE             4978         ORG     006BEH
  06BE CD4718      4979         CALL    PRELDISTANCE
  06C1             4980         ORG     006C1H
  06C1 C30000      4981         JMP     @163
  06C4             4982         ORG     006C4H
  06C4 3AFA00      4983         LDA     PCHAR
  06C7             4984         ORG     006C7H
  06C7 FE3A        4985         CPI     3AH
  06C9             4986         ORG     006C9H
  06C9 C20000      4987         JNZ     @164
  06CC             4988         ORG     006CCH
  06CC CD9717      4989         CALL    PREADCTRAN
  06CF             4990         ORG     006CFH
  06CF CD1B18      4991         CALL    PNUMBER
  06D2             4992         ORG     006D2H
  06D2 CD4718      4993         CALL    PRELDISTANCE
  06D5             4994         ORG     006D5H
  06D5 3AB302      4995         LDA     PDIRECTION
  06D8             4996         ORG     006D8H
  06D8 FE01        4997         CPI     1H
  06DA             4998         ORG     006DAH
  06DA C20000      4999         JNZ     @165
  06DD             5000         ORG     006DDH
  06DD 2AAF02      5001         LHLD    PDISTANCE
  06E0             5002         ORG     006E0H
  06E0 23          5003         INX     H
  06E1             5004         ORG     006E1H


ISIS-II 8080/8085 MACRO ASSEMBLER, V4.1         EDGEN    PAGE   92


  LOC  OBJ         LINE        SOURCE STATEMENT

  06E1 22AF02      5005         SHLD    PDISTANCE
  06E4             5006         ORG     006E4H
  06E4 CD6911      5007         CALL    PDISTZERO
  06E7             5008         ORG     006E7H
  06E7 1F          5009         RAR
  06E8             5010         ORG     006E8H
  06E8 D20000      5011         JNC     @166
  06EB             5012         ORG     006EBH
  06EB 21B302      5013         LXI     H,PDIRECTION
  06EE             5014         ORG     006EEH
  06EE 3600        5015         MVI     M,0H
  06F0             5016         ORG     006F0H
  06F0 3AFA00      5017         LDA     PCHAR
  06F3             5018         ORG     006F3H
  06F3 FE42        5019         CPI     42H
  06F5             5020         ORG     006F5H
  06F5 C20000      5021         JNZ     @167
  06F8             5022         ORG     006F8H
  06F8 21B302      5023         LXI     H,PDIRECTION
  06FB             5024         ORG     006FBH
  06FB 3E01        5025         MVI     A,1H
  06FD             5026         ORG     006FDH
  06FD 96          5027         SUB     M
  06FE             5028         ORG     006FEH
  06FE 77          5029         MOV     M,A
  06FF             5030         ORG     006FFH
  06FF 210100      5031         LXI     H,1H
  0702             5032         ORG     00702H
  0702 22B902      5033         SHLD    PFIRST
  0705             5034         ORG     00705H
  0705 2A0200      5035         LHLD    PMAXM
  0708             5036         ORG     00708H
  0708 22BB02      5037         SHLD    PLAST
  070B             5038         ORG     0070BH
  070B CD2A13      5039         CALL    PMOVER
  070E             5040         ORG     0070EH
  070E C30000      5041         JMP     @168
  0711             5042         ORG     00711H
  0711 3AFA00      5043         LDA     PCHAR
  0714             5044         ORG     00714H
  0714 FE43        5045         CPI     43H
  0716             5046         ORG     00716H
  0716 C20000      5047         JNZ     @169
  0719             5048         ORG     00719H
  0719 CD3D13      5049         CALL    PSETCLIMITS
  071C             5050         ORG     0071CH
  071C CD2A13      5051         CALL    PMOVER
  071F             5052         ORG     0071FH
  071F C30000      5053         JMP     @170
  0722             5054         ORG     00722H
  0722 3AFA00      5055         LDA     PCHAR
  0725             5056         ORG     00725H
  0725 FE44        5057         CPI     44H
  0727             5058         ORG     00727H
  0727 C20000      5059         JNZ     @171


ISIS-II 8080/8085 MACRO ASSEMBLER, V4.1         EDGEN    PAGE   93


  LOC  OBJ         LINE        SOURCE STATEMENT

  072A             5060         ORG     0072AH
  072A CD3D13      5061         CALL    PSETCLIMITS
  072D             5062         ORG     0072DH
  072D CD3013      5063         CALL    PSETPTRS
  0730             5064         ORG     00730H
  0730 C30000      5065         JMP     @172
  0733             5066         ORG     00733H
  0733 3AFA00      5067         LDA     PCHAR
  0736             5068         ORG     00736H
  0736 FE4B        5069         CPI     4BH
  0738             5070         ORG     00738H
  0738 C20000      5071         JNZ     @173
  073B             5072         ORG     0073BH
  073B CD9111      5073         CALL    PSETLIMITS
  073E             5074         ORG     0073EH
  073E CD3013      5075         CALL    PSETPTRS
  0741             5076         ORG     00741H
  0741 C30000      5077         JMP     @174
  0744             5078         ORG     00744H
  0744 3AFA00      5079         LDA     PCHAR
  0747             5080         ORG     00747H
  0747 FE4C        5081         CPI     4CH
  0749             5082         ORG     00749H
  0749 C20000      5083         JNZ     @175
  074C             5084         ORG     0074CH
  074C CD3613      5085         CALL    PMOVELINES
  074F             5086         ORG     0074FH
  074F C30000      5087         JMP     @176
  0752             5088         ORG     00752H
  0752 3AFA00      5089         LDA     PCHAR
  0755             5090         ORG     00755H
  0755 FE50        5091         CPI     50H
  0757             5092         ORG     00757H
  0757 C20000      5093         JNZ     @177
  075A             5094         ORG     0075AH
  075A CD6911      5095         CALL    PDISTZERO
  075D             5096         ORG     0075DH
  075D 1F          5097         RAR
  075E             5098         ORG     0075EH
  075E D20000      5099         JNC     @178
  0761             5100         ORG     00761H
  0761 21B302      5101         LXI     H,PDIRECTION
  0764             5102         ORG     00764H
  0764 3601        5103         MVI     M,1H
  0766             5104         ORG     00766H
  0766 CDAE16      5105         CALL    PSETLPP
  0769             5106         ORG     00769H
  0769 CD1A16      5107         CALL    PTYPELINES
  076C             5108         ORG     0076CH
  076C C30000      5109         JMP     @179
  076F             5110         ORG     0076FH
  076F CD7D11      5111         CALL    PDISTNZERO
  0772             5112         ORG     00772H
  0772 1F          5113         RAR
  0773             5114         ORG     00773H


ISIS-II 8080/8085 MACRO ASSEMBLER, V4.1         EDGEN    PAGE   94


  LOC  OBJ         LINE        SOURCE STATEMENT

  0773 D20000      5115         JNC     @289
  0776             5116         ORG     00776H
  0776 CDC316      5117         CALL    PPAGE
  0779             5118         ORG     00779H
  0779 CD0E17      5119         CALL    PWAIT
  077C             5120         ORG     0077CH
  077C C30000      5121         JMP     @288
  077F             5122         ORG     0077FH
  077F C30000      5123         JMP     @180
  0782             5124         ORG     00782H
  0782 3AFA00      5125         LDA     PCHAR
  0785             5126         ORG     00785H
  0785 FE54        5127         CPI     54H
  0787             5128         ORG     00787H
  0787 C20000      5129         JNZ     @181
  078A             5130         ORG     0078AH
  078A CD1A16      5131         CALL    PTYPELINES
  078D             5132         ORG     0078DH
  078D C30000      5133         JMP     @182
  0790             5134         ORG     00790H
  0790 3AFA00      5135         LDA     PCHAR
  0793             5136         ORG     00793H
  0793 FE55        5137         CPI     55H
  0795             5138         ORG     00795H
  0795 C20000      5139         JNZ     @183
  0798             5140         ORG     00798H
  0798 3AB302      5141         LDA     PDIRECTION
  079B             5142         ORG     0079BH
  079B D601        5143         SUI     1H
  079D             5144         ORG     0079DH
  079D D601        5145         SUI     1
  079F             5146         ORG     0079FH
  079F 9F          5147         SBB     A
  07A0             5148         ORG     007A0H
  07A0 32A302      5149         STA     PUPPER
  07A3             5150         ORG     007A3H
  07A3 C30000      5151         JMP     @184
  07A6             5152         ORG     007A6H
  07A6 3AFA00      5153         LDA     PCHAR
  07A9             5154         ORG     007A9H
  07A9 FE56        5155         CPI     56H
  07AB             5156         ORG     007ABH
  07AB C20000      5157         JNZ     @185
  07AE             5158         ORG     007AEH
  07AE CD6911      5159         CALL    PDISTZERO
  07B1             5160         ORG     007B1H
  07B1 1F          5161         RAR
  07B2             5162         ORG     007B2H
  07B2 D20000      5163         JNC     @186
  07B5             5164         ORG     007B5H
  07B5 01B502      5165         LXI     B,PFRONT
  07B8             5166         ORG     007B8H
  07B8 11B702      5167         LXI     D,PBACK
  07BB             5168         ORG     007BBH
  07BB CD0000      5169         CALL    QP0098


ISIS-II 8080/8085 MACRO ASSEMBLER, V4.1         EDGEN    PAGE   95


  LOC  OBJ         LINE        SOURCE STATEMENT

  07BE             5170         ORG     007BEH
  07BE 44          5171         MOV     B,H
  07BF             5172         ORG     007BFH
  07BF 4D          5173         MOV     C,L
  07C0             5174         ORG     007C0H
  07C0 CD0C16      5175         CALL    PPRINTVALUE
  07C3             5176         ORG     007C3H
  07C3 0E2F        5177         MVI     C,2FH
  07C5             5178         ORG     007C5H
  07C5 CD0C16      5179         CALL    PPRINTC
  07C8             5180         ORG     007C8H
  07C8 2A0200      5181         LHLD    PMAXM
  07CB             5182         ORG     007CBH
  07CB 44          5183         MOV     B,H
  07CC             5184         ORG     007CCH
  07CC 4D          5185         MOV     C,L
  07CD             5186         ORG     007CDH
  07CD CD0C16      5187         CALL    PPRINTVALUE
  07D0             5188         ORG     007D0H
  07D0 CDD10A      5189         CALL    PCRLF
  07D3             5190         ORG     007D3H
  07D3 C30000      5191         JMP     @187
  07D6             5192         ORG     007D6H
  07D6 3AB302      5193         LDA     PDIRECTION
  07D9             5194         ORG     007D9H
  07D9 D601        5195         SUI     1H
  07DB             5196         ORG     007DBH
  07DB D601        5197         SUI     1
  07DD             5198         ORG     007DDH
  07DD 9F          5199         SBB     A
  07DE             5200         ORG     007DEH
  07DE 32A701      5201         STA     PLINESET
  07E1             5202         ORG     007E1H
  07E1 C30000      5203         JMP     @188
  07E4             5204         ORG     007E4H
  07E4 3AFA00      5205         LDA     PCHAR
  07E7             5206         ORG     007E7H
  07E7 FE0D        5207         CPI     0DH
  07E9             5208         ORG     007E9H
  07E9 C20000      5209         JNZ     @189
  07EC             5210         ORG     007ECH
  07EC 3A9B02      5211         LDA     PMI
  07EF             5212         ORG     007EFH
  07EF D601        5213         SUI     1H
  07F1             5214         ORG     007F1H
  07F1 D601        5215         SUI     1
  07F3             5216         ORG     007F3H
  07F3 9F          5217         SBB     A
  07F4             5218         ORG     007F4H
  07F4 F5          5219         PUSH    PSW     ; 1
  07F5             5220         ORG     007F5H
  07F5 3A9A02      5221         LDA     PMP
  07F8             5222         ORG     007F8H
  07F8 D600        5223         SUI     0H
  07FA             5224         ORG     007FAH


ISIS-II 8080/8085 MACRO ASSEMBLER, V4.1         EDGEN    PAGE   96


  LOC  OBJ         LINE        SOURCE STATEMENT

  07FA D601        5225         SUI     1
  07FC             5226         ORG     007FCH
  07FC 9F          5227         SBB     A
  07FD             5228         ORG     007FDH
  07FD C1          5229         POP     B       ; 1
  07FE             5230         ORG     007FEH
  07FE 48          5231         MOV     C,B
  07FF             5232         ORG     007FFH
  07FF A1          5233         ANA     C
  0800             5234         ORG     00800H
  0800 1F          5235         RAR
  0801             5236         ORG     00801H
  0801 D20000      5237         JNC     @190
  0804             5238         ORG     00804H
  0804 CD3613      5239         CALL    PMOVELINES
  0807             5240         ORG     00807H
  0807 CD3317      5241         CALL    PSETFORWARD
  080A             5242         ORG     0080AH
  080A CD1A16      5243         CALL    PTYPELINES
  080D             5244         ORG     0080DH
  080D C30000      5245         JMP     @191
  0810             5246         ORG     00810H
  0810 3AB302      5247         LDA     PDIRECTION
  0813             5248         ORG     00813H
  0813 D601        5249         SUI     1H
  0815             5250         ORG     00815H
  0815 D601        5251         SUI     1
  0817             5252         ORG     00817H
  0817 9F          5253         SBB     A
  0818             5254         ORG     00818H
  0818 F5          5255         PUSH    PSW     ; 1
  0819             5256         ORG     00819H
  0819 CD6911      5257         CALL    PDISTZERO
  081C             5258         ORG     0081CH
  081C C1          5259         POP     B       ; 1
  081D             5260         ORG     0081DH
  081D 48          5261         MOV     C,B
  081E             5262         ORG     0081EH
  081E B1          5263         ORA     C
  081F             5264         ORG     0081FH
  081F 1F          5265         RAR
  0820             5266         ORG     00820H
  0820 D20000      5267         JNC     @192
  0823             5268         ORG     00823H
  0823 3AFA00      5269         LDA     PCHAR
  0826             5270         ORG     00826H
  0826 FE41        5271         CPI     41H
  0828             5272         ORG     00828H
  0828 C20000      5273         JNZ     @193
  082B             5274         ORG     0082BH
  082B 21B302      5275         LXI     H,PDIRECTION
  082E             5276         ORG     0082EH
  082E 3601        5277         MVI     M,1H
  0830             5278         ORG     00830H
  0830 2AB502      5279         LHLD    PFRONT


ISIS-II 8080/8085 MACRO ASSEMBLER, V4.1         EDGEN    PAGE   97


  LOC  OBJ         LINE        SOURCE STATEMENT

  0833             5280         ORG     00833H
  0833 22B902      5281         SHLD    PFIRST
  0836             5282         ORG     00836H
  0836 2A0200      5283         LHLD    PMAXM
  0839             5284         ORG     00839H
  0839 22BB02      5285         SHLD    PLAST
  083C             5286         ORG     0083CH
  083C CD2A13      5287         CALL    PMOVER
  083F             5288         ORG     0083FH
  083F CD6911      5289         CALL    PDISTZERO
  0842             5290         ORG     00842H
  0842 1F          5291         RAR
  0843             5292         ORG     00843H
  0843 D20000      5293         JNC     @194
  0846             5294         ORG     00846H
  0846 CD3F17      5295         CALL    PAPPHALF
  0849             5296         ORG     00849H
  0849 CD7D11      5297         CALL    PDISTNZERO
  084C             5298         ORG     0084CH
  084C 1F          5299         RAR
  084D             5300         ORG     0084DH
  084D D20000      5301         JNC     @291
  0850             5302         ORG     00850H
  0850 CD9C13      5303         CALL    PREADLINE
  0853             5304         ORG     00853H
  0853 C30000      5305         JMP     @290
  0856             5306         ORG     00856H
  0856 21B302      5307         LXI     H,PDIRECTION
  0859             5308         ORG     00859H
  0859 3600        5309         MVI     M,0H
  085B             5310         ORG     0085BH
  085B CD2A13      5311         CALL    PMOVER
  085E             5312         ORG     0085EH
  085E C30000      5313         JMP     @195
  0861             5314         ORG     00861H
  0861 3AFA00      5315         LDA     PCHAR
  0864             5316         ORG     00864H
  0864 FE46        5317         CPI     46H
  0866             5318         ORG     00866H
  0866 C20000      5319         JNZ     @196
  0869             5320         ORG     00869H
  0869 CDD115      5321         CALL    PSETFIND
  086C             5322         ORG     0086CH
  086C CD7D11      5323         CALL    PDISTNZERO
  086F             5324         ORG     0086FH
  086F 1F          5325         RAR
  0870             5326         ORG     00870H
  0870 D20000      5327         JNC     @293
  0873             5328         ORG     00873H
  0873 CDE015      5329         CALL    PCHKFOUND
  0876             5330         ORG     00876H
  0876 C30000      5331         JMP     @292
  0879             5332         ORG     00879H
  0879 C30000      5333         JMP     @197
  087C             5334         ORG     0087CH


ISIS-II 8080/8085 MACRO ASSEMBLER, V4.1         EDGEN    PAGE   98


  LOC  OBJ         LINE        SOURCE STATEMENT

  087C 3AFA00      5335         LDA     PCHAR
  087F             5336         ORG     0087FH
  087F FE4A        5337         CPI     4AH
  0881             5338         ORG     00881H
  0881 C20000      5339         JNZ     @198
  0884             5340         ORG     00884H
  0884 CDD115      5341         CALL    PSETFIND
  0887             5342         ORG     00887H
  0887 CDFC14      5343         CALL    PCOLLECT
  088A             5344         ORG     0088AH
  088A 3A9702      5345         LDA     PWBE
  088D             5346         ORG     0088DH
  088D 329802      5347         STA     PWBJ
  0890             5348         ORG     00890H
  0890 CDFC14      5349         CALL    PCOLLECT
  0893             5350         ORG     00893H
  0893 CD7D11      5351         CALL    PDISTNZERO
  0896             5352         ORG     00896H
  0896 1F          5353         RAR
  0897             5354         ORG     00897H
  0897 D20000      5355         JNC     @295
  089A             5356         ORG     0089AH
  089A CDE015      5357         CALL    PCHKFOUND
  089D             5358         ORG     0089DH
  089D 3A9602      5359         LDA     PWBP
  08A0             5360         ORG     008A0H
  08A0 3D          5361         DCR     A
  08A1             5362         ORG     008A1H
  08A1 329B02      5363         STA     PMI
  08A4             5364         ORG     008A4H
  08A4 3A9B02      5365         LDA     PMI
  08A7             5366         ORG     008A7H
  08A7 3C          5367         INR     A
  08A8             5368         ORG     008A8H
  08A8 329B02      5369         STA     PMI
  08AB             5370         ORG     008ABH
  08AB 219802      5371         LXI     H,PWBJ
  08AE             5372         ORG     008AEH
  08AE BE          5373         CMP     M
  08AF             5374         ORG     008AFH
  08AF D20000      5375         JNC     @297
  08B2             5376         ORG     008B2H
  08B2 2A9B02      5377         LHLD    PMI
  08B5             5378         ORG     008B5H
  08B5 2600        5379         MVI     H,0
  08B7             5380         ORG     008B7H
  08B7 013202      5381         LXI     B,PSCRATCH
  08BA             5382         ORG     008BAH
  08BA 09          5383         DAD     B
  08BB             5384         ORG     008BBH
  08BB 7E          5385         MOV     A,M
  08BC             5386         ORG     008BCH
  08BC 32FA00      5387         STA     PCHAR
  08BF             5388         ORG     008BFH
  08BF CDB114      5389         CALL    PINSERT


ISIS-II 8080/8085 MACRO ASSEMBLER, V4.1         EDGEN    PAGE   99


  LOC  OBJ         LINE        SOURCE STATEMENT

  08C2             5390         ORG     008C2H
  08C2 C30000      5391         JMP     @296
  08C5             5392         ORG     008C5H
  08C5 2AB502      5393         LHLD    PFRONT
  08C8             5394         ORG     008C8H
  08C8 22D702      5395         SHLD    PT
  08CB             5396         ORG     008CBH
  08CB 2A9802      5397         LHLD    PWBJ
  08CE             5398         ORG     008CEH
  08CE 4D          5399         MOV     C,L
  08CF             5400         ORG     008CFH
  08CF 2A9702      5401         LHLD    PWBE
  08D2             5402         ORG     008D2H
  08D2 EB          5403         XCHG
  08D3             5404         ORG     008D3H
  08D3 CD4715      5405         CALL    PFIND
  08D6             5406         ORG     008D6H
  08D6 1F          5407         RAR
  08D7             5408         ORG     008D7H
  08D7 DA0000      5409         JC      @199
  08DA             5410         ORG     008DAH
  08DA C3C301      5411         JMP     POVERCOUNT
  08DD             5412         ORG     008DDH
  08DD 219802      5413         LXI     H,PWBJ
  08E0             5414         ORG     008E0H
  08E0 3A9702      5415         LDA     PWBE
  08E3             5416         ORG     008E3H
  08E3 96          5417         SUB     M
  08E4             5418         ORG     008E4H
  08E4 11B502      5419         LXI     D,PFRONT
  08E7             5420         ORG     008E7H
  08E7 CD0000      5421         CALL    QP0101
  08EA             5422         ORG     008EAH
  08EA 22B902      5423         SHLD    PFIRST
  08ED             5424         ORG     008EDH
  08ED 21B302      5425         LXI     H,PDIRECTION
  08F0             5426         ORG     008F0H
  08F0 3600        5427         MVI     M,0H
  08F2             5428         ORG     008F2H
  08F2 CD2A13      5429         CALL    PMOVER
  08F5             5430         ORG     008F5H
  08F5 2AD702      5431         LHLD    PT
  08F8             5432         ORG     008F8H
  08F8 22B502      5433         SHLD    PFRONT
  08FB             5434         ORG     008FBH
  08FB C30000      5435         JMP     @294
  08FE             5436         ORG     008FEH
  08FE C30000      5437         JMP     @200
  0901             5438         ORG     00901H
  0901 3AFA00      5439         LDA     PCHAR
  0904             5440         ORG     00904H
  0904 D64D        5441         SUI     4DH
  0906             5442         ORG     00906H
  0906 D601        5443         SUI     1
  0908             5444         ORG     00908H


ISIS-II 8080/8085 MACRO ASSEMBLER, V4.1         EDGEN    PAGE  100


  LOC  OBJ         LINE        SOURCE STATEMENT

  0908 9F          5445         SBB     A
  0909             5446         ORG     00909H
  0909 F5          5447         PUSH    PSW     ; 1
  090A             5448         ORG     0090AH
  090A 3A9A02      5449         LDA     PMP
  090D             5450         ORG     0090DH
  090D D600        5451         SUI     0H
  090F             5452         ORG     0090FH
  090F D601        5453         SUI     1
  0911             5454         ORG     00911H
  0911 9F          5455         SBB     A
  0912             5456         ORG     00912H
  0912 C1          5457         POP     B       ; 1
  0913             5458         ORG     00913H
  0913 48          5459         MOV     C,B
  0914             5460         ORG     00914H
  0914 A1          5461         ANA     C
  0915             5462         ORG     00915H
  0915 1F          5463         RAR
  0916             5464         ORG     00916H
  0916 D20000      5465         JNC     @201
  0919             5466         ORG     00919H
  0919 219C02      5467         LXI     H,PXP
  091C             5468         ORG     0091CH
  091C 36FF        5469         MVI     M,0FFH
  091E             5470         ORG     0091EH
  091E 3E01        5471         MVI     A,1H
  0920             5472         ORG     00920H
  0920 11AF02      5473         LXI     D,PDISTANCE
  0923             5474         ORG     00923H
  0923 CD0000      5475         CALL    QP0101
  0926             5476         ORG     00926H
  0926 B5          5477         ORA     L
  0927             5478         ORG     00927H
  0927 C20000      5479         JNZ     @202
  092A             5480         ORG     0092AH
  092A CD7611      5481         CALL    PZERODIST
  092D             5482         ORG     0092DH
  092D CD9717      5483         CALL    PREADC
  0930             5484         ORG     00930H
  0930 F5          5485         PUSH    PSW     ; 1
  0931             5486         ORG     00931H
  0931 3A9C02      5487         LDA     PXP
  0934             5488         ORG     00934H
  0934 3C          5489         INR     A
  0935             5490         ORG     00935H
  0935 329C02      5491         STA     PXP
  0938             5492         ORG     00938H
  0938 4F          5493         MOV     C,A
  0939             5494         ORG     00939H
  0939 0600        5495         MVI     B,0
  093B             5496         ORG     0093BH
  093B 21B201      5497         LXI     H,PMACRO
  093E             5498         ORG     0093EH
  093E 09          5499         DAD     B


ISIS-II 8080/8085 MACRO ASSEMBLER, V4.1         EDGEN    PAGE  101


  LOC  OBJ         LINE        SOURCE STATEMENT

  093F             5500         ORG     0093FH
  093F C1          5501         POP     B       ; 1
  0940             5502         ORG     00940H
  0940 48          5503         MOV     C,B
  0941             5504         ORG     00941H
  0941 71          5505         MOV     M,C
  0942             5506         ORG     00942H
  0942 79          5507         MOV     A,C
  0943             5508         ORG     00943H
  0943 FE0D        5509         CPI     0DH
  0945             5510         ORG     00945H
  0945 CA0000      5511         JZ      @299
  0948             5512         ORG     00948H
  0948 C30000      5513         JMP     @298
  094B             5514         ORG     0094BH
  094B 3A9C02      5515         LDA     PXP
  094E             5516         ORG     0094EH
  094E 329A02      5517         STA     PMP
  0951             5518         ORG     00951H
  0951 219C02      5519         LXI     H,PXP
  0954             5520         ORG     00954H
  0954 3600        5521         MVI     M,0H
  0956             5522         ORG     00956H
  0956 E5          5523         PUSH    H       ; 1
  0957             5524         ORG     00957H
  0957 2AAF02      5525         LHLD    PDISTANCE
  095A             5526         ORG     0095AH
  095A EB          5527         XCHG
  095B             5528         ORG     0095BH
  095B E1          5529         POP     H       ; 1
  095C             5530         ORG     0095CH
  095C 23          5531         INX     H
  095D             5532         ORG     0095DH
  095D 73          5533         MOV     M,E
  095E             5534         ORG     0095EH
  095E 23          5535         INX     H
  095F             5536         ORG     0095FH
  095F 72          5537         MOV     M,D
  0960             5538         ORG     00960H
  0960 C30000      5539         JMP     @203
  0963             5540         ORG     00963H
  0963 3AFA00      5541         LDA     PCHAR
  0966             5542         ORG     00966H
  0966 FE4E        5543         CPI     4EH
  0968             5544         ORG     00968H
  0968 C20000      5545         JNZ     @204
  096B             5546         ORG     0096BH
  096B CDD115      5547         CALL    PSETFIND
  096E             5548         ORG     0096EH
  096E CD7D11      5549         CALL    PDISTNZERO
  0971             5550         ORG     00971H
  0971 1F          5551         RAR
  0972             5552         ORG     00972H
  0972 D20000      5553         JNC     @301
  0975             5554         ORG     00975H


ISIS-II 8080/8085 MACRO ASSEMBLER, V4.1         EDGEN    PAGE  102


  LOC  OBJ         LINE        SOURCE STATEMENT

  0975 2A9602      5555         LHLD    PWBP
  0978             5556         ORG     00978H
  0978 EB          5557         XCHG
  0979             5558         ORG     00979H
  0979 0E00        5559         MVI     C,0H
  097B             5560         ORG     0097BH
  097B CD4715      5561         CALL    PFIND
  097E             5562         ORG     0097EH
  097E 1F          5563         RAR
  097F             5564         ORG     0097FH
  097F DA0000      5565         JC      @303
  0982             5566         ORG     00982H
  0982 CDA60B      5567         CALL    PBREAKKEY
  0985             5568         ORG     00985H
  0985 1F          5569         RAR
  0986             5570         ORG     00986H
  0986 D20000      5571         JNC     @205
  0989             5572         ORG     00989H
  0989 C3E101      5573         JMP     PRESET
  098C             5574         ORG     0098CH
  098C CDB516      5575         CALL    PSAVEDIST
  098F             5576         ORG     0098FH
  098F CD8E14      5577         CALL    PCLEARMEM
  0992             5578         ORG     00992H
  0992 CD3F17      5579         CALL    PAPPHALF
  0995             5580         ORG     00995H
  0995 21B302      5581         LXI     H,PDIRECTION
  0998             5582         ORG     00998H
  0998 3600        5583         MVI     M,0H
  099A             5584         ORG     0099AH
  099A 210100      5585         LXI     H,1H
  099D             5586         ORG     0099DH
  099D 22B902      5587         SHLD    PFIRST
  09A0             5588         ORG     009A0H
  09A0 CD2A13      5589         CALL    PMOVER
  09A3             5590         ORG     009A3H
  09A3 CDBC16      5591         CALL    PRESTDIST
  09A6             5592         ORG     009A6H
  09A6 21B302      5593         LXI     H,PDIRECTION
  09A9             5594         ORG     009A9H
  09A9 3601        5595         MVI     M,1H
  09AB             5596         ORG     009ABH
  09AB 010200      5597         LXI     B,PMAXM
  09AE             5598         ORG     009AEH
  09AE 11B702      5599         LXI     D,PBACK
  09B1             5600         ORG     009B1H
  09B1 CD0000      5601         CALL    QP0098
  09B4             5602         ORG     009B4H
  09B4 DA0000      5603         JC      @206
  09B7             5604         ORG     009B7H
  09B7 C3C301      5605         JMP     POVERCOUNT
  09BA             5606         ORG     009BAH
  09BA C30000      5607         JMP     @302
  09BD             5608         ORG     009BDH
  09BD C30000      5609         JMP     @300


ISIS-II 8080/8085 MACRO ASSEMBLER, V4.1         EDGEN    PAGE  103


  LOC  OBJ         LINE        SOURCE STATEMENT

  09C0             5610         ORG     009C0H
  09C0 C30000      5611         JMP     @207
  09C3             5612         ORG     009C3H
  09C3 3AFA00      5613         LDA     PCHAR
  09C6             5614         ORG     009C6H
  09C6 FE53        5615         CPI     53H
  09C8             5616         ORG     009C8H
  09C8 C20000      5617         JNZ     @208
  09CB             5618         ORG     009CBH
  09CB CDD115      5619         CALL    PSETFIND
  09CE             5620         ORG     009CEH
  09CE CDFC14      5621         CALL    PCOLLECT
  09D1             5622         ORG     009D1H
  09D1 CD7D11      5623         CALL    PDISTNZERO
  09D4             5624         ORG     009D4H
  09D4 1F          5625         RAR
  09D5             5626         ORG     009D5H
  09D5 D20000      5627         JNC     @305
  09D8             5628         ORG     009D8H
  09D8 CDE015      5629         CALL    PCHKFOUND
  09DB             5630         ORG     009DBH
  09DB 3A9602      5631         LDA     PWBP
  09DE             5632         ORG     009DEH
  09DE 329B02      5633         STA     PMI
  09E1             5634         ORG     009E1H
  09E1 11B502      5635         LXI     D,PFRONT
  09E4             5636         ORG     009E4H
  09E4 CD0000      5637         CALL    QP0101
  09E7             5638         ORG     009E7H
  09E7 EB          5639         XCHG
  09E8             5640         ORG     009E8H
  09E8 2B          5641         DCX     H
  09E9             5642         ORG     009E9H
  09E9 73          5643         MOV     M,E
  09EA             5644         ORG     009EAH
  09EA 23          5645         INX     H
  09EB             5646         ORG     009EBH
  09EB 72          5647         MOV     M,D
  09EC             5648         ORG     009ECH
  09EC 219702      5649         LXI     H,PWBE
  09EF             5650         ORG     009EFH
  09EF 3A9B02      5651         LDA     PMI
  09F2             5652         ORG     009F2H
  09F2 BE          5653         CMP     M
  09F3             5654         ORG     009F3H
  09F3 D20000      5655         JNC     @307
  09F6             5656         ORG     009F6H
  09F6 2A9B02      5657         LHLD    PMI
  09F9             5658         ORG     009F9H
  09F9 2600        5659         MVI     H,0
  09FB             5660         ORG     009FBH
  09FB 013202      5661         LXI     B,PSCRATCH
  09FE             5662         ORG     009FEH
  09FE 09          5663         DAD     B
  09FF             5664         ORG     009FFH


ISIS-II 8080/8085 MACRO ASSEMBLER, V4.1         EDGEN    PAGE  104


  LOC  OBJ         LINE        SOURCE STATEMENT

  09FF 7E          5665         MOV     A,M
  0A00             5666         ORG     00A00H
  0A00 32FA00      5667         STA     PCHAR
  0A03             5668         ORG     00A03H
  0A03 219B02      5669         LXI     H,PMI
  0A06             5670         ORG     00A06H
  0A06 34          5671         INR     M
  0A07             5672         ORG     00A07H
  0A07 CDB114      5673         CALL    PINSERT
  0A0A             5674         ORG     00A0AH
  0A0A C30000      5675         JMP     @306
  0A0D             5676         ORG     00A0DH
  0A0D C30000      5677         JMP     @304
  0A10             5678         ORG     00A10H
  0A10 C30000      5679         JMP     @209
  0A13             5680         ORG     00A13H
  0A13 3AFA00      5681         LDA     PCHAR
  0A16             5682         ORG     00A16H
  0A16 FE57        5683         CPI     57H
  0A18             5684         ORG     00A18H
  0A18 C20000      5685         JNZ     @210
  0A1B             5686         ORG     00A1BH
  0A1B CD4E14      5687         CALL    PWRITEOUT
  0A1E             5688         ORG     00A1EH
  0A1E C30000      5689         JMP     @211
  0A21             5690         ORG     00A21H
  0A21 3AFA00      5691         LDA     PCHAR
  0A24             5692         ORG     00A24H
  0A24 FE58        5693         CPI     58H
  0A26             5694         ORG     00A26H
  0A26 C20000      5695         JNZ     @212
  0A29             5696         ORG     00A29H
  0A29 CD3F0D      5697         CALL    PSETXDMA
  0A2C             5698         ORG     00A2CH
  0A2C CD6911      5699         CALL    PDISTZERO
  0A2F             5700         ORG     00A2FH
  0A2F 1F          5701         RAR
  0A30             5702         ORG     00A30H
  0A30 D20000      5703         JNC     @213
  0A33             5704         ORG     00A33H
  0A33 CD2A0D      5705         CALL    PXCLEAR
  0A36             5706         ORG     00A36H
  0A36 012800      5707         LXI     B,PXFCB
  0A39             5708         ORG     00A39H
  0A39 CD470B      5709         CALL    PDELETE
  0A3C             5710         ORG     00A3CH
  0A3C C30000      5711         JMP     @214
  0A3F             5712         ORG     00A3FH
  0A3F 3ACA00      5713         LDA     PXFERON
  0A42             5714         ORG     00A42H
  0A42 1F          5715         RAR
  0A43             5716         ORG     00A43H
  0A43 DA0000      5717         JC      @215
  0A46             5718         ORG     00A46H
  0A46 CD2A0D      5719         CALL    PXCLEAR


ISIS-II 8080/8085 MACRO ASSEMBLER, V4.1         EDGEN    PAGE  105


  LOC  OBJ         LINE        SOURCE STATEMENT

  0A49             5720         ORG     00A49H
  0A49 21CA00      5721         LXI     H,PXFERON
  0A4C             5722         ORG     00A4CH
  0A4C 3601        5723         MVI     M,1H
  0A4E             5724         ORG     00A4EH
  0A4E 012800      5725         LXI     B,PXFCB
  0A51             5726         ORG     00A51H
  0A51 CD470B      5727         CALL    PDELETE
  0A54             5728         ORG     00A54H
  0A54 012800      5729         LXI     B,PXFCB
  0A57             5730         ORG     00A57H
  0A57 CD770B      5731         CALL    PMAKE
  0A5A             5732         ORG     00A5AH
  0A5A 3A0B01      5733         LDA     PDCNT
  0A5D             5734         ORG     00A5DH
  0A5D FEFF        5735         CPI     0FFH
  0A5F             5736         ORG     00A5FH
  0A5F C20000      5737         JNZ     @216
  0A62             5738         ORG     00A62H
  0A62 CD0F0C      5739         CALL    PFERR
  0A65             5740         ORG     00A65H
  0A65 CD9111      5741         CALL    PSETLIMITS
  0A68             5742         ORG     00A68H
  0A68 2AB902      5743         LHLD    PFIRST
  0A6B             5744         ORG     00A6BH
  0A6B 220101      5745         SHLD    PI
  0A6E             5746         ORG     00A6EH
  0A6E 11BB02      5747         LXI     D,PLAST
  0A71             5748         ORG     00A71H
  0A71 010101      5749         LXI     B,PI
  0A74             5750         ORG     00A74H
  0A74 CD0000      5751         CALL    QP0098
  0A77             5752         ORG     00A77H
  0A77 DA0000      5753         JC      @309
  0A7A             5754         ORG     00A7AH
  0A7A 2A0101      5755         LHLD    PI
  0A7D             5756         ORG     00A7DH
  0A7D 010000      5757         LXI     B,PMEMORY
  0A80             5758         ORG     00A80H
  0A80 09          5759         DAD     B
  0A81             5760         ORG     00A81H
  0A81 4E          5761         MOV     C,M
  0A82             5762         ORG     00A82H
  0A82 CD730E      5763         CALL    PPUTXFER
  0A85             5764         ORG     00A85H
  0A85 110100      5765         LXI     D,1H
  0A88             5766         ORG     00A88H
  0A88 2A0101      5767         LHLD    PI
  0A8B             5768         ORG     00A8BH
  0A8B 19          5769         DAD     D
  0A8C             5770         ORG     00A8CH
  0A8C 220101      5771         SHLD    PI
  0A8F             5772         ORG     00A8FH
  0A8F D20000      5773         JNC     @308
  0A92             5774         ORG     00A92H


ISIS-II 8080/8085 MACRO ASSEMBLER, V4.1         EDGEN    PAGE  106


  LOC  OBJ         LINE        SOURCE STATEMENT

  0A92 C30000      5775         JMP     @217
  0A95             5776         ORG     00A95H
  0A95 3AFA00      5777         LDA     PCHAR
  0A98             5778         ORG     00A98H
  0A98 FE5A        5779         CPI     5AH
  0A9A             5780         ORG     00A9AH
  0A9A C20000      5781         JNZ     @218
  0A9D             5782         ORG     00A9DH
  0A9D CD6911      5783         CALL    PDISTZERO
  0AA0             5784         ORG     00AA0H
  0AA0 1F          5785         RAR
  0AA1             5786         ORG     00AA1H
  0AA1 D20000      5787         JNC     @219
  0AA4             5788         ORG     00AA4H
  0AA4 CD9717      5789         CALL    PREADCHAR
  0AA7             5790         ORG     00AA7H
  0AA7 FE1A        5791         CPI     1AH
  0AA9             5792         ORG     00AA9H
  0AA9 C20000      5793         JNZ     @220
  0AAC             5794         ORG     00AACH
  0AAC C3E101      5795         JMP     PRESET
  0AAF             5796         ORG     00AAFH
  0AAF CD7D11      5797         CALL    PDISTNZERO
  0AB2             5798         ORG     00AB2H
  0AB2 1F          5799         RAR
  0AB3             5800         ORG     00AB3H
  0AB3 D20000      5801         JNC     @311
  0AB6             5802         ORG     00AB6H
  0AB6 CD0E17      5803         CALL    PWAIT
  0AB9             5804         ORG     00AB9H
  0AB9 C30000      5805         JMP     @310
  0ABC             5806         ORG     00ABCH
  0ABC C30000      5807         JMP     @221
  0ABF             5808         ORG     00ABFH
  0ABF 3AFA00      5809         LDA     PCHAR
  0AC2             5810         ORG     00AC2H
  0AC2 FE00        5811         CPI     0H
  0AC4             5812         ORG     00AC4H
  0AC4 CA0000      5813         JZ      @222
  0AC7             5814         ORG     00AC7H
  0AC7 C3CE01      5815         JMP     PBADCOM
  0ACA             5816         ORG     00ACAH
  0ACA C30000      5817         JMP     @223
  0ACD             5818         ORG     00ACDH
  0ACD C3CE01      5819         JMP     PBADCOM
  0AD0             5820         ORG     00AD0H
  0AD0 C30000      5821         JMP     @268
  0AD3             5822         ORG     00AD3H
  0AD3 FB          5823         EI
  0AD4             5824         ORG     00AD4H
  0AD4 76          5825         HLT
                   5826         END


PUBLIC SYMBOLS


ISIS-II 8080/8085 MACRO ASSEMBLER, V4.1         EDGEN    PAGE  107




EXTERNAL SYMBOLS


USER SYMBOLS
@1     A 0000    @10    A 0000    @100   A 0000    @101   A 0000    @102   A 0000    @103   A 0000    @104   A 0000    
@105   A 0000    @106   A 0000    @107   A 0000    @108   A 0000    @109   A 0000    @11    A 0000    @110   A 0000    
@111   A 0000    @112   A 0000    @113   A 0000    @114   A 0000    @115   A 0000    @116   A 0000    @117   A 0000    
@118   A 0000    @119   A 0000    @12    A 0000    @120   A 0000    @121   A 0000    @122   A 0000    @123   A 0000    
@124   A 0000    @125   A 0000    @126   A 0000    @127   A 0000    @128   A 0000    @129   A 0000    @13    A 0000    
@130   A 0000    @131   A 0000    @132   A 0000    @133   A 0000    @134   A 0000    @135   A 0000    @136   A 0000    
@137   A 0000    @138   A 0000    @139   A 0000    @14    A 0000    @140   A 0000    @141   A 0000    @142   A 0000    
@143   A 0000    @144   A 0000    @145   A 0000    @147   A 0000    @148   A 0000    @149   A 0000    @15    A 0000    
@150   A 0000    @151   A 0000    @152   A 0000    @153   A 0000    @154   A 0000    @155   A 0000    @156   A 0000    
@157   A 0000    @158   A 0000    @159   A 0000    @16    A 0000    @160   A 0000    @161   A 0000    @162   A 0000    
@163   A 0000    @164   A 0000    @165   A 0000    @166   A 0000    @167   A 0000    @168   A 0000    @169   A 0000    
@17    A 0000    @170   A 0000    @171   A 0000    @172   A 0000    @173   A 0000    @174   A 0000    @175   A 0000    
@176   A 0000    @177   A 0000    @178   A 0000    @179   A 0000    @18    A 0000    @180   A 0000    @181   A 0000    
@182   A 0000    @183   A 0000    @184   A 0000    @185   A 0000    @186   A 0000    @187   A 0000    @188   A 0000    
@189   A 0000    @19    A 0000    @190   A 0000    @191   A 0000    @192   A 0000    @193   A 0000    @194   A 0000    
@195   A 0000    @196   A 0000    @197   A 0000    @198   A 0000    @199   A 0000    @2     A 0000    @20    A 0000    
@200   A 0000    @201   A 0000    @202   A 0000    @203   A 0000    @204   A 0000    @205   A 0000    @206   A 0000    
@207   A 0000    @208   A 0000    @209   A 0000    @21    A 0000    @210   A 0000    @211   A 0000    @212   A 0000    
@213   A 0000    @214   A 0000    @215   A 0000    @216   A 0000    @217   A 0000    @218   A 0000    @219   A 0000    
@22    A 0000    @220   A 0000    @221   A 0000    @222   A 0000    @223   A 0000    @224   A 0000    @225   A 0000    
@227   A 0000    @228   A 0000    @23    A 0000    @230   A 0000    @231   A 0000    @233   A 0000    @234   A 0000    
@235   A 0000    @236   A 0000    @237   A 0000    @238   A 0000    @239   A 0000    @24    A 0000    @240   A 0000    
@241   A 0000    @242   A 0000    @243   A 0000    @244   A 0000    @245   A 0000    @247   A 0000    @249   A 0000    
@25    A 0000    @250   A 0000    @251   A 0000    @252   A 0000    @253   A 0000    @254   A 0000    @255   A 0000    
@256   A 0000    @257   A 0000    @258   A 0000    @259   A 0000    @26    A 0000    @260   A 0000    @261   A 0000    
@262   A 0000    @263   A 0000    @264   A 0000    @266   A 0000    @267   A 0000    @268   A 0000    @27    A 0000    
@270   A 0000    @271   A 0000    @272   A 0000    @273   A 0000    @274   A 0000    @275   A 0000    @276   A 0000    
@277   A 0000    @278   A 0000    @279   A 0000    @28    A 0000    @280   A 0000    @281   A 0000    @282   A 0000    
@283   A 0000    @284   A 0000    @285   A 0000    @286   A 0000    @287   A 0000    @288   A 0000    @289   A 0000    
@29    A 0000    @290   A 0000    @291   A 0000    @292   A 0000    @293   A 0000    @294   A 0000    @295   A 0000    
@296   A 0000    @297   A 0000    @298   A 0000    @299   A 0000    @3     A 0000    @30    A 0000    @300   A 0000    
@301   A 0000    @302   A 0000    @303   A 0000    @304   A 0000    @305   A 0000    @306   A 0000    @307   A 0000    
@308   A 0000    @309   A 0000    @31    A 0000    @310   A 0000    @311   A 0000    @32    A 0000    @33    A 0000    
@34    A 0000    @35    A 0000    @36    A 0000    @37    A 0000    @38    A 0000    @39    A 0000    @4     A 0000    
@40    A 0000    @41    A 0000    @42    A 0000    @43    A 0000    @44    A 0000    @45    A 0000    @46    A 0000    
@47    A 0000    @48    A 0000    @49    A 0000    @5     A 0000    @50    A 0000    @51    A 0000    @52    A 0000    
@53    A 0000    @54    A 0000    @55    A 0000    @56    A 0000    @57    A 0000    @58    A 0000    @59    A 0000    
@6     A 0000    @60    A 0000    @61    A 0000    @62    A 0000    @63    A 0000    @64    A 0000    @65    A 0000    
@66    A 0000    @67    A 0000    @68    A 0000    @69    A 0000    @7     A 0000    @70    A 0000    @71    A 0000    
@72    A 0000    @73    A 0000    @74    A 0000    @75    A 0000    @76    A 0000    @77    A 0000    @78    A 0000    
@79    A 0000    @8     A 0000    @80    A 0000    @81    A 0000    @82    A 0000    @83    A 0000    @84    A 0000    
@85    A 0000    @86    A 0000    @87    A 0000    @88    A 0000    @89    A 0000    @9     A 0000    @90    A 0000    
@91    A 0000    @92    A 0000    @93    A 0000    @94    A 0000    @95    A 0000    @96    A 0000    @97    A 0000    
@98    A 0000    @99    A 0000    PA     A 0000    PABORT A 0BFA    PAPPHA A 173F    PB     A 01AD    PBACK  A 02B7    
PBACKS A 0A1B    PBADCO A 01CE    PBASEL A 01A3    PBDISK A 0000    PBOOT  A 0000    PBREAK A 0BA6    PBUFF  A 0000    
PBUFFL A 00CC    PC     A 0103    PCBP   A 019F    PCHAR  A 00FA    PCHKFO A 15E0    PCLEAR A 148E    PCLOSE A 0B21    
PCOLLE A 14FC    PCOLUM A 00FB    PCOMBU A 011E    PCOMLE A 011D    PCOPYR A 0003    PCRLF  A 0AD1    PCSELE A 0BC0    
PCTRAN A 13DC    PD     A 02A9    PDBUFF A 0000    PDCNT  A 010B    PDDISK A 00F8    PDECBA A 1292    PDECFR A 128A    
PDELET A 0B47    PDFCB  A 00D0    PDFUB  A 00DD    PDIGIT A 180C    PDIREC A 02B3    PDISK  A 01A0    PDISKR A 0B57    
PDISKW A 0B67    PDISTA A 02AF    PDISTN A 117D    PDISTZ A 1169    PED    A 00C0    PEDADR A 0001    PEDCOM A 00C3    
PEDJMP A 0000    PF     A 0000    PFCB   A 0000    PFERR  A 0C0F    PFILLS A 0D4D    PFIND  A 1547    PFINIS A 0EA7    


ISIS-II 8080/8085 MACRO ASSEMBLER, V4.1         EDGEN    PAGE  108


PFIRST A 02B9    PFLAG  A 0299    PFRONT A 02B5    PGETSO A 0DBC    PGRAPH A 0A7D    PHMAX  A 0004    PI     A 0101    
PINCBA A 129A    PINCFR A 127A    PINSCR A 1762    PINSER A 14B1    PJ     A 0102    PK     A 02AB    PL     A 02C1    
PLAST  A 02BB    PLINES A 01A7    PLOOPI A 02C6    PLOWER A 0F42    PM     A 02C3    PMACRO A 01B2    PMAKE  A 0B77    
PMATCH A 02D1    PMAX   A 0000    PMAXB  A 0000    PMAXLE A 011C    PMAXM  A 0002    PMEMMO A 12A2    PMEMOR A 0000    
PMI    A 029B    PMIDDL A 02C5    PMON1  A 0005    PMON2  A 0005    PMOVEF A 02C7    PMOVEL A 1336    PMOVER A 132A    
PMOVEU A 0F18    PMP    A 029A    PMT    A 029D    PN     A 01AF    PNBUF  A 00CB    PNDEST A 00F5    PNSOUR A 00F3    
PNUMBE A 181B    POPEN  A 0B0E    POVERC A 01C3    POVERF A 01D9    PPA    A 02CC    PPAGE  A 16C3    PPB    A 02CD    
PPRINT A 160C    PPUTDE A 0E4C    PPUTXF A 0E73    PQCOLU A 00FE    PRBP   A 0027    PREAD  A 0AFE    PREADB A 02A0    
PREADC A 1797    PREADF A 1130    PREADL A 139C    PREBOO A 0BE9    PRELDI A 1847    PRELLI A 01A5    PRENAM A 0B8A    
PRESET A 01E1    PRESTA A 01A7    PRESTD A 16BC    PRFCB  A 0006    PSAVED A 16B5    PSBUFF A 0000    PSCANN A 14DB    
PSCOLU A 00FC    PSCRAT A 0232    PSDISK A 00F7    PSEARC A 0B34    PSELEC A 0BC9    PSETCL A 133D    PSETDM A 0BD9    
PSETFF A 1162    PSETFI A 15D1    PSETFO A 1733    PSETLI A 1191    PSETLP A 16AE    PSETPT A 1330    PSETRD A 1122    
PSETRF A 15F1    PSETSC A 152A    PSETTY A 0C1C    PSETUP A 0C3B    PSETXD A 0D3F    PSFCB  A 0000    PSINGL A 17CD    
PSTART A 0206    PT     A 02D7    PTCBP  A 019E    PTCOLU A 00FD    PTDIST A 02B1    PTERMI A 1495    PTESTC A 1773    
PTRANS A 02A2    PTTYCH A 09F6    PTYPEL A 161A    PUCASE A 0F5A    PUPPER A 02A3    PUTRAN A 0F73    PV     A 02A7    
PWAIT  A 170E    PWBE   A 0297    PWBJ   A 0298    PWBP   A 0296    PWRHAL A 1425    PWRITE A 144E    PXBP   A 00C9    
PXBUFF A 0049    PXCLEA A 0D2A    PXFCB  A 0028    PXFCBE A 0034    PXFCBM A 0036    PXFCBR A 0048    PXFERO A 00CA    
PXP    A 029C    PZERO  A 02AA    PZEROD A 1176    PZN    A 0DB5    QP0017 A 0000    QP0029 A 0000    QP0030 A 0000    
QP0087 A 0000    QP0091 A 0000    QP0093 A 0000    QP0094 A 0000    QP0095 A 0000    QP0098 A 0000    QP0100 A 0000    
QP0101 A 0000    QP0102 A 0000    QP0103 A 0000    QP0105 A 0000    QSTACK A 0000    STACKO A FFFF    

ASSEMBLY COMPLETE,   NO ERRORS
